epoch,time_s,cycle_index,phase_fraction,phase,pulse_factor,inlet_speed_m_s,mean_inlet_velocity_m_s,mean_outlet_velocity_m_s,inlet_flow_per_depth_m2_s,outlet_flow_per_depth_m2_s,delta_p_pa,max_velocity_m_s,min_axial_velocity_m_s,backflow_percent,max_wss_pa,mean_abs_wss_pa,max_vorticity_s_1,flux_error,mach,density_variation,particle_count,particles_recycled,particle_relaxation_time_s,particle_stokes_number
0,0.003,0,0.0036,STEADY FLOW,1.0,0.3,0.30000026793062495,0.30006632080193585,0.0012000010717225,0.0012002652832077433,48.24516165074395,0.44984684498943117,0.021930909100615084,0.0,1.5548266166822813,1.538866593779226,418.0653655150464,-0.00022017604106322982,0.11687363867193837,0.003084744585325927,0,0,1.0768253968253968e-06,8.119072214077393e-06
0,0.009000000000000001,0,0.010800000000000002,STEADY FLOW,1.0,0.3,0.2999997384147566,0.3003937671908171,0.0011999989536590264,0.0012015750687632686,49.70305235120692,0.4502156134299566,0.02197735762685577,0.0,1.5548266166822804,1.5415705011869278,419.17748654040145,-0.001313430398781909,0.11696944752322105,0.0031812947947686965,0,0,1.0768253968253968e-06,8.119072214077393e-06
0,0.015000000000000001,0,0.018000000000000002,STEADY FLOW,1.0,0.3,0.29999971956217364,0.3008720378391285,0.0011999988782486946,0.001203488151356514,51.12612634131238,0.45072639104424356,0.021972900511275414,0.0,1.5548692824634671,1.5460011146089774,420.50631533612926,-0.00290773030797492,0.11710215144011814,0.0032710692865773883,0,0,1.0768253968253968e-06,8.119072214077393e-06
0,0.021,0,0.0252,STEADY FLOW,1.0,0.3,0.3000024440288672,0.30122861793795286,0.001200009776115469,0.0012049144717518115,50.97822391318672,0.45113134149212736,0.022009495122070694,0.0,1.5568685072796982,1.550160365976531,421.54683716736287,-0.004087213066063132,0.1172073606526605,0.003260879131813832,0,0,1.0768253968253968e-06,8.119072214077393e-06
0,0.027,0,0.0324,STEADY FLOW,1.0,0.3,0.3000025364766964,0.30155141256236234,0.0012000101459067856,0.0012062056502494495,49.78994478589962,0.45150841931815816,0.02201158726589082,0.0,1.5591208595243184,1.5512497804936973,422.22147325818406,-0.00516287663383224,0.11730532834562446,0.0031854538580051717,0,0,1.0768253968253968e-06,8.119072214077393e-06
0,0.033,0,0.0396,STEADY FLOW,1.0,0.3,0.3000030103891605,0.30174780352594643,0.0012000120415566421,0.0012069912141037858,47.92648470275725,0.45176116094407104,0.022012910043179255,0.0,1.5578649531156106,1.5499459502662487,422.51791246163424,-0.005815918762023833,0.11737099254621475,0.0030663044783110216,0,0,1.0768253968253968e-06,8.119072214077393e-06
0,0.039,0,0.046799999999999994,STEADY FLOW,1.0,0.3,0.3000026777193106,0.30149297400832337,0.0012000107108772425,0.0012059718960332935,46.513776712414156,0.45153152674697544,0.022013643759066864,0.0,1.5548266166822837,1.5464434707192496,421.21781666067443,-0.004967609957158909,0.11731133183173602,0.002976152931210674,0,0,1.0768253968253968e-06,8.119072214077393e-06
0,0.045,0,0.054,STEADY FLOW,1.0,0.3,0.30000265099205703,0.3012447234298224,0.0012000106039682281,0.0012049788937192895,45.178210313655256,0.4513389268956105,0.021949737555203505,0.0,1.554826616682284,1.5421281112768839,420.06152879957125,-0.004140204873717056,0.11726129292252188,0.002891043437464269,0,0,1.0768253968253968e-06,8.119072214077393e-06
0,0.051000000000000004,0,0.061200000000000004,STEADY FLOW,1.0,0.3,0.3000005168130481,0.300887495241161,0.0012000020672521925,0.0012035499809646439,44.570255628543734,0.4510603159734978,0.021850367697276097,0.0,1.5548266166822782,1.53744587490325,418.5188036921264,-0.0029565896670290335,0.11718890768162547,0.00285219726542274,0,0,1.0768253968253968e-06,8.119072214077393e-06
0,0.057,0,0.0684,STEADY FLOW,1.0,0.3,0.3000001584733268,0.30063200814660057,0.001200000633893307,0.0012025280325864023,45.471865982048314,0.45074853653644475,0.021807439404900354,0.0,1.5548266166822848,1.5352482101350953,417.65213047951255,-0.0021061644650096608,0.11710790500776579,0.0029095573343043135,0,0,1.0768253968253968e-06,8.119072214077393e-06
0,0.063,0,0.07559999999999999,STEADY FLOW,1.0,0.3,0.2999985405047435,0.30037641174422725,0.001199994162018974,0.001201505646976909,46.69864683748379,0.45042735864770006,0.021769738841474196,0.0,1.5548266166822777,1.5352021701228797,417.1084769457212,-0.0012595769261008155,0.11702446054452975,0.0029877212986266777,0,0,1.0768253968253968e-06,8.119072214077393e-06
0,0.069,0,0.0828,STEADY FLOW,1.0,0.3,0.2999998907416067,0.30052122812547566,0.001199999562966427,0.0012020849125019026,48.303803899613534,0.4505298063491965,0.0218586035661126,0.0,1.5548266166822862,1.5376826006300361,417.5997273541565,-0.0017377919124575906,0.11705107723814634,0.0030904572740086955,0,0,1.0768253968253968e-06,8.119072214077393e-06
0,0.075,0,0.09,STEADY FLOW,1.0,0.3,0.29999992949963705,0.3007632516407738,0.0011999997179985482,0.001203053006563095,49.54347103358354,0.4507547326404009,0.021915701717145162,0.0,1.5548266166822855,1.5411235575365911,418.57546840489636,-0.002544407735061458,0.11710951480279495,0.003169445056258935,0,0,1.0768253968253968e-06,8.119072214077393e-06
0,0.081,0,0.0972,STEADY FLOW,1.0,0.3,0.300001111163218,0.30115173841225035,0.001200004444652872,0.0012046069536490013,50.57811494872874,0.45114938256609194,0.021995626696812584,0.0,1.5548266166822802,1.5453262609606417,419.895994238082,-0.0038354099575530565,0.11721204786116997,0.003235514518687088,0,0,1.0768253968253968e-06,8.119072214077393e-06
0,0.08700000000000001,0,0.1044,STEADY FLOW,1.0,0.3,0.30000206898643716,0.3014418796382484,0.0012000082759457487,0.0012057675185529937,50.065419069678676,0.4514583660120486,0.02200793043466764,0.0,1.5548266166822824,1.5481342442091628,420.7163985853886,-0.004799335740169123,0.11729232411523417,0.003202930011597882,0,0,1.0768253968253968e-06,8.119072214077393e-06
0,0.093,0,0.11159999999999999,STEADY FLOW,1.0,0.3,0.30000235024805627,0.30171783644832884,0.001200009400992225,0.0012068713457933154,49.193079003572635,0.4517611669483514,0.022011861602282825,0.0,1.5559687494079182,1.5488792246306475,421.4027800876732,-0.005718242536613896,0.11737099410617256,0.003147398455290551,0,0,1.0768253968253968e-06,8.119072214077393e-06
0,0.099,0,0.1188,STEADY FLOW,1.0,0.3,0.3000025178673503,0.3017460518037883,0.0012000100714694014,0.0012069842072151532,47.70631898410785,0.4518122161373815,0.02197152453865583,0.0,1.5548266166822788,1.5474340551714543,421.2484166991895,-0.005811731010900506,0.11738425707453534,0.003052260856952538,0,0,1.0768253968253968e-06,8.119072214077393e-06
0,0.105,0,0.126,STEADY FLOW,1.0,0.3,0.30000244278149985,0.30156777384583733,0.0012000097711259994,0.0012062710953833493,46.556201754519385,0.45163837450514827,0.021889324524413854,0.0,1.5548266166822806,1.5446917531928215,420.3959711824979,-0.005217727728562425,0.11733909169361055,0.0029789331905036853,0,0,1.0768253968253968e-06,8.119072214077393e-06
0,0.111,0,0.1332,STEADY FLOW,1.0,0.3,0.30000222474541194,0.3012683805662036,0.0012000088989816478,0.0012050735222648144,45.450566442762415,0.45132698681888406,0.02179168860915533,0.0,1.5548266166822795,1.5411137309373424,419.3154451213929,-0.004220488104266969,0.11725819079959142,0.002908327688494472,0,0,1.0768253968253968e-06,8.119072214077393e-06
0,0.117,0,0.14040000000000002,STEADY FLOW,1.0,0.3,0.3000006945368306,0.30099290435657416,0.0012000027781473223,0.0012039716174262966,45.4435257636437,0.45102570082560206,0.02174079915320392,0.0,1.5548266166822833,1.5379127264872228,418.43535331187536,-0.0033073584088712258,0.11717991440239543,0.0029078405024449694,0,0,1.0768253968253968e-06,8.119072214077393e-06
0,0.123,0,0.1476,STEADY FLOW,1.0,0.3,0.3000004256947475,0.30074196730613123,0.00120000170277899,0.001202967869224525,46.102560362783656,0.4507421928524974,0.021697246526321202,0.0,1.5548266166822813,1.5365710539749287,417.7775263718463,-0.0024718018638354706,0.11710625687033017,0.0029497806086651313,0,0,1.0768253968253968e-06,8.119072214077393e-06
0,0.129,0,0.1548,STEADY FLOW,1.0,0.3,0.2999999564533394,0.3006049632070257,0.0011999998258133576,0.0012024198528281028,47.29372989528134,0.45057086519970446,0.021702331607777306,0.0,1.554826616682282,1.5370523013853807,417.5258426838786,-0.0020166894716879334,0.11706174464042336,0.003025935957214898,0,0,1.0768253968253968e-06,8.119072214077393e-06
0,0.135,0,0.162,STEADY FLOW,1.0,0.3,0.3000001307632251,0.3007251601478462,0.0012000005230529006,0.0012029006405913849,48.37265933441483,0.45067180735701934,0.021761228235150788,0.0,1.5548266166822795,1.5391085887047393,418.1869306156442,-0.0024167635619909734,0.1170879701821876,0.003094795710212761,0,0,1.0768253968253968e-06,8.119072214077393e-06
0,0.14100000000000001,0,0.16920000000000002,STEADY FLOW,1.0,0.3,0.3000001469755314,0.3009343136500777,0.0012000005879021255,0.001203737254600311,49.40342413396023,0.4508763572595489,0.0218209255015542,0.0,1.554826616682284,1.5420252351285926,419.0091571139577,-0.003113887389603597,0.11714111380576728,0.00316065576757274,0,0,1.0768253968253968e-06,8.119072214077393e-06
0,0.147,0,0.1764,STEADY FLOW,1.0,0.3,0.30000143644826316,0.3012149018293348,0.0012000057457930526,0.0012048596073173392,49.864885625775514,0.45116818960982497,0.02187245420244786,0.0,1.5548266166822768,1.5452282928519723,419.9771871128786,-0.00404486523610663,0.11721693407446283,0.0031900466740553135,0,0,1.0768253968253968e-06,8.119072214077393e-06
0,0.153,0,0.1836,STEADY FLOW,1.0,0.3,0.3000018598353663,0.3014496953262033,0.0012000074393414652,0.0012057987813048133,49.43746415146403,0.451422191696636,0.02190226055685693,0.0,1.5563664323735649,1.5470314958199716,420.641105627499,-0.0048260883836904085,0.11728292575240062,0.0031628669084329264,0,0,1.0768253968253968e-06,8.119072214077393e-06
0,0.159,0,0.1908,STEADY FLOW,1.0,0.3,0.3000025615348518,0.3016466726088214,0.001200010246139407,0.0012065866904352855,48.5809899191733,0.45164388636077324,0.02191400960198586,0.0,1.5578995938550826,1.5473109797931102,421.12954953980216,-0.005480323453100256,0.11734052371570854,0.003108209612879609,0,0,1.0768253968253968e-06,8.119072214077393e-06
0,0.165,0,0.198,STEADY FLOW,1.0,0.3,0.30000225292214794,0.30160361322657675,0.0012000090116885919,0.0012064144529063071,47.546651268936074,0.4516170472665921,0.02185678577647946,0.0,1.554826616682283,1.5459185678998995,420.76663336584716,-0.005337827595729257,0.11733355071449587,0.003042099869647208,0,0,1.0768253968253968e-06,8.119072214077393e-06
0,0.171,0,0.20520000000000002,STEADY FLOW,1.0,0.3,0.3000022454942495,0.3014632770838275,0.001200008981976998,0.00120585310833531,46.603052613348666,0.45148043516543035,0.021802706829047946,0.0,1.5548266166822788,1.5436124113331162,420.1381031304644,-0.004870068846221368,0.11729805784947475,0.0029819041035010763,0,0,1.0768253968253968e-06,8.119072214077393e-06
0,0.177,0,0.2124,STEADY FLOW,1.0,0.3,0.3000014487348325,0.3012141183570671,0.00120000579493933,0.0012048564734282684,45.87856712720125,0.4512207795294392,0.021735929863136817,0.0,1.5548266166822844,1.540697867528415,419.2509370920562,-0.004042212553801677,0.11723059733637349,0.002935655945925486,0,0,1.0768253968253968e-06,8.119072214077393e-06
0,0.183,0,0.2196,STEADY FLOW,1.0,0.3,0.30000081552288105,0.3009988755875723,0.0012000032620915243,0.0012039955023502892,46.045296567038946,0.4509863168129556,0.02169858879512159,0.0,1.5548266166822844,1.5385732546811202,418.6034273837655,-0.003326857838541953,0.11716968213575898,0.002946223122088254,0,0,1.0768253968253968e-06,8.119072214077393e-06
0,0.189,0,0.2268,STEADY FLOW,1.0,0.3,0.3000002923218967,0.30079384331153397,0.0012000011692875868,0.001203175373246136,46.60296450627405,0.45075602225384503,0.02166870111803433,0.0,1.5548266166822804,1.5377546966546605,418.0650172819035,-0.002645167387989816,0.11710984985419605,0.0029817337589534976,0,0,1.0768253968253968e-06,8.119072214077393e-06
0,0.195,0,0.234,STEADY FLOW,1.0,0.3,0.300000306505305,0.30075616828758533,0.00120000122602122,0.0012030246731503413,47.55146114675469,0.4506960419925763,0.021698043072660777,0.0,1.554826616682279,1.5384733668824637,418.12033661380076,-0.00251953670009663,0.11709426652520073,0.0030423939917034737,0,0,1.0768253968253968e-06,8.119072214077393e-06
0,0.201,0,0.24120000000000003,STEADY FLOW,1.0,0.3,0.3000003228001321,0.30085102034644085,0.0012000012912005286,0.0012034040813857635,48.40985891422149,0.4507798451601849,0.021741100773628622,0.0,1.5548266166822804,1.5402162341296606,418.6189358084838,-0.002835655436529126,0.11711603922682073,0.0030971462243183367,0,0,1.0768253968253968e-06,8.119072214077393e-06
0,0.20700000000000002,0,0.24840000000000004,STEADY FLOW,1.0,0.3,0.3000006356291195,0.30104619476271005,0.001200002542516478,0.0012041847790508402,49.21621826489265,0.4509763468145971,0.02179792604003754,0.0,1.5548266166822862,1.5426801063427642,419.35574546596877,-0.003485189727675041,0.11716709185420272,0.0031486344962454726,0,0,1.0768253968253968e-06,8.119072214077393e-06
0,0.213,0,0.2556,STEADY FLOW,1.0,0.3,0.30000144722343747,0.301245599883617,0.0012000057888937499,0.001204982399534468,49.33075793502171,0.45118749363591965,0.021833265288827175,0.0,1.5555745016272176,1.5449476436082958,420.0098065280746,-0.004147155527729547,0.11722194940756084,0.0031559814077786186,0,0,1.0768253968253968e-06,8.119072214077393e-06
0,0.219,0,0.26280000000000003,STEADY FLOW,1.0,0.3,0.30000178390648174,0.30143795056212475,0.001200007135625927,0.001205751802248499,48.97978725283264,0.45139826790277277,0.021861925759772496,0.0,1.5577606810196363,1.5461329519535805,420.5472287364319,-0.004787193719123691,0.11727671016842849,0.0031336628803089184,0,0,1.0768253968253968e-06,8.119072214077393e-06
0,0.225,0,0.26999999999999996,STEADY FLOW,1.0,0.3,0.30000209371485065,0.301542022238774,0.0012000083748594027,0.0012061680889550962,48.21501262142198,0.4515225890749813,0.021854296192052317,0.0,1.5573669505482988,1.5460318077484854,420.75382556836604,-0.005133059255869858,0.11730900975643672,0.003084778754437023,0,0,1.0768253968253968e-06,8.119072214077393e-06
0,0.231,0,0.2772,STEADY FLOW,1.0,0.3,0.3000020628290763,0.3014928485840803,0.0012000082513163052,0.0012059713943363213,47.43818098522156,0.4514854483898976,0.021815556724274623,0.0,1.5548266166822788,1.544807879847133,420.41601040286093,-0.004969251680957255,0.11729936032339781,0.00303519699021515,0,0,1.0768253968253968e-06,8.119072214077393e-06
0,0.23700000000000002,0,0.2844,STEADY FLOW,1.0,0.3,0.30000201130860826,0.3013564997493525,0.001200008045234433,0.0012054259989974102,46.66583042875612,0.4513511711051903,0.021767631542608103,0.0,1.5548266166822808,1.5428334629879454,419.85951260679826,-0.004514931199414173,0.1172644740614855,0.0029858770524939793,0,0,1.0768253968253968e-06,8.119072214077393e-06
0,0.243,0,0.29159999999999997,STEADY FLOW,1.0,0.3,0.30000125238000763,0.3011737150386443,0.0012000050095200305,0.0012046948601545772,46.30108477051782,0.4511598753753268,0.021727132057621387,0.0,1.554826616682278,1.5406201082280262,419.2199540764287,-0.003908192546981581,0.11721477397297629,0.002962600347827582,0,0,1.0768253968253968e-06,8.119072214077393e-06
0,0.249,0,0.2988,STEADY FLOW,1.0,0.3,0.30000089386846596,0.30099905417744344,0.001200003575473864,0.0012039962167097738,46.478243511731776,0.4509699849823056,0.021697393621076845,0.0,1.5548266166822817,1.539183973734688,418.70529251805976,-0.0033271911163542042,0.11716543900168905,0.002973842262233406,0,0,1.0768253968253968e-06,8.119072214077393e-06
0,0.255,0,0.306,STEADY FLOW,1.0,0.3,0.3000004697795512,0.3008586232833207,0.001200001879118205,0.0012034344931332829,47.02459050155358,0.45081019849247483,0.021685805364815142,0.0,1.5548266166822782,1.5387901412658151,418.35036080325256,-0.0028605071998725157,0.11712392525387653,0.003008719968972784,0,0,1.0768253968253968e-06,8.119072214077393e-06
0,0.261,0,0.31320000000000003,STEADY FLOW,1.0,0.3,0.30000050018760727,0.3008606323861709,0.0012000020007504292,0.0012034425295446836,47.721322989394785,0.45079763115938426,0.021713918233252506,0.0,1.5548266166822806,1.539531924789065,418.5114585451725,-0.0028671025482482743,0.11712066016496224,0.003053225998373099,0,0,1.0768253968253968e-06,8.119072214077393e-06
0,0.267,0,0.3204,STEADY FLOW,1.0,0.3,0.3000004842922253,0.3009460828085702,0.0012000019371689013,0.001203784331234281,48.42136640588851,0.45087675957146334,0.021749874872643318,0.0,1.5548266166822777,1.541041354494107,418.91598795474385,-0.003151989966202228,0.11714121832946872,0.003097911687660604,0,0,1.0768253968253968e-06,8.119072214077393e-06
0,0.273,0,0.32760000000000006,STEADY FLOW,1.0,0.3,0.3000009992433652,0.3011046972205399,0.0012000039969734609,0.0012044187888821595,48.94436219649798,0.45103900102340777,0.021791690825107585,0.0,1.554826616682285,1.543031811647149,419.5021787590128,-0.0036789810032578437,0.11718336989514797,0.0031312882689282784,0,0,1.0768253968253968e-06,8.119072214077393e-06
0,0.279,0,0.33480000000000004,STEADY FLOW,1.0,0.3,0.30000142866261215,0.30126171180103767,0.0012000057146504487,0.0012050468472041508,48.93788301393927,0.4512067841490095,0.021820447918299006,0.0,1.555565849320049,1.5446099583428814,419.99623125767135,-0.004200923789075967,0.1172269612298772,0.003130921275031673,0,0,1.0768253968253968e-06,8.119072214077393e-06
0,0.28500000000000003,0,0.342,STEADY FLOW,1.0,0.3,0.300001834755333,0.30141123091151534,0.001200007339021332,0.0012056449236460614,48.59525666824958,0.45137226049884543,0.02184092390058931,0.0,1.5570405359899597,1.545357425819556,420.4082954060146,-0.004697958455260037,0.11726995324668223,0.003109091500075989,0,0,1.0768253968253968e-06,8.119072214077393e-06
0,0.291,0,0.34919999999999995,STEADY FLOW,1.0,0.3,0.30000189013843764,0.30145482920978356,0.0012000075605537507,0.0012058193168391343,47.99201777069462,0.4514306381169959,0.02182516850193643,0.0,1.5559616024818739,1.5450622260255935,420.42924131598863,-0.00484309972405664,0.11728512019678144,0.003070536571970539,0,0,1.0768253968253968e-06,8.119072214077393e-06
0,0.297,0,0.3564,STEADY FLOW,1.0,0.3,0.300001917688527,0.3014082808586842,0.0012000076707541082,0.0012056331234347368,47.369529291799964,0.4513923814548437,0.02179671299786673,0.0,1.5548266166822793,1.5439764362873762,420.1488558823512,-0.004687847267754294,0.11727518082439509,0.0030308147938318264,0,0,1.0768253968253968e-06,8.119072214077393e-06
0,0.303,0,0.3636,STEADY FLOW,1.0,0.3,0.3000016685227196,0.3012849022540295,0.0012000066740908784,0.001205139609016118,46.790212860368,0.4512688825697832,0.021757759068752477,0.0,1.5548266166822802,1.5423092028349368,419.6657342620519,-0.0042774219811138724,0.11724309487285467,0.002993830454598667,0,0,1.0768253968253968e-06,8.119072214077393e-06
0,0.309,0,0.3708,STEADY FLOW,1.0,0.3,0.30000119437407713,0.30114543404631405,0.0012000047774963086,0.0012045817361852563,46.633291359076864,0.45112190400931346,0.021728808411183364,0.0,1.554826616682284,1.5407022846723368,419.1974065877192,-0.0038141170558478404,0.11720490872270112,0.002983788164452994,0,0,1.0768253968253968e-06,8.119072214077393e-06
0,0.315,0,0.378,STEADY FLOW,1.0,0.3,0.3000008707180698,0.3010037192369838,0.0012000034828722793,0.0012040148769479353,46.81219417815891,0.4509672592466058,0.0217052039239728,0.0,1.5548266166822808,1.5397268624081286,418.78570435321717,-0.0033428186942045706,0.11716473083478103,0.002995156107282071,0,0,1.0768253968253968e-06,8.119072214077393e-06
0,0.321,0,0.38520000000000004,STEADY FLOW,1.0,0.3,0.3000006716683973,0.3009233458266648,0.0012000026866735892,0.0012036933833066592,47.29088305228677,0.4508723850808763,0.0217070689377002,0.0,1.5548266166822857,1.539628142274254,418.61458672758454,-0.0030755736416730128,0.11714008180347564,0.0030257456441524777,0,0,1.0768253968253968e-06,8.119072214077393e-06
0,0.327,0,0.3924,STEADY FLOW,1.0,0.3,0.3000006369895617,0.3009372501912269,0.0012000025479582468,0.0012037490007649077,47.836168824784075,0.45087634706440294,0.02172886966327308,0.0,1.5548266166822828,1.540332457320629,418.78051723866395,-0.0031220373765332055,0.11714111115699066,0.003060549140285085,0,0,1.0768253968253968e-06,8.119072214077393e-06
0,0.333,0,0.39960000000000007,STEADY FLOW,1.0,0.3,0.30000070132040646,0.3010217356313801,0.0012000028052816258,0.0012040869425255206,48.397663873191,0.45095766172365165,0.02176089281904627,0.0,1.5548266166822808,1.5416442010565004,419.14401935715307,-0.0034034397469064766,0.11716223732517352,0.003096398267466771,0,0,1.0768253968253968e-06,8.119072214077393e-06
0,0.339,0,0.4068,STEADY FLOW,1.0,0.3,0.30000114002512246,0.3011429167819099,0.0012000045601004898,0.0012045716671276396,48.69169532682749,0.4510829867977282,0.02178976018119509,0.0,1.5548266166822793,1.5431675082703789,419.57851999497353,-0.0038059080598554537,0.11719479773453792,0.0031151737764261167,0,0,1.0768253968253968e-06,8.119072214077393e-06
0,0.34500000000000003,0,0.41400000000000003,STEADY FLOW,1.0,0.3,0.30000142728150414,0.30127031777480057,0.0012000057091260167,0.0012050812710992023,48.64246861474322,0.4512199947117022,0.02181320289140304,0.0,1.555225883016809,1.544273076529938,419.9692103019745,-0.004229614854817951,0.11723039343474424,0.003112074927753339,0,0,1.0768253968253968e-06,8.119072214077393e-06
0,0.35100000000000003,0,0.4212,STEADY FLOW,1.0,0.3,0.3000017095115334,0.3013720054264976,0.0012000068380461336,0.0012054880217059905,48.30775430547221,0.45133456999684135,0.021822147466242035,0.0,1.5558665508612202,1.5446855124634467,420.23547381416535,-0.004567627021843839,0.11726016096701716,0.003090705394184212,0,0,1.0768253968253968e-06,8.119072214077393e-06
0,0.357,0,0.4284,STEADY FLOW,1.0,0.3,0.3000017611134936,0.30138796106605803,0.0012000070444539743,0.0012055518442642321,47.84041886581126,0.4513610621042165,0.021807331638448495,0.0,1.554834848800558,1.5443218247393622,420.1843872033287,-0.0046206393836469,0.11726704381841313,0.0030608623199732676,0,0,1.0768253968253968e-06,8.119072214077393e-06
0,0.363,0,0.4356,STEADY FLOW,1.0,0.3,0.300001780450467,0.3013388524697268,0.001200007121801868,0.0012053554098789073,47.33324525243649,0.4513172640379763,0.021782771576006894,0.0,1.554826616682285,1.5433527409319034,419.93358401204347,-0.004456880280017449,0.11725566474701295,0.0030284851241213495,0,0,1.0768253968253968e-06,8.119072214077393e-06
0,0.369,0,0.44279999999999997,STEADY FLOW,1.0,0.3,0.30000146284573526,0.30123850018024284,0.001200005851382941,0.0012049540007209713,46.950839917612385,0.4512155441562626,0.021754511585809735,0.0,1.5548266166822815,1.5420066525936584,419.551014463675,-0.0041234376751812605,0.11722923714652274,0.0030040765778547307,0,0,1.0768253968253968e-06,8.119072214077393e-06
0,0.375,0,0.45,STEADY FLOW,1.0,0.3,0.3000011710500228,0.3011267675059631,0.001200004684200091,0.0012045070700238524,46.88841818738583,0.4510970210920254,0.021731779066243878,0.0,1.5548266166822808,1.54085125757038,419.18823889764,-0.0037519735406388983,0.11719844395115361,0.003000061524840447,0,0,1.0768253968253968e-06,8.119072214077393e-06
0,0.381,0,0.45720000000000005,STEADY FLOW,1.0,0.3,0.3000008822371535,0.3010193914180169,0.001200003528948614,0.0012040775656720678,47.085208001695456,0.450978809050325,0.021716330445801915,0.0,1.5548266166822782,1.5402177583129824,418.88251627971704,-0.003395020618833698,0.11716773156180989,0.0030126028802615057,0,0,1.0768253968253968e-06,8.119072214077393e-06
0,0.387,0,0.46440000000000003,STEADY FLOW,1.0,0.3,0.30000079097151783,0.3009770437195148,0.0012000031638860714,0.0012039081748780591,47.469904851006824,0.4509258599329175,0.021723125865851407,0.0,1.5548266166822857,1.5402825812707976,418.82593235052565,-0.0032541672468110808,0.11715397497757501,0.0030371785309173394,0,0,1.0768253968253968e-06,8.119072214077393e-06
0,0.393,0,0.47159999999999996,STEADY FLOW,1.0,0.3,0.300000744383023,0.3009972557518906,0.0012000029775320919,0.0012039890230075626,47.91206140127562,0.45093928355098456,0.021741035233037196,0.0,1.5548266166822802,1.5409412602074566,418.9806816140795,-0.003321696320844181,0.11715746253585206,0.0030654001752696836,0,0,1.0768253968253968e-06,8.119072214077393e-06
0,0.399,0,0.4788,STEADY FLOW,1.0,0.3,0.30000091374416227,0.30107316558453046,0.0012000036549766491,0.0012042926623381219,48.32623386329695,0.4510140497434941,0.021766627888951045,0.0,1.554826616682279,1.5420517733707988,419.291556760349,-0.0035741619149952694,0.1171768873624693,0.0030918385203981824,0,0,1.0768253968253968e-06,8.119072214077393e-06
0,0.405,0,0.48600000000000004,STEADY FLOW,1.0,0.3,0.3000012042134023,0.30116907701015655,0.0012000048168536092,0.0012046763080406262,48.48535211128191,0.4511141356390975,0.021788401893997337,0.0,1.5548266166822788,1.5431836822439604,419.6227290815354,-0.003892893696264824,0.11720289044091523,0.0031020134491572815,0,0,1.0768253968253968e-06,8.119072214077393e-06
0,0.41100000000000003,0,0.4932,STEADY FLOW,1.0,0.3,0.3000014586734955,0.30127101759574026,0.001200005834693982,0.001205084070382961,48.40487367401474,0.45122451003359026,0.02180629895943002,0.0,1.55482661668228,1.5439512650788618,419.9294740192613,-0.004231842497894245,0.11723156654978262,0.0030969062142645054,0,0,1.0768253968253968e-06,8.119072214077393e-06
0,0.41700000000000004,0,0.5004000000000001,STEADY FLOW,1.0,0.3,0.3000016081447029,0.3013335080884746,0.0012000064325788115,0.0012053340323538984,48.111497990056066,0.45129690342160633,0.021807388616829897,0.0,1.554867729633334,1.544137620917287,420.07347686907093,-0.004439642680612644,0.11725037490370903,0.0030781646997550816,0,0,1.0768253968253968e-06,8.119072214077393e-06
0,0.423,0,0.5075999999999999,STEADY FLOW,1.0,0.3,0.3000016672254479,0.3013363828175185,0.0012000066689017916,0.001205345531270074,47.73563836136331,0.4513072756858661,0.021794970549483355,0.0,1.5548266166822864,1.5437524595161625,420.001841819279,-0.0044490272484638835,0.11725306969701214,0.003054173935260751,0,0,1.0768253968253968e-06,8.119072214077393e-06
0,0.429,0,0.5147999999999999,STEADY FLOW,1.0,0.3,0.30000161651865154,0.3012864043144409,0.0012000064660746062,0.0012051456172577637,47.335354036818714,0.45126035815118837,0.021773834501029873,0.0,1.5548266166822793,1.542897544018691,419.7729260837388,-0.004282602909606322,0.11724088016393798,0.0030286199505147327,0,0,1.0768253968253968e-06,8.119072214077393e-06
0,0.435,0,0.522,STEADY FLOW,1.0,0.3,0.30000135921547405,0.30120657609165113,0.0012000054368618961,0.0012048263043666046,47.100768032450674,0.45117857636754616,0.021753131907313733,0.0,1.5548266166822857,1.541854792973147,419.47903233220615,-0.004017371385679144,0.1172196326332777,0.0030136380423588793,0,0,1.0768253968253968e-06,8.119072214077393e-06
0,0.441,0,0.5292,STEADY FLOW,1.0,0.3,0.3000011396134241,0.30111566398242,0.0012000045584536964,0.00120446265592968,47.089003410617885,0.45108151260567725,0.021735092015205373,0.0,1.554826616682283,1.5410251090832887,419.19122456344786,-0.0037150671175184176,0.11719441472820807,0.003012859489732511,0,0,1.0768253968253968e-06,8.119072214077393e-06
0,0.447,0,0.5364,STEADY FLOW,1.0,0.3,0.3000009465615646,0.30104168747933835,0.0012000037862462585,0.0012041667499173535,47.28544685779933,0.4509988216504685,0.021727524423942282,0.0,1.5548266166822788,1.540644420748838,418.99087917489925,-0.0034691254467765467,0.11717293098784591,0.0030254005019434427,0,0,1.0768253968253968e-06,8.119072214077393e-06
0,0.453,0,0.5436,STEADY FLOW,1.0,0.3,0.3000008734619448,0.30101975018976423,0.0012000034938477793,0.001204079000759057,47.595262083770194,0.45096917242899454,0.02173476114163142,0.0,1.5548266166822842,1.5407933542555365,418.98779217851586,-0.0033962458710929803,0.11716522789414621,0.0030451806727453956,0,0,1.0768253968253968e-06,8.119072214077393e-06
0,0.459,0,0.5508000000000001,STEADY FLOW,1.0,0.3,0.30000085531294274,0.30104569394229264,0.001200003421251771,0.0012041827757691705,47.95494208698313,0.45099066990787257,0.021750703230747393,0.0,1.5548266166822813,1.5414015813885944,419.1374968188621,-0.0034827855015946794,0.11717081310299393,0.003068141907356381,0,0,1.0768253968253968e-06,8.119072214077393e-06
0,0.465,0,0.558,STEADY FLOW,1.0,0.3,0.30000104417848533,0.30110876750774274,0.0012000041767139414,0.001204435070030971,48.2357775972069,0.4510537611644482,0.02176984348377405,0.0,1.5548266166822848,1.5423032539645547,419.3864956967852,-0.0036923982457820995,0.11718720469227929,0.0030860700239065952,0,0,1.0768253968253968e-06,8.119072214077393e-06
0,0.47100000000000003,0,0.5652,STEADY FLOW,1.0,0.3,0.3000012436720798,0.30118683036251215,0.0012000049746883192,0.0012047473214500486,48.32068308709138,0.4511358710185237,0.021787019549245345,0.0,1.5548266166822795,1.5431372416921088,419.64749974244603,-0.0039519392517193596,0.11720853745813839,0.003091510020514443,0,0,1.0768253968253968e-06,8.119072214077393e-06
0,0.47700000000000004,0,0.5724,STEADY FLOW,1.0,0.3,0.30000144540297186,0.3012633237317104,0.0012000057816118875,0.0012050532949268416,48.216652539923054,0.4512195060993505,0.02179864071669488,0.0,1.5548266166822784,1.5436502854952607,419.8719078261653,-0.004206240830085152,0.1172302664895315,0.0030848803942407077,0,0,1.0768253968253968e-06,8.119072214077393e-06
0,0.483,0,0.5795999999999999,STEADY FLOW,1.0,0.3,0.3000015387434416,0.3013006039245041,0.0012000061549737664,0.0012052024156980164,47.97327371504038,0.45126421912485315,0.0217964929746015,0.0,1.5548266166822788,1.5436999460291174,419.9400875620718,-0.00433019506001079,0.11724188327432108,0.003069337876381306,0,0,1.0768253968253968e-06,8.119072214077393e-06
0,0.489,0,0.5868,STEADY FLOW,1.0,0.3,0.30000158762676377,0.30129470767477806,0.001200006350507055,0.0012051788306991123,47.664905731148146,0.4512635690824086,0.021785422773774293,0.0,1.5548266166822806,1.5433140232965172,419.85968876718033,-0.004310377349146255,0.11724171438833991,0.0030496539171807058,0,0,1.0768253968253968e-06,8.119072214077393e-06
0,0.495,0,0.594,STEADY FLOW,1.0,0.3,0.3000014828647052,0.30124917963669434,0.0012000059314588207,0.0012049967185467775,47.37001327286095,0.4512195881645643,0.021768633349615624,0.0,1.554826616682278,1.5425851457196509,419.663444092091,-0.004158968682671005,0.11723028781069947,0.0030308298801857703,0,0,1.0768253968253968e-06,8.119072214077393e-06
0,0.501,0,0.6012000000000001,STEADY FLOW,1.0,0.3,0.3000013011890237,0.30118423056624644,0.0012000052047560948,0.0012047369222649858,47.22765451644006,0.451152408271795,0.0217526410025772,0.0,1.554826616682278,1.5417944479070531,419.43292514408404,-0.003943080821764225,0.11721283396257093,0.003021730194357808,0,0,1.0768253968253968e-06,8.119072214077393e-06
0,0.507,0,0.6083999999999999,STEADY FLOW,1.0,0.3,0.30000111670378204,0.3011121541958154,0.0012000044668151282,0.0012044486167832615,47.25259504198506,0.45107487561314275,0.021739293168793607,0.0,1.5548266166822848,1.5412078532257045,419.20954880230204,-0.003703444521276121,0.11719269038696621,0.0030233050027159702,0,0,1.0768253968253968e-06,8.119072214077393e-06
0,0.513,0,0.6156,STEADY FLOW,1.0,0.3,0.30000099904862054,0.3010639985359812,0.0012000039961944822,0.0012042559941439247,47.42868327231462,0.45101994369582893,0.02173671054177017,0.0,1.5548266166822788,1.5409988457782462,419.09080016338805,-0.003543319824706185,0.11717841865620451,0.0030345503529125573,0,0,1.0768253968253968e-06,8.119072214077393e-06
0,0.519,0,0.6228,STEADY FLOW,1.0,0.3,0.3000009366195906,0.3010541048005941,0.0012000037464783625,0.0012042164192023763,47.68366355019191,0.45100446500805863,0.021743545759735028,0.0,1.5548266166822842,1.5411925145128766,419.1127927770251,-0.003510549643179749,0.11717439717515661,0.0030508259935257964,0,0,1.0768253968253968e-06,8.119072214077393e-06
0,0.525,0,0.6300000000000001,STEADY FLOW,1.0,0.3,0.3000009678336887,0.30108209105246353,0.0012000038713347548,0.001204328364209854,47.96526458635162,0.4510297031604723,0.021757150825890394,0.0,1.5548266166822855,1.5417387465539165,419.2523606202154,-0.003603732436537306,0.11718095423949704,0.0030688021160294454,0,0,1.0768253968253968e-06,8.119072214077393e-06
0,0.531,0,0.6372,STEADY FLOW,1.0,0.3,0.30000112044107213,0.30113404163215174,0.0012000044817642886,0.001204536166528607,48.14858855327235,0.4510823322546989,0.021771749292018562,0.0,1.554826616682277,1.5424472970890273,419.44948726366283,-0.0037763898661909464,0.11719462767927057,0.0030805104586499876,0,0,1.0768253968253968e-06,8.119072214077393e-06
0,0.537,0,0.6444,STEADY FLOW,1.0,0.3,0.30000127937171983,0.3011976961288291,0.0012000051174868792,0.0012047907845153163,48.18623438241356,0.45114979793456345,0.02178517622564502,0.0,1.5548266166822804,1.543057457225025,419.65690466853704,-0.003988038849750252,0.11721215577706447,0.003082930558597319,0,0,1.0768253968253968e-06,8.119072214077393e-06
0,0.543,0,0.6516000000000001,STEADY FLOW,1.0,0.3,0.3000014155329364,0.30125146007845355,0.0012000056621317456,0.0012050058403138143,48.07665391109677,0.45120936868079303,0.021791537626215295,0.0,1.5548266166822866,1.5433842784063498,419.80750867497886,-0.004166795490936194,0.11722763271093162,0.0030759362416448166,0,0,1.0768253968253968e-06,8.119072214077393e-06
0,0.549,0,0.6588,STEADY FLOW,1.0,0.3,0.3000014874945348,0.30127346903599306,0.0012000059499781392,0.0012050938761439722,47.874159922471534,0.45123690902956964,0.02178839942140427,0.0,1.5548266166822855,1.5433518255857408,419.8343770853824,-0.004239917448680632,0.1172347879034325,0.0030630096803672124,0,0,1.0768253968253968e-06,8.119072214077393e-06
0,0.555,0,0.666,STEADY FLOW,1.0,0.3,0.30000150539584797,0.3012615517903023,0.001200006021583392,0.0012050462071612092,47.62354259949114,0.4512285378114517,0.021778364329317984,0.0,1.5548266166822866,1.5429804194739642,419.7493999649068,-0.004200133571968924,0.11723261299716728,0.0030470113719827108,0,0,1.0768253968253968e-06,8.119072214077393e-06
0,0.561,0,0.6732,STEADY FLOW,1.0,0.3,0.3000013957962474,0.3012224587249111,0.0012000055831849897,0.0012048898348996444,47.41788425793968,0.4511900362732289,0.021765419024912785,0.0,1.5548266166822806,1.5423824849229666,419.588761933054,-0.004070190825022093,0.11722261000411156,0.0030338814251047452,0,0,1.0768253968253968e-06,8.119072214077393e-06
0,0.5670000000000001,0,0.6804000000000001,STEADY FLOW,1.0,0.3,0.30000125997062765,0.3011688413389455,0.0012000050398825106,0.001204675365355782,47.333013525021435,0.4511340851851672,0.021752774063025306,0.0,1.5548266166822833,1.5417884982188863,419.40446546025345,-0.003891921548703376,0.11720807348502234,0.003028450637554192,0,0,1.0768253968253968e-06,8.119072214077393e-06
0,0.5730000000000001,0,0.6876000000000001,STEADY FLOW,1.0,0.3,0.3000011202625845,0.301114708069672,0.0012000044810503382,0.001204458832278688,47.38097918921235,0.4510752937454053,0.02174399007503561,0.0,1.5548266166822826,1.541386038394855,419.24124593624157,-0.0037119454957793415,0.11719279902091466,0.003031505847860938,0,0,1.0768253968253968e-06,8.119072214077393e-06
0,0.5790000000000001,0,0.6948000000000001,STEADY FLOW,1.0,0.3,0.3000010384590609,0.3010838085798989,0.0012000041538362436,0.0012043352343195956,47.53258841884102,0.45103921495569105,0.021743809663366923,0.0,1.5548266166822857,1.5412881034125794,419.1748047953659,-0.0036092212426983824,0.11718342547638556,0.0030411852881282453,0,0,1.0768253968253968e-06,8.119072214077393e-06
0,0.585,0,0.702,STEADY FLOW,1.0,0.3,0.3000009944809822,0.30108228551306176,0.001200003977923929,0.001204329142052247,47.74399494239865,0.45103371829358935,0.021750392356388044,0.0,1.5548266166822817,1.5415033568799348,419.21175509349246,-0.003604291492267266,0.11718199740168071,0.0030546800013835362,0,0,1.0768253968253968e-06,8.119072214077393e-06
0,0.591,0,0.7091999999999999,STEADY FLOW,1.0,0.3,0.3000010543838328,0.30110877398896496,0.001200004217535331,0.0012044350959558598,47.95295647928038,0.45105861692254057,0.021761331049100812,0.0,1.5548266166822837,1.541974674928783,419.333408606446,-0.0036923857064680454,0.11718846625523809,0.0030680190335361512,0,0,1.0768253968253968e-06,8.119072214077393e-06
0,0.597,0,0.7163999999999999,STEADY FLOW,1.0,0.3,0.3000011690536212,0.3011520915853195,0.0012000046762144848,0.001204608366341278,48.07172712762282,0.45110299670105564,0.02177281912103485,0.0,1.5548266166822788,1.5425217163557894,419.4916139486145,-0.003836393489162018,0.11719999645992057,0.0030756091060553103,0,0,1.0768253968253968e-06,8.119072214077393e-06
0,0.603,0,0.7235999999999999,STEADY FLOW,1.0,0.3,0.3000012978540515,0.3012023960268413,0.001200005191416206,0.0012048095841073652,48.07616982422722,0.4511567513139442,0.021782638028990366,0.0,1.5548266166822833,1.5429604058759878,419.6517601655786,-0.004003643255483839,0.11721396231802021,0.0030759028224991436,0,0,1.0768253968253968e-06,8.119072214077393e-06
0,0.609,0,0.7308,STEADY FLOW,1.0,0.3,0.30000138925570424,0.3012389473267031,0.001200005557022817,0.0012049557893068124,47.97343335251633,0.45119789158936696,0.021785678566146986,0.0,1.55482661668228,1.5431581572030082,419.7471509228944,-0.004125174466922176,0.11722465087511065,0.0030693438809272777,0,0,1.0768253968253968e-06,8.119072214077393e-06
0,0.615,0,0.738,STEADY FLOW,1.0,0.3,0.3000014453560829,0.30125088526657207,0.0012000057814243318,0.0012050035410662882,47.8031802499172,0.4512139045773348,0.02178213380270256,0.0,1.5548266166822857,1.5430756775592003,419.7499796933402,-0.004164779636331924,0.11722881117142184,0.003058476553986944,0,0,1.0768253968253968e-06,8.119072214077393e-06
0,0.621,0,0.7452000000000001,STEADY FLOW,1.0,0.3,0.3000014305499108,0.301236347575235,0.0012000057221996433,0.00120494539030094,47.607144064687155,0.45120167441906806,0.021773531017563488,0.0,1.5548266166822862,1.5427341960567549,419.66785643447724,-0.004116370455502745,0.11722563368309646,0.0030459629444312686,0,0,1.0768253968253968e-06,8.119072214077393e-06
0,0.627,0,0.7524,STEADY FLOW,1.0,0.3,0.3000013398820994,0.3012030586525102,0.0012000053595283978,0.0012048122346100408,47.46688382396221,0.4511683718575231,0.021763377609268962,0.0,1.5548266166822788,1.5422570303968237,419.537189600729,-0.004005711344099427,0.11721698142380374,0.0030370050868298026,0,0,1.0768253968253968e-06,8.119072214077393e-06
0,0.633,0,0.7596,STEADY FLOW,1.0,0.3,0.3000012293650471,0.3011592099677217,0.0012000049174601883,0.0012046368398708868,47.42142520157667,0.4511222267493005,0.02175359139825232,0.0,1.5548266166822806,1.5418156298095982,419.3904230766701,-0.003859919524748179,0.11720499257300943,0.00303409289394474,0,0,1.0768253968253968e-06,8.119072214077393e-06
0,0.639,0,0.7668,STEADY FLOW,1.0,0.3,0.30000113191458505,0.30112034064626286,0.0012000045276583402,0.0012044813625850515,47.478332574169436,0.45107952283347486,0.021748350168872065,0.0,1.5548266166822857,1.541548245486654,419.2779908894341,-0.00373068169621596,0.1171938977702256,0.0030377239465302353,0,0,1.0768253968253968e-06,8.119072214077393e-06
0,0.645,0,0.7739999999999999,STEADY FLOW,1.0,0.3,0.30000106956828243,0.30110082470386157,0.0012000042782731298,0.0012044032988154463,47.60852903977696,0.45105608681462755,0.02174931336109079,0.0,1.5548266166822795,1.541522412834225,419.2434689802813,-0.0036658373823858213,0.11718780891391997,0.003046034431416933,0,0,1.0768253968253968e-06,8.119072214077393e-06
0,0.651,0,0.7812,STEADY FLOW,1.0,0.3,0.30000105169701907,0.30110470181385995,0.0012000042067880764,0.0012044188072554399,47.780607807465486,0.45105720952511397,0.021755428695728725,0.0,1.5548266166822788,1.5417415093437288,419.28835983613305,-0.0036788208261199513,0.11718810060266067,0.0030570186898468688,0,0,1.0768253968253968e-06,8.119072214077393e-06
0,0.657,0,0.7884,STEADY FLOW,1.0,0.3,0.3000011137311672,0.3011284262703947,0.0012000044549246689,0.0012045137050815788,47.930102552476725,0.4510801153597995,0.021764105716425477,0.0,1.5548266166822813,1.542133604103607,419.3906619721097,-0.003757694513886783,0.11719405171308045,0.0030665632891790917,0,0,1.0768253968253968e-06,8.119072214077393e-06
0,0.663,0,0.7956000000000001,STEADY FLOW,1.0,0.3,0.3000012047573689,0.30116465749693366,0.0012000048190294757,0.0012046586299877347,48.005268408524394,0.4511176130265866,0.021773211300334112,0.0,1.5548266166822793,1.5425513219438884,419.5186667867675,-0.0038781602244089613,0.11720379389268652,0.003071369845617955,0,0,1.0768253968253968e-06,8.119072214077393e-06
0,0.669,0,0.8028000000000001,STEADY FLOW,1.0,0.3,0.3000013012383621,0.301202710396024,0.0012000052049534484,0.001204810841584096,47.989309974391894,0.4511586562948706,0.02177982542307957,0.0,1.5548266166822775,1.5428593563981532,419.6364352003285,-0.004004679822062785,0.11721445724658301,0.003070355510859102,0,0,1.0768253968253968e-06,8.119072214077393e-06
0,0.675,0,0.81,STEADY FLOW,1.0,0.3,0.3000013678072805,0.3012272772203367,0.001200005471229122,0.001204909108881347,47.896897455682456,0.451186792121814,0.02178102443758112,0.0,1.5548266166822862,1.5429695254388214,419.6949220134608,-0.004086346079074359,0.11722176714884985,0.0030644567517945642,0,0,1.0768253968253968e-06,8.119072214077393e-06
0,0.681,0,0.8172,STEADY FLOW,1.0,0.3,0.3000014049209883,0.3012321904664128,0.0012000056196839533,0.0012049287618656512,47.75429566381817,0.4511946544787744,0.021777295596311377,0.0,1.5548266166822793,1.5428583964005402,419.6824684917349,-0.004102599271988942,0.11722380984910825,0.0030553543524107774,0,0,1.0768253968253968e-06,8.119072214077393e-06
0,0.687,0,0.8244000000000001,STEADY FLOW,1.0,0.3,0.300001373495721,0.30121742397227946,0.001200005493982884,0.001204869695889118,47.60713910826799,0.4511813273593922,0.02177023479911195,0.0,1.5548266166822828,1.542558550650426,419.60868971637166,-0.004053483030389546,0.11722034736192499,0.003045960485237531,0,0,1.0768253968253968e-06,8.119072214077393e-06
0,0.6930000000000001,0,0.8316,STEADY FLOW,1.0,0.3,0.3000013011903538,0.3011889995559225,0.0012000052047614152,0.00120475599822369,47.5124164282965,0.45115250585950667,0.021762129752321436,0.0,1.5548266166822866,1.5421840092788621,419.5016741379682,-0.003958977380618446,0.11721285931660216,0.0030399082906102937,0,0,1.0768253968253968e-06,8.119072214077393e-06
0,0.6990000000000001,0,0.8388000000000001,STEADY FLOW,1.0,0.3,0.30000121316327216,0.3011542759739209,0.0012000048526530887,0.0012046171038956838,47.494260167689816,0.4511156481249996,0.021754974912628466,0.0,1.5548266166822795,1.5418615601390604,419.3883029222851,-0.003843527159409299,0.11720328339627945,0.0030387431711262902,0,0,1.0768253968253968e-06,8.119072214077393e-06
0,0.7050000000000001,0,0.8460000000000001,STEADY FLOW,1.0,0.3,0.3000011438071846,0.3011269732784831,0.0012000045752287385,0.0012045078931139325,47.5517497817423,0.45108526636867513,0.021752033854817686,0.0,1.5548266166822813,1.5416900238168163,419.31360065381006,-0.0037527505962513183,0.11719538998444287,0.0030424122486487626,0,0,1.0768253968253968e-06,8.119072214077393e-06
0,0.711,0,0.8532,STEADY FLOW,1.0,0.3,0.30000109729183383,0.30111539054005193,0.0012000043891673353,0.0012044615621602077,47.66354761793402,0.45107075334350577,0.021753658214732973,0.0,1.5548266166822833,1.541710969456865,419.2996452353054,-0.00371429724183349,0.11719161938989815,0.0030495480498089478,0,0,1.0768253968253968e-06,8.119072214077393e-06
0,0.717,0,0.8603999999999999,STEADY FLOW,1.0,0.3,0.30000110099816313,0.3011220229647436,0.0012000044039926524,0.0012044880918589745,47.79874068744654,0.45107552666267076,0.02175899567289826,0.0,1.5548266166822815,1.5419191060610986,419.34584747240916,-0.003736392842729372,0.11719285953459532,0.003058177668149975,0,0,1.0768253968253968e-06,8.119072214077393e-06
0,0.723,0,0.8675999999999999,STEADY FLOW,1.0,0.3,0.30000115447981907,0.30114295622530973,0.0012000046179192763,0.0012045718249012389,47.90399303927105,0.45109615664142527,0.02176595809931075,0.0,1.5548266166822855,1.5422371396220265,419.4312788813818,-0.0038059911718354477,0.11719821936029959,0.0030648995053208505,0,0,1.0768253968253968e-06,8.119072214077393e-06
0,0.729,0,0.8748,STEADY FLOW,1.0,0.3,0.3000012291981862,0.3011727341960841,0.001200004916792745,0.0012046909367843363,47.94827295512042,0.45112726492237376,0.021772978750124912,0.0,1.5548266166822833,1.5425519867087456,419.53358251571154,-0.0039050006595938653,0.11720630152877043,0.003067732416757618,0,0,1.0768253968253968e-06,8.119072214077393e-06
0,0.735,0,0.882,STEADY FLOW,1.0,0.3,0.3000012989024846,0.30120061332881926,0.0012000051956099385,0.001204802453315277,47.922197918840254,0.4511576457882408,0.021777183401939695,0.0,1.5548266166822775,1.542763223383541,419.6167025032437,-0.003997697445718358,0.1172141947092594,0.00306606972371104,0,0,1.0768253968253968e-06,8.119072214077393e-06
0,0.741,0,0.8892,STEADY FLOW,1.0,0.3,0.30000134937422895,0.3012168025954252,0.0012000053974969159,0.0012048672103817009,47.84009064658031,0.4511765778757031,0.02177731003805929,0.0,1.5548266166822857,1.5428138789755954,419.65086035451117,-0.004051492514055468,0.11721911340986607,0.0030608293146998644,0,0,1.0768253968253968e-06,8.119072214077393e-06
0,0.747,0,0.8964,STEADY FLOW,1.0,0.3,0.300001366606699,0.30121718820308524,0.0012000054664267961,0.001204868752812341,47.72346946306019,0.4511790538747977,0.021773711345652015,0.0,1.5548266166822793,1.5426905527325914,419.6298500803284,-0.004052720193038864,0.11721975669330079,0.0030533853968757185,0,0,1.0768253968253968e-06,8.119072214077393e-06
0,0.753,0,0.9036000000000001,STEADY FLOW,1.0,0.3,0.30000133272403995,0.30120320631537767,0.0012000053308961597,0.0012048128252615108,47.61583966461282,0.4511659098165205,0.02176796189583241,0.0,1.5548266166822808,1.542436724072984,419.56579905971836,-0.00400622750714019,0.11721634176678773,0.003046513628553349,0,0,1.0768253968253968e-06,8.119072214077393e-06
0,0.759,0,0.9108,STEADY FLOW,1.0,0.3,0.3000012729311199,0.3011791148527926,0.0012000050917244797,0.0012047164594111703,47.55345792543424,0.45114119435090916,0.02176151996000716,0.0,1.5548266166822788,1.5421464824179958,419.4782537851511,-0.003926123079961414,0.117209920500462,0.003042526247827748,0,0,1.0768253968253968e-06,8.119072214077393e-06
0,0.765,0,0.9179999999999999,STEADY FLOW,1.0,0.3,0.30000120649922013,0.3011525680874766,0.0012000048259968804,0.0012046102723499064,47.55247050533969,0.4511127597395056,0.0217565783864199,0.0,1.5548266166822817,1.5419154129012134,419.39400416081475,-0.0038378565262852573,0.11720253297171532,0.003042460194679908,0,0,1.0768253968253968e-06,8.119072214077393e-06
0,0.771,0,0.9252,STEADY FLOW,1.0,0.3,0.3000011547055074,0.30113362077005335,0.0012000046188220298,0.0012045344830802134,47.6071676257112,0.4510913793018121,0.021755053367786596,0.0,1.554826616682282,1.541811166367761,419.3455447385967,-0.0037748723522666484,0.11719697817105935,0.00304595082003023,0,0,1.0768253968253968e-06,8.119072214077393e-06
0,0.777,0,0.9324,STEADY FLOW,1.0,0.3,0.30000112441603494,0.30112759038743736,0.0012000044976641397,0.0012045103615497496,47.70186510507185,0.45108319446771306,0.021757019929768764,0.0,1.554826616682279,1.5418608743481965,419.3450207524294,-0.0037548724978785195,0.11719485168878269,0.003051995126631679,0,0,1.0768253968253968e-06,8.119072214077393e-06
0,0.783,0,0.9396000000000001,STEADY FLOW,1.0,0.3,0.3000011388929927,0.3011352877993516,0.0012000045555719708,0.0012045411511974065,47.804716807698924,0.4510896753528895,0.021761516951427425,0.0,1.5548266166822782,1.5420480808153303,419.3884883356269,-0.0037804820026482774,0.11719653547214325,0.003058560787672304,0,0,1.0768253968253968e-06,8.119072214077393e-06
0,0.789,0,0.9468,STEADY FLOW,1.0,0.3,0.30000118398024067,0.30115360976998995,0.0012000047359209628,0.0012046144390799598,47.8778980117426,0.4511080352989106,0.02176714245228701,0.0,1.55482661668228,1.5423016964923764,419.45981019736485,-0.003841404138675458,0.11720130552604313,0.0030632359361766337,0,0,1.0768253968253968e-06,8.119072214077393e-06
0,0.795,0,0.9540000000000001,STEADY FLOW,1.0,0.3,0.30000124330027894,0.30117733640328603,0.0012000049732011158,0.0012047093456131442,47.9007580799592,0.45113304618658984,0.02177231026333383,0.0,1.5548266166822795,1.54253521586601,419.53920739052273,-0.003920294096347865,0.11720780354527356,0.0030646990219140857,0,0,1.0768253968253968e-06,8.119072214077393e-06
0,0.801,0,0.9612,STEADY FLOW,1.0,0.3,0.3000012947751165,0.3011974193859668,0.001200005179100466,0.001204789677543867,47.87062794084225,0.4511551721744654,0.021774890332106743,0.0,1.554826616682284,1.54267622789701,419.5964097005651,-0.0039870648283265074,0.11721355204554879,0.003062776850701665,0,0,1.0768253968253968e-06,8.119072214077393e-06
0,0.807,0,0.9684000000000001,STEADY FLOW,1.0,0.3,0.3000013316167762,0.3012075988009417,0.001200005326467105,0.001204830395203767,47.79853011249415,0.4511674305896446,0.021774345735377336,0.0,1.5548266166822808,1.542686816288751,419.6140656327824,-0.004020872766346229,0.11721673687523539,0.0030581753214886653,0,0,1.0768253968253968e-06,8.119072214077393e-06
0,0.8130000000000001,0,0.9756,STEADY FLOW,1.0,0.3,0.30000133431155523,0.30120539706726357,0.001200005337246221,0.0012048215882690544,47.70615966936303,0.45116668003964583,0.021771107241059948,0.0,1.5548266166822842,1.5425639201802923,419.58971314050876,-0.0040135246680532,0.11721654187662568,0.003052279261483104,0,0,1.0768253968253968e-06,8.119072214077393e-06
0,0.8190000000000001,0,0.9828,STEADY FLOW,1.0,0.3,0.3000013033246444,0.3011925372663462,0.0012000052132985777,0.0012047701490653848,47.62852610381136,0.45115424164476065,0.021766400505790318,0.0,1.5548266166822804,1.5423544244667897,419.5347431644631,-0.003970762555030266,0.11721331028683982,0.003047321469302089,0,0,1.0768253968253968e-06,8.119072214077393e-06
0,0.8250000000000001,0,0.9900000000000001,STEADY FLOW,1.0,0.3,0.3000012538725087,0.3011725838184528,0.001200005015490035,0.0012046903352738111,47.58945893938905,0.4511335583460693,0.021761427131255888,0.0,1.554826616682284,1.5421326658196655,419.4643751438544,-0.0039044168343439316,0.11720793660820956,0.003044823750566694,0,0,1.0768253968253968e-06,8.119072214077393e-06
0,0.8310000000000001,0,0.9972000000000001,STEADY FLOW,1.0,0.3,0.30000120440410083,0.30115277504454163,0.0012000048176164034,0.0012046111001781665,47.598257815709246,0.45111213949777124,0.0217581375863788,0.0,1.5548266166822802,1.5419702047006345,419.4036148718231,-0.0038385533909045234,0.11720237182818578,0.0030453837967419073,0,0,1.0768253968253968e-06,8.119072214077393e-06
0,0.837,1,0.0043999999999999595,STEADY FLOW,1.0,0.3,0.3000011652512261,0.3011398976885663,0.0012000046610049044,0.0012045595907542652,47.64883088658763,0.4510973655435015,0.021757522007436823,0.0,1.5548266166822855,1.5419130971455939,419.3733616530908,-0.0037957600477538187,0.11719853344227221,0.0030486111869074684,0,0,1.0768253968253968e-06,8.119072214077393e-06
0,0.843,1,0.011600000000000055,STEADY FLOW,1.0,0.3,0.3000011494510647,0.30113751967546437,0.001200004597804259,0.0012045500787018575,47.72689513934128,0.4510934306243846,0.021759546798762356,0.0,1.5548266166822848,1.5419777916548791,419.3807952487249,-0.0037878862346992885,0.11719751112029708,0.0030535938005760155,0,0,1.0768253968253968e-06,8.119072214077393e-06
0,0.849,1,0.018799999999999928,STEADY FLOW,1.0,0.3,0.3000011669274455,0.30114542333776395,0.001200004667709782,0.0012045816933510557,47.80357073023581,0.451100575770062,0.02176330436389024,0.0,1.5548266166822817,1.542139665768706,419.4200301021471,-0.0038141731981834897,0.11719936748359822,0.0030584892289371446,0,0,1.0768253968253968e-06,8.119072214077393e-06
0,0.855,1,0.026000000000000023,STEADY FLOW,1.0,0.3,0.3000012053760844,0.30116118465614117,0.0012000048215043376,0.0012046447386245647,47.85324626735996,0.45111658839388297,0.021767794610961143,0.0,1.5548266166822857,1.5423389922387356,419.4790382176763,-0.0038665820645707627,0.11720352768530128,0.0030616635249498536,0,0,1.0768253968253968e-06,8.119072214077393e-06
0,0.861,1,0.033199999999999896,STEADY FLOW,1.0,0.3,0.3000012508525258,0.3011795495805735,0.0012000050034101032,0.0012047181983222942,47.86216885916443,0.4511361213045934,0.02177144855915057,0.0,1.55482661668228,1.5425093738901563,419.53877282966096,-0.0039276460504724265,0.1172086024843668,0.0030622352288058874,0,0,1.0768253968253968e-06,8.119072214077393e-06
0,0.867,1,0.04039999999999999,STEADY FLOW,1.0,0.3,0.30000128989918845,0.30119382455893606,0.0012000051595967539,0.0012047752982357442,47.83109984379711,0.45115203614291755,0.021772953488265415,0.0,1.554826616682278,1.5425998079046648,419.5773282175019,-0.00397509844090457,0.11721273728065253,0.003060252966075927,0,0,1.0768253968253968e-06,8.119072214077393e-06
0,0.873,1,0.04760000000000009,STEADY FLOW,1.0,0.3,0.30000131406904407,0.3011997623629607,0.0012000052562761764,0.001204799049451843,47.76919673157694,0.451159525703495,0.02177203481827005,0.0,1.554826616682282,1.54258467497039,419.5839764213567,-0.003994810148200968,0.1172146831255695,0.003056302095174379,0,0,1.0768253968253968e-06,8.119072214077393e-06
0,0.879,1,0.05479999999999996,STEADY FLOW,1.0,0.3,0.3000013091142636,0.30119620721074736,0.0012000052364570543,0.0012047848288429894,47.69792944767397,0.45115695309431003,0.021769219398471967,0.0,1.5548266166822795,1.5424704389259707,419.55937778082847,-0.00398297627437571,0.11721401474209706,0.0030517526881654877,0,0,1.0768253968253968e-06,8.119072214077393e-06
0,0.885,1,0.062000000000000055,STEADY FLOW,1.0,0.3,0.30000128155289774,0.30118463380399446,0.001200005126211591,0.0012047385352159778,47.64272521158511,0.4511455171763715,0.02176537356610449,0.0,1.5548266166822813,1.542300703714186,419.5125858567144,-0.0039444906534109574,0.11721104360346195,0.003048226423464806,0,0,1.0768253968253968e-06,8.119072214077393e-06
0,0.891,1,0.06919999999999993,STEADY FLOW,1.0,0.3,0.30000124202851314,0.30116858643831546,0.0012000049681140526,0.001204674345753262,47.619996267031226,0.4511287238625732,0.021761674260005626,0.0,1.5548266166822864,1.5421338188542462,419.4575490283467,-0.0038911319230182924,0.11720668057255304,0.003046773084781851,0,0,1.0768253968253968e-06,8.119072214077393e-06
0,0.897,1,0.07640000000000002,STEADY FLOW,1.0,0.3,0.3000012045560337,0.30115402431490046,0.0012000048182241347,0.0012046160972596018,47.634038571634875,0.45111282294891525,0.021759540117084867,0.0,1.5548266166822793,1.5420221253599948,419.41459602602964,-0.0038427171003290552,0.1172025493940017,0.003047668326411568,0,0,1.0768253968253968e-06,8.119072214077393e-06
0,0.903,1,0.08360000000000012,STEADY FLOW,1.0,0.3,0.3000011762099073,0.3011455807970201,0.0012000047048396291,0.0012045823231880803,47.67960545570854,0.4511029222443103,0.021759514226171863,0.0,1.5548266166822788,1.5419975718165988,419.39706452135914,-0.0038146670008788667,0.11719997711549072,0.0030505762990915564,0,0,1.0768253968253968e-06,8.119072214077393e-06
0,0.909,1,0.09080000000000021,STEADY FLOW,1.0,0.3,0.3000011704722295,0.3011454600500653,0.0012000046818889181,0.0012045818402002613,47.742107482491,0.45110169603370853,0.021761422593364128,0.0,1.5548266166822857,1.5420670895647317,419.4085298009018,-0.003814283711075431,0.11719965853663125,0.0030545657507972113,0,0,1.0768253968253968e-06,8.119072214077393e-06
0,0.915,1,0.09799999999999986,STEADY FLOW,1.0,0.3,0.30000118785010976,0.301153126509332,0.001200004751400439,0.001204612506037328,47.79850049456292,0.4511089289225953,0.02176455780527032,0.0,1.5548266166822806,1.5422032655959876,419.4432401510129,-0.003839780327129376,0.11720153769628686,0.0030581669257452315,0,0,1.0768253968253968e-06,8.119072214077393e-06
0,0.921,1,0.10519999999999996,STEADY FLOW,1.0,0.3,0.30000121999527063,0.30116632144489097,0.0012000048799810825,0.0012046652857795638,47.831005670192624,0.4511224909198641,0.021768042389337747,0.0,1.5548266166822808,1.5423576210657326,419.49105103556957,-0.0038836557052624983,0.11720506120653512,0.003060244285249869,0,0,1.0768253968253968e-06,8.119072214077393e-06
0,0.927,1,0.11240000000000006,STEADY FLOW,1.0,0.3,0.3000012547233776,0.30118025468824217,0.0012000050188935103,0.0012047210187529688,47.83127804579788,0.4511374438013041,0.021770559484427552,0.0,1.5548266166822815,1.5424798987530486,419.53495462516105,-0.00392998344607496,0.11720894607909116,0.0030602629980671647,0,0,1.0768253968253968e-06,8.119072214077393e-06
0,0.933,1,0.11959999999999993,STEADY FLOW,1.0,0.3,0.30000128421880856,0.30119019853952994,0.0012000051368752343,0.0012047607941581197,47.80104568293026,0.4511486839644493,0.021771337436475816,0.0,1.554826616682279,1.5425341021364087,419.5601283887754,-0.003963030771075859,0.11721186635913909,0.003058333969844451,0,0,1.0768253968253968e-06,8.119072214077393e-06
0,0.9390000000000001,1,0.12680000000000002,STEADY FLOW,1.0,0.3,0.30000129802479547,0.30119327181376065,0.001200005192099182,0.0012047730872550427,47.74944130920763,0.4511528979672711,0.021770270394308722,0.0,1.5548266166822802,1.5425041393013805,419.5599151106093,-0.003973228772052398,0.11721296118918766,0.0030550403660536407,0,0,1.0768253968253968e-06,8.119072214077393e-06
0,0.9450000000000001,1,0.13400000000000012,STEADY FLOW,1.0,0.3,0.3000012899141195,0.3011890795012008,0.001200005159656478,0.001204756318004803,47.69540878301046,0.4511493467205093,0.021767853542478864,0.0,1.5548266166822808,1.5424027402736358,419.5365565755924,-0.00395928159982665,0.11721203854821442,0.003051590663721626,0,0,1.0768253968253968e-06,8.119072214077393e-06
0,0.9510000000000001,1,0.14120000000000021,STEADY FLOW,1.0,0.3,0.30000126573864233,0.30117894375762366,0.0012000050629545694,0.0012047157750304947,47.656997152211645,0.4511391641450509,0.02176476467978286,0.0,1.5548266166822782,1.5422674309831168,419.4973522679715,-0.0039255768340901685,0.11720939303750755,0.0030491366486711247,0,0,1.0768253968253968e-06,8.119072214077393e-06
0,0.9570000000000001,1,0.1484000000000001,STEADY FLOW,1.0,0.3,0.3000012348635877,0.3011663562782473,0.0012000049394543509,0.0012046654251129892,47.64526064638098,0.4511258719685965,0.021762093668707367,0.0,1.5548266166822855,1.542143681253606,419.4554001609918,-0.0038837220626420153,0.11720593962876322,0.0030483859463890095,0,0,1.0768253968253968e-06,8.119072214077393e-06
0,0.9630000000000001,1,0.15560000000000018,STEADY FLOW,1.0,0.3,0.3000012061244772,0.30115580258691715,0.001200004824497909,0.0012046232103476687,47.6618444501566,0.45111422629979914,0.021760762067518348,0.0,1.5548266166822777,1.542069302674115,419.4256154411401,-0.003848639401672507,0.11720291399525645,0.003049443664760121,0,0,1.0768253968253968e-06,8.119072214077393e-06
0,0.969,1,0.16280000000000006,STEADY FLOW,1.0,0.3,0.3000011871952539,0.30115052749230137,0.0012000047487810157,0.0012046021099692055,47.70164218475989,0.45110784782624164,0.021761085735270767,0.0,1.554826616682285,1.5420663179928702,419.41674935824886,-0.00383111916253655,0.117201256819215,0.0030519835065758727,0,0,1.0768253968253968e-06,8.119072214077393e-06
0,0.975,1,0.17000000000000015,STEADY FLOW,1.0,0.3,0.30000118717351837,0.3011517518039027,0.0012000047486940735,0.0012046070072156108,47.750558081508984,0.4511083038567065,0.021762810091176237,0.0,1.5548266166822788,1.5421340143381963,419.4298451176868,-0.00383520025778705,0.11720137529940525,0.003055106048772238,0,0,1.0768253968253968e-06,8.119072214077393e-06
0,0.981,1,0.17720000000000002,STEADY FLOW,1.0,0.3,0.3000012035487386,0.30115889053318196,0.0012000048141949545,0.0012046355621327279,47.791416189745256,0.451115235393591,0.02176540161557008,0.0,1.5548266166822795,1.5422461998636054,419.460025635655,-0.003858941133398615,0.11720317616551401,0.0030577156554219,0,0,1.0768253968253968e-06,8.119072214077393e-06
0,0.987,1,0.1843999999999999,STEADY FLOW,1.0,0.3,0.30000122958748576,0.3011696288504212,0.0012000049183499431,0.001204678515401685,47.811706632439474,0.45112638591554066,0.021768025303513964,0.0,1.5548266166822866,1.5423640016256344,419.4977930028135,-0.0038946482470823057,0.11720607315609617,0.003059012476045453,0,0,1.0768253968253968e-06,8.119072214077393e-06
0,0.993,1,0.1916,STEADY FLOW,1.0,0.3,0.3000012564013969,0.30118004899190687,0.0012000050256055876,0.0012047201959676276,47.80675235225893,0.4511376710746025,0.021769721799355324,0.0,1.5548266166822782,1.5424500500783174,419.529503293224,-0.0039292921791392885,0.11720900512642615,0.003058697180041259,0,0,1.0768253968253968e-06,8.119072214077393e-06
0,0.999,1,0.19879999999999987,STEADY FLOW,1.0,0.3,0.30000127776953117,0.301186784058525,0.0012000051110781246,0.0012047471362341001,47.7786219195368,0.45114541568309774,0.02177001620572016,0.0,1.5548266166822855,1.5424787349325548,419.5451311433124,-0.003951670798897626,0.11721101723473593,0.003056902165059938,0,0,1.0768253968253968e-06,8.119072214077393e-06
0,1.0050000000000001,1,0.20600000000000018,STEADY FLOW,1.0,0.3,0.3000012844571144,0.30118798753929743,0.0012000051378284575,0.0012047519501571897,47.73676961697825,0.4511474445865761,0.021768936279536938,0.0,1.5548266166822782,1.5424418498942047,419.540958791788,-0.0039556600043581976,0.11721154435932216,0.003054230843305472,0,0,1.0768253968253968e-06,8.119072214077393e-06
0,1.0110000000000001,1,0.21320000000000006,STEADY FLOW,1.0,0.3,0.3000012752394516,0.30118359936114053,0.0012000051009578064,0.0012047343974445621,47.696365099096035,0.45114345057644084,0.021766880213782622,0.0,1.5548266166822844,1.5423546736407758,419.51953272834623,-0.003941063652963585,0.11721050668505013,0.003051650797607053,0,0,1.0768253968253968e-06,8.119072214077393e-06
0,1.0170000000000001,1,0.22040000000000015,STEADY FLOW,1.0,0.3,0.3000012547012689,0.3011749938980103,0.0012000050188050756,0.0012046999755920412,47.67037478345852,0.45113468929971656,0.02176446396744341,0.0,1.5548266166822853,1.5422484596541417,419.48743868145357,-0.0039124476259610975,0.11720823043858627,0.0030499902170262327,0,0,1.0768253968253968e-06,8.119072214077393e-06
0,1.0230000000000001,1,0.22760000000000002,STEADY FLOW,1.0,0.3,0.30000123061023765,0.30116529588622554,0.0012000049224409506,0.0012046611835449023,47.66585004789032,0.4511243580129634,0.021762574804876204,0.0,1.5548266166822828,1.5421580727310922,419.45608174872075,-0.0038802016699066404,0.11720554629155168,0.003049700366268393,0,0,1.0768253968253968e-06,8.119072214077393e-06
0,1.0290000000000001,1,0.23480000000000012,STEADY FLOW,1.0,0.3,0.30000120886173015,0.30115778931362536,0.0012000048354469206,0.0012046311572545014,47.683212621798695,0.45111597570626516,0.02176180280180963,0.0,1.5548266166822788,1.5421108995344468,419.4359741164854,-0.003855252638092884,0.11720336850438877,0.00305080798512547,0,0,1.0768253968253968e-06,8.119072214077393e-06
0,1.035,1,0.242,STEADY FLOW,1.0,0.3,0.3000011972876554,0.3011547102501835,0.0012000047891506215,0.0012046188410007339,47.71687364856753,0.4511120728717032,0.021762304854671396,0.0,1.5548266166822855,1.5421211781336062,419.43274566938754,-0.0038450278630788766,0.11720235451822553,0.0030529562585943637,0,0,1.0768253968253968e-06,8.119072214077393e-06
0,1.041,1,0.24919999999999987,STEADY FLOW,1.0,0.3,0.3000012002222028,0.3011566999585157,0.0012000048008888112,0.0012046267998340628,47.754534541409,0.4511135444405325,0.02176383039282725,0.0,1.5548266166822784,1.5421833132575447,419.44611871014655,-0.0038516503782554156,0.11720273684302243,0.0030553606548138212,0,0,1.0768253968253968e-06,8.119072214077393e-06
0,1.047,1,0.25639999999999996,STEADY FLOW,1.0,0.3,0.30000121504989996,0.3011630950920408,0.0012000048601995999,0.0012046523803681632,47.78357054660704,0.4511198837267872,0.021765929296805018,0.0,1.554826616682278,1.5422740816638514,419.47178314214295,-0.003872917787841488,0.11720438383790396,0.0030572153981358596,0,0,1.0768253968253968e-06,8.119072214077393e-06
0,1.053,1,0.26360000000000006,STEADY FLOW,1.0,0.3,0.300001235798743,0.30117163683054765,0.001200004943194972,0.0012046865473221906,47.795398915113196,0.4511288368380314,0.021767859080687454,0.0,1.554826616682279,1.5423627431276001,419.5009579188271,-0.0039013207018582016,0.11720670992443805,0.00305797151202003,0,0,1.0768253968253968e-06,8.119072214077393e-06
0,1.059,1,0.27079999999999993,STEADY FLOW,1.0,0.3,0.30000125654694865,0.3011793163468452,0.0012000050261877946,0.0012047172653873808,47.78744502233663,0.45113723414517415,0.02176896661505755,0.0,1.5548266166822868,1.5424217060726808,419.52344964801557,-0.003926849552085859,0.11720889160883077,0.0030574645150229784,0,0,1.0768253968253968e-06,8.119072214077393e-06
0,1.065,1,0.2779999999999998,STEADY FLOW,1.0,0.3,0.30000127112128194,0.3011837246580487,0.0012000050844851277,0.001204734898632195,47.762328478410396,0.45114241757242557,0.02176895912989552,0.0,1.5548266166822844,1.5424330454960964,419.5324391796102,-0.003941495088828303,0.11721023830273429,0.003055861746722899,0,0,1.0768253968253968e-06,8.119072214077393e-06
0,1.071,1,0.2851999999999999,STEADY FLOW,1.0,0.3,0.3000012734598184,0.3011837319594528,0.0012000050938392737,0.0012047349278378112,47.72909524203548,0.45114301083967334,0.02176793278297251,0.0,1.5548266166822817,1.5423944986967277,419.5261619193948,-0.0039415116009258715,0.11721039243808662,0.0030537403540009667,0,0,1.0768253968253968e-06,8.119072214077393e-06
0,1.077,1,0.2924,STEADY FLOW,1.0,0.3,0.3000012641096783,0.30117945612166763,0.0012000050564387134,0.0012047178244866705,47.69933409783573,0.45113895407492083,0.021766211265011895,0.0,1.5548266166822804,1.5423213553127557,419.50706321459063,-0.003927290158212741,0.11720933845968678,0.003051839683652968,0,0,1.0768253968253968e-06,8.119072214077393e-06
0,1.083,1,0.2996000000000001,STEADY FLOW,1.0,0.3,0.3000012471674445,0.3011723531313581,0.001200004988669778,0.0012046894125254323,47.68232866850677,0.4511316404754147,0.021764368346312832,0.0,1.5548266166822817,1.5422391736855379,419.48141500095636,-0.0039036703179436594,0.11720743833079716,0.0030507531112264896,0,0,1.0768253968253968e-06,8.119072214077393e-06
0,1.089,1,0.30679999999999996,STEADY FLOW,1.0,0.3,0.3000012282761326,0.3011649886335904,0.0012000049131045305,0.0012046599545343618,47.68245400548177,0.4511237261069183,0.021763058377075938,0.0,1.5548266166822804,1.542174321417205,419.4583541205054,-0.003879185309156974,0.11720538211754533,0.0030507603638247893,0,0,1.0768253968253968e-06,8.119072214077393e-06
0,1.095,1,0.31400000000000006,STEADY FLOW,1.0,0.3,0.30000121242368616,0.3011597693826614,0.0012000048496947446,0.0012046390775306457,47.69932647494227,0.4511178154004667,0.021762667221894405,0.0,1.5548266166822793,1.5421466312770922,419.4452681836537,-0.0038618409226261214,0.11720384647096291,0.003051836845801903,0,0,1.0768253968253968e-06,8.119072214077393e-06
0,1.101,1,0.32119999999999993,STEADY FLOW,1.0,0.3,0.3000012059495605,0.3011581813741447,0.001200004823798242,0.0012046327254965788,47.72703314257546,0.4511156214109877,0.021763242030858467,0.0,1.5548266166822788,1.5421641590934758,419.4455546278999,-0.0038565692458540253,0.11720327645577555,0.003053605226453815,0,0,1.0768253968253968e-06,8.119072214077393e-06
0,1.107,1,0.3283999999999998,STEADY FLOW,1.0,0.3,0.30000121037253025,0.30116054708481593,0.001200004841490121,0.0012046421883392638,47.75561912961209,0.45111765269049736,0.021764567749262345,0.0,1.5548266166822826,1.5422189782488813,419.4584087122082,-0.0038644401162451175,0.11720380419767283,0.0030554305018066774,0,0,1.0768253968253968e-06,8.119072214077393e-06
0,1.113,1,0.3355999999999999,STEADY FLOW,1.0,0.3,0.3000012232540338,0.30116607475197155,0.0012000048930161352,0.0012046642990078862,47.77579688844735,0.4511232192780824,0.021766226138146164,0.0,1.5548266166822842,1.5422912325523623,419.4796867880817,-0.0038828224941982272,0.11720525043955117,0.003056719478388148,0,0,1.0768253968253968e-06,8.119072214077393e-06
0,1.119,1,0.3428,STEADY FLOW,1.0,0.3,0.3000012397581003,0.3011727528991409,0.0012000049590324012,0.0012046910115965637,47.78185496482606,0.4511302813133035,0.021767620356056904,0.0,1.554826616682283,1.542357009819701,419.50182958526096,-0.003905027665836631,0.11720708521012232,0.0030571069413076746,0,0,1.0768253968253968e-06,8.119072214077393e-06
0,1.125,1,0.3500000000000001,STEADY FLOW,1.0,0.3,0.30000125552702184,0.3011783160017792,0.0012000050221080874,0.0012047132640071168,47.77244838675416,0.45113642892528244,0.021768308231583492,0.0,1.5548266166822837,1.5423959282114368,419.51742221252573,-0.003923518495579571,0.1172086824065662,0.0030565070513217663,0,0,1.0768253968253968e-06,8.119072214077393e-06
0,1.131,1,0.35719999999999996,STEADY FLOW,1.0,0.3,0.30000126490336815,0.3011810733381378,0.0012000050596134727,0.0012047242933525514,47.75081452478024,0.4511397733240171,0.021768125956111665,0.0,1.5548266166822804,1.5423960998785753,419.5219386555625,-0.003932678201039334,0.11720955130684563,0.0030551264452527427,0,0,1.0768253968253968e-06,8.119072214077393e-06
0,1.137,1,0.36440000000000006,STEADY FLOW,1.0,0.3,0.300001264681781,0.3011803397417222,0.0012000050587271242,0.001204721358966889,47.724852375017036,0.4511394452865659,0.021767184618802872,0.0,1.5548266166822826,1.542359081154374,419.5147116137841,-0.003930233631487894,0.11720946608021579,0.003053468989044461,0,0,1.0768253968253968e-06,8.119072214077393e-06
0,1.143,1,0.37160000000000015,STEADY FLOW,1.0,0.3,0.30000125585409093,0.3011763935073455,0.0012000050234163638,0.001204705574029382,47.70330713069204,0.45113559816816856,0.02176577556492102,0.0,1.5548266166822855,1.5422989470972954,419.49817576470645,-0.003917109113123463,0.11720846656953672,0.0030520929015318554,0,0,1.0768253968253968e-06,8.119072214077393e-06
0,1.149,1,0.37880000000000025,STEADY FLOW,1.0,0.3,0.30000124207316853,0.30117065958191475,0.001200004968292674,0.001204682638327659,47.6926825501333,0.451129634994602,0.021764397429015942,0.0,1.5548266166822833,1.542236222938761,419.47809359332655,-0.0038980422236418732,0.11720691729159796,0.0030514139571242715,0,0,1.0768253968253968e-06,8.119072214077393e-06
0,1.155,1,0.3859999999999999,STEADY FLOW,1.0,0.3,0.3000012273337186,0.3011651489318298,0.0012000049093348743,0.001204660595727319,47.69569295436963,0.45112365920208997,0.021763513012638777,0.0,1.5548266166822782,1.542190747685271,419.4614215358525,-0.003879722787988625,0.11720536473516104,0.0030516055519687058,0,0,1.0768253968253968e-06,8.119072214077393e-06
0,1.161,1,0.3932,STEADY FLOW,1.0,0.3,0.3000012162901354,0.30116161402045355,0.0012000048651605415,0.0012046464560818142,47.71120380134033,0.4511195860929843,0.02176336998595299,0.0,1.5548266166822788,1.5421765925617799,419.45331675127994,-0.0038679767524540964,0.11720430651037365,0.0030525952456710304,0,0,1.0768253968253968e-06,8.119072214077393e-06
0,1.167,1,0.4004000000000001,STEADY FLOW,1.0,0.3,0.3000012131214432,0.3011610234492189,0.0012000048524857727,0.0012046440937968756,47.73353642616489,0.45111855749517954,0.021763957392064374,0.0,1.5548266166822862,1.542197281222861,419.4557036827287,-0.003866018792751568,0.1172040392728249,0.0030540207708671385,0,0,1.0768253968253968e-06,8.119072214077393e-06
0,1.173,1,0.40759999999999996,STEADY FLOW,1.0,0.3,0.3000012181572558,0.3011634872587916,0.001200004872629023,0.0012046539490351664,47.754913162209476,0.4511208192147132,0.021765084238219958,0.0,1.5548266166822793,1.5422442471215783,419.4675231423049,-0.003874214607110649,0.1172046268847966,0.003055385869042304,0,0,1.0768253968253968e-06,8.119072214077393e-06
0,1.179,1,0.41480000000000006,STEADY FLOW,1.0,0.3,0.3000012290234447,0.3011681259623588,0.001200004916093779,0.0012046725038494352,47.76857522107366,0.45112555077734046,0.021766365910756313,0.0,1.5548266166822804,1.542300923133506,419.48475198447994,-0.0038896405281823956,0.11720585618082704,0.003056258658352018,0,0,1.0768253968253968e-06,8.119072214077393e-06
0,1.185,1,0.42200000000000015,STEADY FLOW,1.0,0.3,0.30000124214256035,0.30117327007231304,0.0012000049685702415,0.0012046930802892522,47.77075687305155,0.45113103775087915,0.02176735485487711,0.0,1.5548266166822857,1.5423489195513878,419.50129759262296,-0.0039067435900673264,0.11720728173836938,0.003056398483347156,0,0,1.0768253968253968e-06,8.119072214077393e-06
0,1.191,1,0.42920000000000025,STEADY FLOW,1.0,0.3,0.30000125374378983,0.30117722354698706,0.0012000050149751594,0.0012047088941879482,47.76101231200869,0.45113545937396016,0.021767750889436117,0.0,1.5548266166822857,1.5423732678242943,419.51180629801786,-0.003919882962227696,0.11720843050974361,0.003055776893409412,0,0,1.0768253968253968e-06,8.119072214077393e-06
0,1.197,1,0.4363999999999999,STEADY FLOW,1.0,0.3,0.30000125945041745,0.30117882616663033,0.0012000050378016699,0.0012047153046665213,47.742901520207255,0.45113750031663874,0.021767475525353085,0.0,1.5548266166822775,1.542366766530798,419.5133876949195,-0.0039252059087021805,0.11720896076220581,0.00305462102130738,0,0,1.0768253968253968e-06,8.119072214077393e-06
0,1.203,1,0.4436,STEADY FLOW,1.0,0.3,0.3000012577510606,0.3011776722879471,0.0012000050310042424,0.0012047106891517885,47.72291595874728,0.45113661766563906,0.02176663681805739,0.0,1.5548266166822808,1.5423330320000468,419.5059621299909,-0.00392136534928352,0.11720873144274928,0.003053344967861804,0,0,1.0768253968253968e-06,8.119072214077393e-06
0,1.209,1,0.4508000000000001,STEADY FLOW,1.0,0.3,0.3000012498451864,0.3011741828996929,0.0012000049993807457,0.0012046967315987715,47.7076098017443,0.45113314906783947,0.021765510469500954,0.0,1.5548266166822824,1.5422844540216742,419.49204109291054,-0.003909760559703607,0.11720783027460631,0.0030523673204874147,0,0,1.0768253968253968e-06,8.119072214077393e-06
0,1.215,1,0.45799999999999996,STEADY FLOW,1.0,0.3,0.30000123868423917,0.30116963466962016,0.0012000049547369568,0.0012046785386784806,47.70146240936787,0.451128375378051,0.02176449676259883,0.0,1.5548266166822857,1.5422372486549678,419.4765789569399,-0.003894637203850887,0.1172065900336183,0.0030519743688053325,0,0,1.0768253968253968e-06,8.119072214077393e-06
0,1.221,1,0.46520000000000006,STEADY FLOW,1.0,0.3,0.3000012274097883,0.30116557636927704,0.0012000049096391532,0.0012046623054771082,47.7060909596104,0.4511239319309743,0.021763920975705685,0.0,1.5548266166822808,1.5422063067160283,419.4647627397461,-0.0038811473191018324,0.11720543559220367,0.003052269383979178,0,0,1.0768253968253968e-06,8.119072214077393e-06
0,1.227,1,0.47240000000000015,STEADY FLOW,1.0,0.3,0.30000122002541646,0.30116326162101426,0.0012000048801016658,0.001204653046484057,47.71975970414639,0.45112120395018596,0.021763932900829796,0.0,1.5548266166822788,1.5422011765623533,419.4601123855947,-0.0038734562329424366,0.11720472684200456,0.0030531416164207847,0,0,1.0768253968253968e-06,8.119072214077393e-06
0,1.233,1,0.47960000000000025,STEADY FLOW,1.0,0.3,0.3000012189573167,0.3011633201703314,0.0012000048758292667,0.0012046532806813256,47.73745849127556,0.45112095278229564,0.02176449742725999,0.0,1.554826616682277,1.542222409578354,419.46365939728395,-0.0038736549706487673,0.11720466158667246,0.0030542714858263764,0,0,1.0768253968253968e-06,8.119072214077393e-06
0,1.239,1,0.4868000000000001,STEADY FLOW,1.0,0.3,0.3000012240129886,0.3011656893212486,0.0012000048960519546,0.0012046627572849945,47.75319333322095,0.45112321244172554,0.021765431660562395,0.0,1.5548266166822813,1.5422617144949708,419.4741251370491,-0.0038815351907016985,0.1172052486634135,0.003055276367778692,0,0,1.0768253968253968e-06,8.119072214077393e-06
0,1.245,1,0.4940000000000002,STEADY FLOW,1.0,0.3,0.30000123304479087,0.30116949353957534,0.0012000049321791635,0.0012046779741583015,47.76212943903588,0.4511271355365632,0.021766404719612723,0.0,1.554826616682282,1.5423055600378568,419.48780241562633,-0.003894185643597002,0.1172062679133508,0.003055847296789871,0,0,1.0768253968253968e-06,8.119072214077393e-06
0,1.2510000000000001,1,0.5012000000000001,STEADY FLOW,1.0,0.3,0.3000012433688342,0.3011733980254747,0.001200004973475337,0.001204693592101899,47.76179069753984,0.4511313366172043,0.02176709041544493,0.0,1.5548266166822802,1.5423398773432582,419.49996703875746,-0.003907165995306943,0.11720735938611834,0.0030558261048447832,0,0,1.0768253968253968e-06,8.119072214077393e-06
0,1.2570000000000001,1,0.5084000000000002,STEADY FLOW,1.0,0.3,0.3000012516125346,0.30117614781525825,0.0012000050064501385,0.001204704591261033,47.75246546399532,0.451134455827424,0.021767289594944766,0.0,1.554826616682278,1.5423539077413608,419.5068013293856,-0.003916304336760146,0.11720816978070536,0.0030552311736409266,0,0,1.0768253968253968e-06,8.119072214077393e-06
0,1.2630000000000001,1,0.5156000000000001,STEADY FLOW,1.0,0.3,0.30000125483168977,0.30117695358496704,0.001200005019326759,0.0012047078143398683,47.73763413660345,0.45113558353320027,0.021766972302918425,0.0,1.5548266166822842,1.5423438561319938,419.506510556858,-0.00391897945205897,0.11720846276726044,0.0030542845043275424,0,0,1.0768253968253968e-06,8.119072214077393e-06
0,1.2690000000000001,1,0.5228000000000002,STEADY FLOW,1.0,0.3,0.3000012523703542,0.3011756105641848,0.0012000050094814168,0.0012047024422567392,47.72247408822751,0.451134413566052,0.021766246326894723,0.0,1.5548266166822815,1.542314225738905,419.499393466218,-0.003914510971377043,0.11720815880087884,0.003053316466838263,0,0,1.0768253968253968e-06,8.119072214077393e-06
0,1.2750000000000001,1,0.5300000000000002,STEADY FLOW,1.0,0.3,0.30000124551887436,0.3011726247052866,0.0012000049820754975,0.0012046904988211465,47.71183185968471,0.45113140047046535,0.021765364107898078,0.0,1.554826616682285,1.5422755867876987,419.4879550347425,-0.0039045810772760994,0.11720737597568219,0.0030526366851946207,0,0,1.0768253968253968e-06,8.119072214077393e-06
0,1.2810000000000001,1,0.5372000000000001,STEADY FLOW,1.0,0.3,0.30000123653180866,0.3011690723681567,0.0012000049461272347,0.0012046762894726269,47.70878043679797,0.4511276393520217,0.021764631175614176,0.0,1.554826616682278,1.5422406165118185,419.4762313232637,-0.0038927700760466167,0.11720639880844655,0.003052441491271818,0,0,1.0768253968253968e-06,8.119072214077393e-06
0,1.287,1,0.5443999999999998,STEADY FLOW,1.0,0.3,0.3000012281455456,0.3011661335520878,0.0012000049125821823,0.0012046645342083514,47.71411285092135,0.45112438735545346,0.021764274399352922,0.0,1.5548266166822857,1.5422203856535766,419.46804644761943,-0.003883002125501655,0.11720555391495421,0.0030527815365537503,0,0,1.0768253968253968e-06,8.119072214077393e-06
0,1.293,1,0.5515999999999999,STEADY FLOW,1.0,0.3,0.3000012233970659,0.3011646923683939,0.0012000048935882637,0.0012046587694735755,47.72578239245338,0.4511226333387201,0.0217643789369923,0.0,1.5548266166822842,1.5422209699416947,419.4657466805763,-0.0038782140891074563,0.11720509820803929,0.003053526272605245,0,0,1.0768253968253968e-06,8.119072214077393e-06
0,1.299,1,0.5588,STEADY FLOW,1.0,0.3,0.3000012236315092,0.30116514775814557,0.001200004894526037,0.0012046605910325822,47.73959560287568,0.4511228757766226,0.02176489785544689,0.0,1.5548266166822775,1.5422411712261728,419.4698096888785,-0.0038797312642497622,0.117205161195254,0.003054408182507684,0,0,1.0768253968253968e-06,8.119072214077393e-06
0,1.305,1,0.5659999999999998,STEADY FLOW,1.0,0.3,0.3000012283535797,0.3011673052340333,0.0012000049134143187,0.0012046692209361331,47.75098660678179,0.4511249862099205,0.02176565449177143,0.0,1.5548266166822855,1.5422734297606855,419.47878454092086,-0.003886907019858322,0.1172057095019087,0.0030551356851855616,0,0,1.0768253968253968e-06,8.119072214077393e-06
0,1.311,1,0.5731999999999999,STEADY FLOW,1.0,0.3,0.30000123579967375,0.30117036770649247,0.001200004943198695,0.00120468147082597,47.75653178034688,0.4511281753994491,0.02176638168748557,0.0,1.5548266166822795,1.5423068761684786,419.489462717275,-0.003897090302652692,0.1172065380776535,0.003055490034077124,0,0,1.0768253968253968e-06,8.119072214077393e-06
0,1.317,1,0.5804,STEADY FLOW,1.0,0.3,0.30000124376141396,0.30117328712937247,0.001200004975045656,0.00120469314851749,47.754665069749045,0.45113134506173586,0.021766843942658418,0.0,1.5548266166822815,1.5423308039139938,419.4982498331842,-0.003906795029458662,0.117207361580072,0.003055371210180402,0,0,1.0768253968253968e-06,8.119072214077393e-06
0,1.323,1,0.5875999999999999,STEADY FLOW,1.0,0.3,0.3000012494418835,0.3011751488225775,0.001200004997767534,0.00120470059529031,47.746203244495376,0.45113349420874355,0.021766913858089675,0.0,1.5548266166822793,1.5423377596608234,419.50247429597346,-0.003912981638836204,0.11720791994484353,0.003054831292699234,0,0,1.0768253968253968e-06,8.119072214077393e-06
0,1.329,1,0.5948,STEADY FLOW,1.0,0.3,0.30000125100213826,0.3011754182250369,0.0012000050040085531,0.0012047016729001476,47.73427549377841,0.4511339954613214,0.021766587876962104,0.0,1.554826616682278,1.5423262375854079,419.50104977296775,-0.003913874422111404,0.11720805017408338,0.003054069872896248,0,0,1.0768253968253968e-06,8.119072214077393e-06
0,1.335,1,0.6020000000000001,STEADY FLOW,1.0,0.3,0.30000124826378616,0.3011740462981502,0.0012000049930551446,0.0012046961851926007,47.72294511629191,0.45113272660496556,0.021765976655516873,0.0,1.5548266166822857,1.5423009298704864,419.4945631703145,-0.003909310515044361,0.11720772051553201,0.003053346333692808,0,0,1.0768253968253968e-06,8.119072214077393e-06
0,1.341,1,0.6092,STEADY FLOW,1.0,0.3,0.300001242433536,0.30117155469909274,0.001200004969734144,0.001204686218796371,47.71574811732673,0.4511301809340981,0.021765297243780075,0.0,1.5548266166822826,1.5422706356767586,419.4853513418247,-0.0039010247293094127,0.11720705913083977,0.0030528865829144713,0,0,1.0768253968253968e-06,8.119072214077393e-06
0,1.347,1,0.6163999999999998,STEADY FLOW,1.0,0.3,0.300001235294609,0.3011688210253717,0.001200004941178436,0.0012046752841014868,47.71477674063903,0.4511272616799262,0.021764777698401922,0.0,1.5548266166822848,1.5422452022271893,419.4765987741032,-0.0038919364102487767,0.11720630068635783,0.003052824258592768,0,0,1.0768253968253968e-06,8.119072214077393e-06
0,1.353,1,0.6235999999999999,STEADY FLOW,1.0,0.3,0.30000122922664574,0.30116673208130024,0.001200004916906583,0.001204666928325201,47.72018899608498,0.4511249220916596,0.02176457291171356,0.0,1.5548266166822828,1.542232688006503,419.47108433094166,-0.0038849935970562805,0.11720569284349587,0.003053169486439744,0,0,1.0768253968253968e-06,8.119072214077393e-06
0,1.359,1,0.6308,STEADY FLOW,1.0,0.3,0.3000012263256926,0.3011659080789977,0.0012000049053027704,0.0012046636323159907,47.729912397849034,0.4511238649502356,0.021764728518433092,0.0,1.5548266166822857,1.542236640046565,419.4703486666441,-0.003882256641313404,0.11720541819009729,0.0030537900921800976,0,0,1.0768253968253968e-06,8.119072214077393e-06
0,1.365,1,0.6380000000000001,STEADY FLOW,1.0,0.3,0.3000012273087556,0.3011665770892355,0.0012000049092350225,0.001204666308356942,47.74053582062122,0.45112439269419563,0.02176518795561759,0.0,1.5548266166822782,1.5422549438632855,419.4744836181979,-0.0038844833767314934,0.11720555530200011,0.0030544684017501655,0,0,1.0768253968253968e-06,8.119072214077393e-06
0,1.371,1,0.6452,STEADY FLOW,1.0,0.3,0.30000123153999947,0.30116846708163586,0.0012000049261599978,0.0012046738683265436,47.74862908109729,0.4511262759095457,0.02176578877835846,0.0,1.554826616682284,1.5422809776914923,419.48198116225075,-0.0038907691666617414,0.11720604457570032,0.003054985313795333,0,0,1.0768253968253968e-06,8.119072214077393e-06
0,1.377,1,0.6524000000000001,STEADY FLOW,1.0,0.3,0.30000123761489234,0.30117089251335416,0.0012000049504595693,0.0012046835700534166,47.75177677296743,0.45112882465717385,0.021766323486755106,0.0,1.5548266166822833,1.5423061050450981,419.4901908825863,-0.003898833577357793,0.11720670675975844,0.003055186535677823,0,0,1.0768253968253968e-06,8.119072214077393e-06
0,1.383,1,0.6596,STEADY FLOW,1.0,0.3,0.30000124360749497,0.30117304206990225,0.0012000049744299798,0.001204692168279609,47.749101121596915,0.4511311810727127,0.021766624187690674,0.0,1.5548266166822815,1.5423222743419136,419.4964157338363,-0.003905978683009607,0.11720731897447402,0.0030550159977802416,0,0,1.0768253968253968e-06,8.119072214077393e-06
0,1.389,1,0.6667999999999998,STEADY FLOW,1.0,0.3,0.30000124740542866,0.3011742556027472,0.0012000049896217146,0.0012046970224109889,47.74170595741851,0.45113261511792013,0.021766611671461506,0.0,1.5548266166822844,1.5423245620167847,419.4988148042947,-0.003910011066498429,0.11720769155034795,0.0030545440796512224,0,0,1.0768253968253968e-06,8.119072214077393e-06
0,1.395,1,0.6739999999999999,STEADY FLOW,1.0,0.3,0.3000012478885476,0.3011741808295372,0.0012000049915541905,0.0012046967233181488,47.732266835932926,0.45113270341833284,0.02176629928396728,0.0,1.5548266166822857,1.5423128962784718,419.49677796684915,-0.003909760206815275,0.1172077144914681,0.003053941467445309,0,0,1.0768253968253968e-06,8.119072214077393e-06
0,1.401,1,0.6812,STEADY FLOW,1.0,0.3,0.3000012451687634,0.3011728809281713,0.0012000049806750537,0.0012046915237126851,47.72392700007759,0.4511314581448743,0.021765796948296067,0.0,1.5548266166822788,1.5422917586987333,419.49108840436355,-0.003905436321601826,0.11720739095993321,0.003053408875508312,0,0,1.0768253968253968e-06,8.119072214077393e-06
0,1.407,1,0.6884000000000001,STEADY FLOW,1.0,0.3,0.3000012402720124,0.30117084356730883,0.0012000049610880496,0.0012046833742692354,47.71924788537777,0.45112935417720723,0.021765281737486552,0.0,1.5548266166822817,1.5422683448196788,419.4837958291012,-0.0038986615329854035,0.11720684433309866,0.003053109928157882,0,0,1.0768253968253968e-06,8.119072214077393e-06
0,1.413,1,0.6956,STEADY FLOW,1.0,0.3,0.30000123471383244,0.3011687701617688,0.0012000049388553298,0.0012046750806470753,47.71960306381346,0.45112712074112404,0.021764921785632108,0.0,1.554826616682277,1.542250243834897,419.47736591696884,-0.003891768809051903,0.11720626406938293,0.0030531323524580767,0,0,1.0768253968253968e-06,8.119072214077393e-06
0,1.419,1,0.7028000000000001,STEADY FLOW,1.0,0.3,0.3000012304301127,0.30116731868510616,0.0012000049217204508,0.0012046692747404246,47.724709984359265,0.4511254716090217,0.021764820452756475,0.0,1.5548266166822862,1.542243144253218,419.47378706311133,-0.0038869449079314347,0.1172058356122945,0.0030534581664865,0,0,1.0768253968253968e-06,8.119072214077393e-06
0,1.425,1,0.7100000000000002,STEADY FLOW,1.0,0.3,0.3000012288026922,0.3011669208630916,0.0012000049152107689,0.0012046676834523665,47.73265214104503,0.45112490312791065,0.021764998726679186,0.0,1.5548266166822793,1.5422488525155644,419.4740519062117,-0.003885624285779327,0.11720568791656938,0.003053965136682324,0,0,1.0768253968253968e-06,8.119072214077393e-06
0,1.431,1,0.7172000000000003,STEADY FLOW,1.0,0.3,0.3000012301566561,0.3011676755467502,0.0012000049206266244,0.001204670702187001,47.74070629181458,0.45112556850947605,0.021765392767857904,0.0,1.5548266166822833,1.542264869350026,419.4779697975028,-0.0038881353569285015,0.11720586078777101,0.0030544794256393004,0,0,1.0768253968253968e-06,8.119072214077393e-06
0,1.437,1,0.7243999999999999,STEADY FLOW,1.0,0.3,0.30000123385471,0.30116928405960713,0.00120000493541884,0.0012046771362384287,47.74632361802918,0.45112719468048024,0.021765861927800726,0.0,1.5548266166822804,1.5422855597858096,419.48410106163675,-0.003893484669675813,0.11720628327939117,0.003054838225929224,0,0,1.0768253968253968e-06,8.119072214077393e-06
0,1.443,1,0.7316,STEADY FLOW,1.0,0.3,0.30000123873110723,0.3011711761075767,0.001200004954924429,0.0012046847044303068,47.74781921797775,0.4511292002084878,0.02176624823384917,0.0,1.5548266166822857,1.5423041178367791,419.49031878866384,-0.003899775152322169,0.11720680433085194,0.0030549339249923424,0,0,1.0768253968253968e-06,8.119072214077393e-06
0,1.449,1,0.7388000000000001,STEADY FLOW,1.0,0.3,0.3000012431391836,0.3011727325278323,0.0012000049725567343,0.0012046909301113291,47.74483111052721,0.45113092466043625,0.021766434136147244,0.0,1.5548266166822855,1.5423146092620048,419.49462875959637,-0.003904948447514268,0.11720725235661043,0.003054743376494695,0,0,1.0768253968253968e-06,8.119072214077393e-06
0,1.455,1,0.746,STEADY FLOW,1.0,0.3,0.3000012455835161,0.3011734793313024,0.0012000049823340643,0.0012046939173252097,47.73854746899972,0.45113183806198387,0.021766371751072093,0.0,1.5548266166822808,1.5423139661247236,419.4957757484637,-0.003907429602521248,0.11720748966529367,0.0030543423401374614,0,0,1.0768253968253968e-06,8.119072214077393e-06
0,1.461,1,0.7532000000000001,STEADY FLOW,1.0,0.3,0.3000012454037814,0.301173201009162,0.0012000049816151257,0.001204692804036648,47.731188555583124,0.4511316711949679,0.02176608702844602,0.0,1.5548266166822857,1.542302952792963,419.49349167746163,-0.0039065024673588244,0.11720744631197118,0.003053872499119148,0,0,1.0768253968253968e-06,8.119072214077393e-06
0,1.467,1,0.7604000000000002,STEADY FLOW,1.0,0.3,0.3000012428585061,0.30117202842583946,0.0012000049714340243,0.001204688113703358,47.72515312274891,0.45113052083727745,0.021765682389842052,0.0,1.5548266166822793,1.5422856268688654,419.48864702586667,-0.003902602389835891,0.11720714744027619,0.0030534870510989798,0,0,1.0768253968253968e-06,8.119072214077393e-06
0,1.473,1,0.7676000000000003,STEADY FLOW,1.0,0.3,0.3000012388068951,0.30117039145541286,0.0012000049552275804,0.0012046815658216514,47.72228703087348,0.4511288140115963,0.021765297701327315,0.0,1.5548266166822857,1.5422678005707653,419.4829633448312,-0.0038971594022993946,0.11720670399395629,0.0030533038922806455,0,0,1.0768253968253968e-06,8.119072214077393e-06
0,1.479,1,0.7747999999999999,STEADY FLOW,1.0,0.3,0.30000123457198397,0.3011688415533703,0.0012000049382879358,0.0012046753662134813,47.72341932497769,0.45112712936228944,0.021765055153153457,0.0,1.5548266166822844,1.5422552452805165,419.47832057139,-0.003892007254743991,0.11720626630922741,0.0030533759791708803,0,0,1.0768253968253968e-06,8.119072214077393e-06
0,1.485,1,0.782,STEADY FLOW,1.0,0.3,0.30000123162207654,0.301167863062041,0.0012000049264883062,0.001204671452248164,47.728013716001165,0.45112599726266334,0.021765022636446127,0.0,1.5548266166822837,1.5422518319893381,419.47612556293126,-0.0038887555016244115,0.11720597218111665,0.0030536691419791318,0,0,1.0768253968253968e-06,8.119072214077393e-06
0,1.491,1,0.7892000000000001,STEADY FLOW,1.0,0.3,0.300001230850069,0.3011677485354164,0.0012000049234002761,0.0012046709941416656,47.73438970548795,0.45112576035881785,0.021765204075902076,0.0,1.5548266166822788,1.542258226301269,419.4769846768879,-0.003888376331130234,0.11720591063169214,0.003054076175424969,0,0,1.0768253968253968e-06,8.119072214077393e-06
0,1.497,1,0.7964,STEADY FLOW,1.0,0.3,0.3000012323364322,0.30116850554339175,0.001200004929345729,0.001204674022173567,47.7404080575539,0.4511264648250398,0.02176553332737892,0.0,1.554826616682282,1.5422718735318728,419.4805203287459,-0.0038908947068940192,0.11720609365738542,0.003054460487797561,0,0,1.0768253968253968e-06,8.119072214077393e-06
0,1.5030000000000001,1,0.8036000000000001,STEADY FLOW,1.0,0.3,0.30000123550657426,0.3011698434512613,0.001200004942026297,0.0012046793738050452,47.74418694619425,0.4511278338432945,0.021765894078161548,0.0,1.5548266166822777,1.5422880745425522,419.4854441938476,-0.003895343773214031,0.1172064493387615,0.0030547018862390196,0,0,1.0768253968253968e-06,8.119072214077393e-06
0,1.5090000000000001,1,0.8108000000000002,STEADY FLOW,1.0,0.3,0.3000012393439943,0.30117129836603257,0.0012000049573759773,0.0012046851934641304,47.7445892921088,0.4511293892294109,0.02176616778052327,0.0,1.5548266166822862,1.542301519743259,419.490082561434,-0.0039001806279094107,0.11720685343992833,0.003054727749525643,0,0,1.0768253968253968e-06,8.119072214077393e-06
0,1.5150000000000001,1,0.8180000000000003,STEADY FLOW,1.0,0.3,0.30000124251947097,0.3011724030944612,0.0012000049700778839,0.0012046896123778447,47.74160824932561,0.4511306282974547,0.021766273381784235,0.0,1.5548266166822777,1.5423079478530983,419.4929798613494,-0.0039038524145919655,0.1172071753592492,0.003054537595163165,0,0,1.0768253968253968e-06,8.119072214077393e-06
0,1.5210000000000001,1,0.8252000000000002,STEADY FLOW,1.0,0.3,0.3000012440073108,0.30117282082904395,0.0012000049760292433,0.0012046912833161758,47.736387948062436,0.4511311698100477,0.021766184082367995,0.0,1.5548266166822855,1.5423055963179715,419.4932951590231,-0.003905239878620691,0.1172073160483478,0.003054204387421322,0,0,1.0768253968253968e-06,8.119072214077393e-06
0,1.5270000000000001,1,0.8324000000000003,STEADY FLOW,1.0,0.3,0.3000012434507503,0.3011724382686559,0.0012000049738030013,0.0012046897530746236,47.730731699381316,0.45113086070863473,0.021765934298809752,0.0,1.5548266166822866,1.542295665058825,419.49100704400524,-0.0039039665450516306,0.11720723574144501,0.0030538432364475288,0,0,1.0768253968253968e-06,8.119072214077393e-06
0,1.5330000000000001,1,0.8396000000000001,STEADY FLOW,1.0,0.3,0.3000012411536788,0.3011714169123997,0.0012000049646147153,0.0012046856676495988,47.726452323907424,0.45112984082806956,0.021765613915716294,0.0,1.554826616682284,1.542281699068865,419.48697813033885,-0.0039005697250480966,0.11720697076870153,0.0030535699205231914,0,0,1.0768253968253968e-06,8.119072214077393e-06
0,1.5390000000000001,1,0.8468000000000002,STEADY FLOW,1.0,0.3,0.30000123786280886,0.3011701222282391,0.0012000049514512355,0.0012046804889129564,47.72486197693764,0.45112847875668965,0.021765331272895455,0.0,1.5548266166822837,1.5422683443446705,419.4826137931809,-0.0038962651412949253,0.11720661689217651,0.00305346824009467,0,0,1.0768253968253968e-06,8.119072214077393e-06
0,1.545,1,0.8539999999999999,STEADY FLOW,1.0,0.3,0.3000012347000177,0.30116898157799854,0.0012000049388000708,0.0012046759263119942,47.726386468593006,0.4511272268763454,0.02176517384523502,0.0,1.5548266166822806,1.5422599071197396,419.4793270502465,-0.003892473573145523,0.11720629164412232,0.00305356541055124,0,0,1.0768253968253968e-06,8.119072214077393e-06
0,1.551,1,0.8612,STEADY FLOW,1.0,0.3,0.3000012327288627,0.30116834926496117,0.0012000049309154508,0.0012046733970598447,47.73038096646419,0.4511264769767374,0.021765185321615782,0.0,1.5548266166822862,1.542258911778991,419.47810389671804,-0.0038903724677466496,0.11720609681448907,0.0030538203304333322,0,0,1.0768253968253968e-06,8.119072214077393e-06
0,1.557,1,0.8684000000000001,STEADY FLOW,1.0,0.3,0.30000123250941874,0.30116841260797866,0.0012000049300376749,0.0012046736504319148,47.73542062377864,0.45112645464187,0.021765357265665426,0.0,1.5548266166822828,1.5422653125732726,419.4792689783017,-0.0038905843445934847,0.1172060910117203,0.003054142076352351,0,0,1.0768253968253968e-06,8.119072214077393e-06
0,1.563,1,0.8755999999999999,STEADY FLOW,1.0,0.3,0.30000123398793166,0.3011691222065478,0.0012000049359517267,0.0012046764888261911,47.73984723440631,0.4511271369963158,0.021765626568431593,0.0,1.5548266166822842,1.5422766917094504,419.4823485495651,-0.0038929447158977766,0.11720626829260562,0.0030544247584152195,0,0,1.0768253968253968e-06,8.119072214077393e-06
0,1.569,1,0.8827999999999998,STEADY FLOW,1.0,0.3,0.30000123665256706,0.30117021378519676,0.0012000049466102682,0.001204680855140787,47.74228119768762,0.4511282657480673,0.02176589982130416,0.0,1.5548266166822808,1.5422891876664389,419.4862391337274,-0.003896574379736674,0.11720656155091307,0.0030545802691934743,0,0,1.0768253968253968e-06,8.119072214077393e-06
0,1.575,1,0.8899999999999999,STEADY FLOW,1.0,0.3,0.30000123961299713,0.3011713168177428,0.0012000049584519885,0.0012046852672709712,47.74200120530394,0.4511294551979803,0.02176608934603363,0.0,1.5548266166822808,1.542298717192456,419.4896449529935,-0.0039002412331864025,0.1172068705790654,0.003054562535706795,0,0,1.0768253968253968e-06,8.119072214077393e-06
0,1.581,1,0.8972,STEADY FLOW,1.0,0.3,0.30000124185212007,0.30117208142119806,0.0012000049674084803,0.0012046883256847923,47.73921610292616,0.45113032557647276,0.02176613988280725,0.0,1.5548266166822844,1.542302308986908,419.49151356473544,-0.003902782407997891,0.11720709671003103,0.0030543848418871367,0,0,1.0768253968253968e-06,8.119072214077393e-06
0,1.587,1,0.9043999999999999,STEADY FLOW,1.0,0.3,0.30000124267985273,0.30117227427193716,0.0012000049707194108,0.0012046890970877488,47.73496075786372,0.45113060870806737,0.021766039701311045,0.0,1.5548266166822824,1.542299085781364,419.4913049515914,-0.0039034224712666222,0.11720717026977708,0.003054113202725528,0,0,1.0768253968253968e-06,8.119072214077393e-06
0,1.593,1,0.9116,STEADY FLOW,1.0,0.3,0.3000012419337912,0.30117185409216096,0.0012000049677351647,0.0012046874163686438,47.73067438934121,0.4511302346003068,0.02176582696547527,0.0,1.5548266166822815,1.5422904221160465,419.48916123175127,-0.0039020243743795825,0.11720707307372977,0.003053839506143019,0,0,1.0768253968253968e-06,8.119072214077393e-06
0,1.599,1,0.9188000000000001,STEADY FLOW,1.0,0.3,0.3000012399172912,0.3011709880193683,0.0012000049596691648,0.0012046839520774733,47.72771768703673,0.4511293575212905,0.021765577234006593,0.0,1.5548266166822813,1.542279340331821,419.4858761789773,-0.003899144224869054,0.11720684520191699,0.0030536506498806126,0,0,1.0768253968253968e-06,8.119072214077393e-06
0,1.605,1,0.9259999999999999,STEADY FLOW,1.0,0.3,0.3000012372969888,0.3011699789037877,0.0012000049491879552,0.001204679915615151,47.726996249530174,0.45112828671738786,0.021765373126378752,0.0,1.5548266166822866,1.5422695094221883,419.4825734597417,-0.003895789288501873,0.11720656699890235,0.003053604469311022,0,0,1.0768253968253968e-06,8.119072214077393e-06
0,1.611,1,0.9332,STEADY FLOW,1.0,0.3,0.30000123497835074,0.3011691544083137,0.001200004939913403,0.0012046766176332549,47.7286566695151,0.45112737199862957,0.0217652765550787,0.0,1.5548266166822855,1.5422640706457802,419.48030305157687,-0.0038930487404401953,0.11720632934799774,0.0030537103576535607,0,0,1.0768253968253968e-06,8.119072214077393e-06
0,1.617,1,0.9404000000000001,STEADY FLOW,1.0,0.3,0.30000123371289156,0.3011687705687752,0.0012000049348515663,0.001204675082275101,47.7320393214333,0.45112689957083346,0.021765314157424595,0.0,1.5548266166822815,1.5422645825842023,419.47974413004823,-0.0038917735151748835,0.11720620660765589,0.0030539262557758295,0,0,1.0768253968253968e-06,8.119072214077393e-06
0,1.623,1,0.9476,STEADY FLOW,1.0,0.3,0.30000123383353405,0.3011689363587996,0.0012000049353341363,0.0012046757454351985,47.73596547961394,0.45112700708625564,0.021765469363212938,0.0,1.5548266166822826,1.5422705860964512,419.4810189135131,-0.003892325742611657,0.11720623454098192,0.00305417692605503,0,0,1.0768253968253968e-06,8.119072214077393e-06
0,1.629,1,0.9547999999999999,STEADY FLOW,1.0,0.3,0.3000012352239046,0.30116957229664265,0.0012000049408956183,0.0012046782891865706,47.739161969790075,0.4511276326162794,0.021765685665137577,0.0,1.5548266166822806,1.5422798983452435,419.4836290700882,-0.0038944408741054255,0.11720639705844937,0.0030543810648162584,0,0,1.0768253968253968e-06,8.119072214077393e-06
0,1.635,1,0.962,STEADY FLOW,1.0,0.3,0.30000123741739704,0.30117044802712006,0.0012000049496695882,0.0012046817921084804,47.740632318681236,0.45112854680519227,0.021765889533594752,0.0,1.5548266166822813,1.54228938722458,419.48665728715974,-0.0038973526235702534,0.11720663457169608,0.003054475036221138,0,0,1.0768253968253968e-06,8.119072214077393e-06
0,1.641,1,0.9692000000000001,STEADY FLOW,1.0,0.3,0.30000123966005615,0.30117127190706255,0.0012000049586402247,0.0012046850876282502,47.73996229725116,0.45112944331042815,0.02176601694713443,0.0,1.5548266166822855,1.5422959687980458,419.4891141901819,-0.003900091374062963,0.11720686749058876,0.0030544323711592103,0,0,1.0768253968253968e-06,8.119072214077393e-06
0,1.647,1,0.9764000000000002,STEADY FLOW,1.0,0.3,0.30000124120021227,0.3011717839213476,0.001200004964800849,0.0012046871356853903,47.73747181504689,0.4511300373484389,0.021766030919708152,0.0,1.5548266166822784,1.5422976383506144,419.4902461961526,-0.0039017929274303134,0.11720702182619118,0.0030542734482112976,0,0,1.0768253968253968e-06,8.119072214077393e-06
0,1.653,1,0.9836,STEADY FLOW,1.0,0.3,0.30000124158557656,0.3011718294760611,0.0012000049663423063,0.0012046873179042445,47.73406019630412,0.4511301474012603,0.02176593052517845,0.0,1.5548266166822857,1.542294096711738,419.4897349442344,-0.0039019434862924826,0.11720705041875291,0.00305405565335759,0,0,1.0768253968253968e-06,8.119072214077393e-06
0,1.659,1,0.9908000000000001,STEADY FLOW,1.0,0.3,0.30000124076847834,0.3011714137866666,0.0012000049630739133,0.0012046856551466666,47.73086063786732,0.4511297584958768,0.02176575357781573,0.0,1.5548266166822842,1.5422867314127726,419.4878149136668,-0.0039005605949853778,0.11720694937817039,0.003053851343159497,0,0,1.0768253968253968e-06,8.119072214077393e-06
0,1.665,1,0.998,STEADY FLOW,1.0,0.3,0.30000123904229237,0.30117069522182727,0.0012000049561691694,0.0012046827808873091,47.728885518525544,0.45112902216080314,0.021765561792997802,0.0,1.5548266166822795,1.5422780726514853,419.4851821679438,-0.0038981711651198047,0.11720675807270654,0.003053725167510679,0,0,1.0768253968253968e-06,8.119072214077393e-06
0,1.671,2,0.005199999999999871,STEADY FLOW,1.0,0.3,0.30000123699501446,0.30116991975583296,0.001200004947980058,0.0012046796790233319,47.728730938379584,0.45112819226289663,0.02176541728944653,0.0,1.5548266166822788,1.5422709744230918,419.48271997023875,-0.0038955931399640847,0.11720654245890566,0.0030537152000851275,0,0,1.0768253968253968e-06,8.119072214077393e-06
0,1.677,2,0.012399999999999967,STEADY FLOW,1.0,0.3,0.3000012353272463,0.3011693366063156,0.0012000049413089854,0.0012046773464252625,47.730366192807,0.4511275371119822,0.021765363447368166,0.0,1.5548266166822782,1.5422676727035831,419.4812015843095,-0.0038936548971043195,0.11720637224570513,0.0030538195154323766,0,0,1.0768253968253968e-06,8.119072214077393e-06
0,1.683,2,0.019600000000000062,STEADY FLOW,1.0,0.3,0.30000123456003236,0.30116912649320937,0.0012000049382401294,0.0012046765059728374,47.733169945248854,0.4511272613836373,0.021765414513620743,0.0,1.5548266166822788,1.5422690533002132,419.4810786813526,-0.003892957090292751,0.11720630060937974,0.0030539984814776933,0,0,1.0768253968253968e-06,8.119072214077393e-06
0,1.689,2,0.026800000000000157,STEADY FLOW,1.0,0.3,0.3000012348768789,0.30116934284408114,0.0012000049395075156,0.0012046773713763246,47.73618552375494,0.45112743954204254,0.021765549729160477,0.0,1.5548266166822862,1.5422744446511827,419.4823375511883,-0.0038936771966343827,0.1172063468962912,0.0030541910236105974,0,0,1.0768253968253968e-06,8.119072214077393e-06
0,1.695,2,0.03400000000000025,STEADY FLOW,1.0,0.3,0.30000123613347046,0.3011698944176765,0.0012000049445338818,0.001204679577670706,47.73844302895177,0.4511279914253039,0.0217657206614902,0.0,1.554826616682283,1.5422819368588077,419.4845013943652,-0.0038955115627794016,0.11720649027976845,0.0030543352068663765,0,0,1.0768253968253968e-06,8.119072214077393e-06
0,1.701,2,0.04120000000000035,STEADY FLOW,1.0,0.3,0.30000123790260036,0.30117058634391786,0.0012000049516104015,0.0012046823453756715,47.73924136894277,0.4511287201749575,0.021765870369690896,0.0,1.5548266166822793,1.5422890250572194,419.48682460225143,-0.003897812054019436,0.11720667961448236,0.003054386258282138,0,0,1.0768253968253968e-06,8.119072214077393e-06
0,1.707,2,0.0484,STEADY FLOW,1.0,0.3,0.3000012395726835,0.3011711915487226,0.001200004958290734,0.0012046847661948904,47.7383814246894,0.45112938521874685,0.021765952556554967,0.0,1.5548266166822833,1.5422934264417447,419.48855985449586,-0.003899823806413711,0.11720685239792723,0.0030543314405981903,0,0,1.0768253968253968e-06,8.119072214077393e-06
0,1.713,2,0.055600000000000094,STEADY FLOW,1.0,0.3,0.3000012406000091,0.3011715193561491,0.0012000049624000364,0.0012046860774245964,47.73622469962464,0.45112977565110896,0.02176594349528658,0.0,1.5548266166822833,1.5422938416048169,419.489176690029,-0.0039009130555573432,0.11720695383523046,0.0030541937977237588,0,0,1.0768253968253968e-06,8.119072214077393e-06
0,1.719,2,0.06280000000000019,STEADY FLOW,1.0,0.3,0.30000124069849066,0.3011714738771992,0.0012000049627939626,0.001204685895508797,47.73353061251158,0.4511297751551066,0.021765849406499716,0.0,1.554826616682277,1.542290330800044,419.4885164801043,-0.003900761130133814,0.11720695370636526,0.0030540218001087194,0,0,1.0768253968253968e-06,8.119072214077393e-06
0,1.725,2,0.06999999999999984,STEADY FLOW,1.0,0.3,0.30000123988485206,0.30117108735467973,0.0012000049595394082,0.001204684349418719,47.73118250822106,0.45112940219545217,0.021765705107918316,0.0,1.55482661668228,1.542284202245205,419.48685251231444,-0.0038994754497572357,0.11720685680860465,0.003053871851921297,0,0,1.0768253968253968e-06,8.119072214077393e-06
0,1.731,2,0.07719999999999994,STEADY FLOW,1.0,0.3,0.30000123844187343,0.3011705020880679,0.0012000049537674938,0.0012046820083522717,47.72992210878753,0.45112879622696034,0.02176555995922315,0.0,1.5548266166822837,1.542277540324375,419.484775203682,-0.0038975293977696235,0.1172066993733723,0.0030537913178017018,0,0,1.0768253968253968e-06,8.119072214077393e-06
0,1.737,2,0.08440000000000003,STEADY FLOW,1.0,0.3,0.3000012368696613,0.3011699148029361,0.0012000049474786452,0.0012046796592117444,47.73011624454075,0.45112816224347846,0.021765460133041866,0.0,1.5548266166822857,1.5422725268461046,419.4829693727034,-0.0038955770498458457,0.11720653465963204,0.0030538036345191255,0,0,1.0768253968253968e-06,8.119072214077393e-06
0,1.743,2,0.09160000000000013,STEADY FLOW,1.0,0.3,0.3000012356952176,0.30116951332319253,0.0012000049427808703,0.0012046780532927702,47.73163247541357,0.4511277041993079,0.02176543549015834,0.0,1.5548266166822844,1.5422707114031764,419.481998600152,-0.0038942427195929126,0.1172064156562657,0.0030539003774714413,0,0,1.0768253968253968e-06,8.119072214077393e-06
0,1.749,2,0.09880000000000022,STEADY FLOW,1.0,0.3,0.30000123527176853,0.3011694207101905,0.0012000049410870741,0.001204677682840762,47.73391441591017,0.45112756387768016,0.021765491403081247,0.0,1.5548266166822855,1.5422725251632972,419.4821455535878,-0.0038939354278448744,0.11720637919963742,0.003054046046099268,0,0,1.0768253968253968e-06,8.119072214077393e-06
0,1.7550000000000001,2,0.10600000000000032,STEADY FLOW,1.0,0.3,0.3000012356890839,0.30116965343381713,0.0012000049427563356,0.0012046786137352686,47.73619667775046,0.451127772831677,0.02176560602902857,0.0,1.5548266166822842,1.542277214222292,419.4833145167497,-0.003894709773609704,0.11720643348747825,0.003054191773399273,0,0,1.0768253968253968e-06,8.119072214077393e-06
0,1.7610000000000001,2,0.11319999999999997,STEADY FLOW,1.0,0.3,0.300001236788579,0.30117011979872677,0.0012000049471543159,0.0012046804791949071,47.73774794551873,0.45112824589600015,0.021765739088749188,0.0,1.5548266166822813,1.542283145925138,419.48507494979214,-0.0038962606376571896,0.1172065563931947,0.0030542908611812525,0,0,1.0768253968253968e-06,8.119072214077393e-06
0,1.7670000000000001,2,0.12040000000000006,STEADY FLOW,1.0,0.3,0.3000012381890096,0.30117065862033565,0.0012000049527560383,0.0012046826344813426,47.73809306331249,0.45112881826909795,0.021765847092381368,0.0,1.554826616682279,1.542288348615013,419.4868315650204,-0.0038980520160029177,0.11720670510008764,0.0030543129620905773,0,0,1.0768253968253968e-06,8.119072214077393e-06
0,1.7730000000000001,2,0.12760000000000016,STEADY FLOW,1.0,0.3,0.3000012394113035,0.3011710946870383,0.0012000049576452142,0.0012046843787481532,47.73717456118645,0.4511293027720167,0.021765896898833112,0.0,1.554826616682279,1.5422911679134776,419.488025047902,-0.003899501475495122,0.11720683097763838,0.003054254382969468,0,0,1.0768253968253968e-06,8.119072214077393e-06
0,1.7790000000000001,2,0.13480000000000025,STEADY FLOW,1.0,0.3,0.30000124006931395,0.30117129116254115,0.0012000049602772559,0.0012046851646501646,47.73535307119975,0.4511295462988461,0.021765874523241063,0.0,1.5548266166822802,1.5422908066304777,419.48829298143914,-0.003900154189219005,0.11720689424776463,0.003054138123450567,0,0,1.0768253968253968e-06,8.119072214077393e-06
0,1.7850000000000001,2,0.14200000000000035,STEADY FLOW,1.0,0.3,0.3000012399893214,0.3011711942054499,0.0012000049599572855,0.0012046847768217997,47.73325631418139,0.45112947980573687,0.02176579023057283,0.0,1.554826616682283,1.5422875329349186,419.4875857924822,-0.003899831267931499,0.11720687697234809,0.0030540042545186274,0,0,1.0768253968253968e-06,8.119072214077393e-06
0,1.7910000000000001,2,0.1492,STEADY FLOW,1.0,0.3,0.30000123922563676,0.3011708495861093,0.0012000049569025472,0.001204683398344437,47.73156657803166,0.45112913998898185,0.02176567457023314,0.0,1.5548266166822788,1.542282528559499,419.48618034591135,-0.0038986850970733913,0.11720678868536537,0.0030538963416857356,0,0,1.0768253968253968e-06,8.119072214077393e-06
0,1.7970000000000002,2,0.1564000000000001,STEADY FLOW,1.0,0.3,0.30000123804522355,0.3011703806199581,0.0012000049521808942,0.0012046815224798324,47.73081472002935,0.45112864985684636,0.021765566352696056,0.0,1.5548266166822788,1.5422774829716124,419.48456514090367,-0.003897125833055162,0.11720666134530118,0.003053848285065053,0,0,1.0768253968253968e-06,8.119072214077393e-06
0,1.803,2,0.1636000000000002,STEADY FLOW,1.0,0.3,0.30000123685730967,0.3011699428169701,0.0012000049474292388,0.0012046797712678805,47.73120472629499,0.4511281729005878,0.021765499583385042,0.0,1.5548266166822817,1.5422740336830554,419.4832654346311,-0.003895670470906447,0.11720653742843025,0.0030538731252778284,0,0,1.0768253968253968e-06,8.119072214077393e-06
0,1.809,2,0.17079999999999984,STEADY FLOW,1.0,0.3,0.3000012360505737,0.3011696757712735,0.0012000049442022949,0.001204678703085094,47.73255401286757,0.4511278621006263,0.02176549410976817,0.0,1.5548266166822815,1.5422732215575732,419.48268518401443,-0.0038947830218366264,0.11720645668023164,0.003053959229414538,0,0,1.0768253968253968e-06,8.119072214077393e-06
0,1.815,2,0.17799999999999994,STEADY FLOW,1.0,0.3,0.30000123585857486,0.3011696593328172,0.0012000049434342994,0.0012046786373312687,47.73438134787388,0.4511278116866561,0.021765549349593745,0.0,1.5548266166822857,1.5422751815875706,419.4829844543655,-0.0038947288696942746,0.11720644358229795,0.0030540758848252025,0,0,1.0768253968253968e-06,8.119072214077393e-06
0,1.821,2,0.18520000000000003,STEADY FLOW,1.0,0.3,0.3000012363127872,0.30116988705238434,0.0012000049452511488,0.0012046795482095374,47.73608117001761,0.45112802576112593,0.021765644390073398,0.0,1.5548266166822795,1.5422791574751897,419.4840253630568,-0.0038954864118583045,0.11720649920047668,0.0030541844278573205,0,0,1.0768253968253968e-06,8.119072214077393e-06
0,1.827,2,0.19239999999999968,STEADY FLOW,1.0,0.3,0.30000123724852346,0.30117027322049367,0.0012000049489940938,0.0012046810928819747,47.737110549745324,0.4511284220348753,0.0217657464813892,0.0,1.5548266166822775,1.5422837810263452,419.48543403882906,-0.003896770502322241,0.11720660215541685,0.003054250190000829,0,0,1.0768253968253968e-06,8.119072214077393e-06
0,1.833,2,0.19959999999999978,STEADY FLOW,1.0,0.3,0.30000123833848935,0.30117068674358005,0.0012000049533539574,0.0012046827469743202,47.737162768760264,0.4511288650609248,0.02176582276666526,0.0,1.5548266166822853,1.5422875264589972,419.4867418551705,-0.003898145259558036,0.11720671725696089,0.0030542535773079305,0,0,1.0768253968253968e-06,8.119072214077393e-06
0,1.839,2,0.20679999999999987,STEADY FLOW,1.0,0.3,0.3000012392165115,0.30117099384040535,0.001200004956866046,0.0012046839753616213,47.73626753034719,0.45112921072145634,0.021765849928226125,0.0,1.554826616682283,1.5422892216399335,419.48753483951066,-0.0038991659732767548,0.1172068070622013,0.003054196465391179,0,0,1.0768253968253968e-06,8.119072214077393e-06
0,1.845,2,0.21399999999999997,STEADY FLOW,1.0,0.3,0.30000123961354935,0.30117109918196167,0.0012000049584541975,0.0012046843967278467,47.73476055881767,0.4511293508178618,0.021765820988764187,0.0,1.5548266166822837,1.5422884180391776,419.487576452985,-0.0038995157817323044,0.11720684346031512,0.00305410027315145,0,0,1.0768253968253968e-06,8.119072214077393e-06
0,1.851,2,0.22120000000000006,STEADY FLOW,1.0,0.3,0.3000012394299268,0.3011709776467244,0.001200004957719707,0.0012046839105868976,47.733152517307786,0.4511292491390046,0.02176574792285874,0.0,1.5548266166822864,1.542285490201852,419.48688621453994,-0.0038991112804080447,0.11720681704337313,0.0030539976017032178,0,0,1.0768253968253968e-06,8.119072214077393e-06
0,1.857,2,0.22840000000000016,STEADY FLOW,1.0,0.3,0.30000123874325046,0.3011706797708472,0.001200004954973002,0.0012046827190833889,47.731964364797115,0.4511289505215552,0.021765656653483928,0.0,1.5548266166822813,1.5422814733801111,419.48572392669047,-0.0038981206627535627,0.11720673946028395,0.003053921714905483,0,0,1.0768253968253968e-06,8.119072214077393e-06
0,1.863,2,0.2355999999999998,STEADY FLOW,1.0,0.3,0.30000123779596644,0.3011703096661675,0.0012000049511838658,0.00120468123866467,47.73156463865036,0.45112856028952947,0.02176557727980842,0.0,1.5548266166822817,1.5422777140647346,419.48448604885937,-0.0038968901554871293,0.11720663807502966,0.0030538961494421812,0,0,1.0768253968253968e-06,8.119072214077393e-06
0,1.869,2,0.24280000000000035,STEADY FLOW,1.0,0.3,0.30000123691285385,0.3011699889934015,0.0012000049476514154,0.0012046799559736062,47.7320468539424,0.4511282074342314,0.021765534579995797,0.0,1.554826616682282,1.5422754182215592,419.4835714974079,-0.0038958242058422755,0.11720654640053403,0.0030539268920237728,0,0,1.0768253968253968e-06,8.119072214077393e-06
0,1.875,2,0.25,STEADY FLOW,1.0,0.3,0.30000123637563536,0.3011698194563537,0.0012000049455025415,0.0012046792778254148,47.73321155853835,0.45112800457485497,0.021765540976013308,0.0,1.554826616682282,1.5422752576258445,419.48326243751643,-0.0038952608823755036,0.11720649369612204,0.003054001225489822,0,0,1.0768253968253968e-06,8.119072214077393e-06
0,1.881,2,0.25719999999999965,STEADY FLOW,1.0,0.3,0.30000123633478937,0.3011698495818852,0.0012000049453391574,0.0012046793983275408,47.73465274843535,0.4511280110871058,0.021765592287077036,0.0,1.5548266166822824,1.5422771833561297,419.4836337585192,-0.003895361437083075,0.11720649538805446,0.003054093234427402,0,0,1.0768253968253968e-06,8.119072214077393e-06
0,1.887,2,0.2644000000000002,STEADY FLOW,1.0,0.3,0.3000012367842059,0.3011700599256686,0.0012000049471368238,0.0012046802397026744,47.73589640927557,0.45112821470177356,0.021765669619149185,0.0,1.5548266166822808,1.5422804831932317,419.48453227063357,-0.0038960610762528163,0.11720654828869691,0.0030541726541362113,0,0,1.0768253968253968e-06,8.119072214077393e-06
0,1.893,2,0.27159999999999984,STEADY FLOW,1.0,0.3,0.3000012375618913,0.30117037398718605,0.0012000049502475653,0.0012046814959487443,47.73654786677245,0.45112854028060684,0.021765746817423867,0.0,1.554826616682278,1.5422840318436177,419.4856424201602,-0.003897105341285711,0.11720663287655904,0.003054214282055323,0,0,1.0768253968253968e-06,8.119072214077393e-06
0,1.899,2,0.27879999999999994,STEADY FLOW,1.0,0.3,0.3000012383968804,0.3011706865376712,0.0012000049535875216,0.0012046827461506847,47.73642177405339,0.45112887806742946,0.02176579929138934,0.0,1.5548266166822824,1.5422866688533123,419.48659945530994,-0.0038981443778030875,0.1172067206361499,0.003054206273044313,0,0,1.0768253968253968e-06,8.119072214077393e-06
0,1.905,2,0.28600000000000003,STEADY FLOW,1.0,0.3,0.3000012390144775,0.3011708968821058,0.00120000495605791,0.0012046835875284233,47.73559687989883,0.4511291186342987,0.021765811114477854,0.0,1.5548266166822782,1.542287584719583,419.48710191411027,-0.003898843456349388,0.11720678313725592,0.0030541536386961,0,0,1.0768253968253968e-06,8.119072214077393e-06
0,1.911,2,0.2932000000000001,STEADY FLOW,1.0,0.3,0.3000012392307085,0.301170941027321,0.001200004956922834,0.001204683764109284,47.73437219276372,0.45112918798043383,0.021765780093286544,0.0,1.5548266166822857,1.5422865660953504,419.487005385977,-0.003898989882881643,0.11720680115391033,0.003054075460210637,0,0,1.0768253968253968e-06,8.119072214077393e-06
0,1.917,2,0.3004000000000002,STEADY FLOW,1.0,0.3,0.300001238994955,0.30117081250379024,0.00120000495597982,0.001204683250015161,47.73315785107793,0.45112907171622657,0.021765718368953777,0.0,1.5548266166822793,1.542284028172713,419.4863690586882,-0.0038985622617875603,0.11720677094758321,0.0030539979219679214,0,0,1.0768253968253968e-06,8.119072214077393e-06
0,1.923,2,0.3076000000000003,STEADY FLOW,1.0,0.3,0.30000123839789294,0.3011705612438323,0.0012000049535915718,0.0012046822449753292,47.73234552142509,0.45112881643947866,0.02176564739644867,0.0,1.5548266166822828,1.5422808556097014,419.4854251131739,-0.00389772673000922,0.1172067046247386,0.0030539460324892076,0,0,1.0768253968253968e-06,8.119072214077393e-06
0,1.929,2,0.31479999999999997,STEADY FLOW,1.0,0.3,0.30000123765061437,0.3011702734690837,0.0012000049506024576,0.0012046810938763349,47.73218170772071,0.45112851041272556,0.021765590265288418,0.0,1.5548266166822833,1.5422781034357094,419.48449052290107,-0.003896769985431999,0.11720662511665587,0.0030539355375891475,0,0,1.0768253968253968e-06,8.119072214077393e-06
0,1.935,2,0.32200000000000006,STEADY FLOW,1.0,0.3,0.300001237005112,0.30117004324577,0.001200004948020448,0.00120468017298308,47.73268853944526,0.4511282542035785,0.021765564730192498,0.0,1.5548266166822813,1.5422766423726892,419.4838646918514,-0.0038960047376008335,0.11720655855156686,0.003053967863975604,0,0,1.0768253968253968e-06,8.119072214077393e-06
0,1.941,2,0.32920000000000016,STEADY FLOW,1.0,0.3,0.30000123666224043,0.30116994283214826,0.0012000049466489617,0.0012046797713285932,47.733669974745325,0.4511281288157326,0.021765577831728167,0.0,1.5548266166822777,1.5422768821926616,419.48373775412625,-0.003895671174261216,0.11720652597484889,0.0030540305062687345,0,0,1.0768253968253968e-06,8.119072214077393e-06
0,1.947,2,0.3363999999999998,STEADY FLOW,1.0,0.3,0.30000123671553613,0.3011699988709307,0.0012000049468621446,0.001204679995483723,47.734789745406964,0.45112816892989666,0.021765623532801554,0.0,1.5548266166822793,1.5422786674850766,419.48412856453945,-0.0038958577910891013,0.11720653639681444,0.0030541019985845796,0,0,1.0768253968253968e-06,8.119072214077393e-06
0,1.953,2,0.34360000000000035,STEADY FLOW,1.0,0.3,0.3000012371342568,0.30117018560947373,0.0012000049485370273,0.0012046807424378949,47.73568146260479,0.451128353502591,0.021765685419740766,0.0,1.5548266166822793,1.5422813552136834,419.48488537363005,-0.0038964788491648267,0.11720658435020709,0.0030541589478558784,0,0,1.0768253968253968e-06,8.119072214077393e-06
0,1.959,2,0.3508,STEADY FLOW,1.0,0.3,0.30000123776754883,0.30117043689908285,0.0012000049510701954,0.0012046817475963314,47.73606546655731,0.4511286164396883,0.021765742897850212,0.0,1.5548266166822817,1.542284036513634,419.48574749755187,-0.003897314358549324,0.11720665266326885,0.003054183494423768,0,0,1.0768253968253968e-06,8.119072214077393e-06
0,1.965,2,0.3580000000000001,STEADY FLOW,1.0,0.3,0.3000012383973659,0.30117066927942154,0.0012000049535894636,0.0012046826771176862,47.73584080588164,0.45112886992006024,0.021765777770240625,0.0,1.5548266166822833,1.542285844035621,419.4864340803911,-0.003898086848917232,0.11720671851940129,0.0030541691822070227,0,0,1.0768253968253968e-06,8.119072214077393e-06
0,1.971,2,0.3652000000000002,STEADY FLOW,1.0,0.3,0.30000123882098567,0.3011708083472639,0.0012000049552839426,0.0012046832333890557,47.7351097119648,0.4511290323103976,0.02176577964037665,0.0,1.5548266166822784,1.5422862357624456,419.4867305193509,-0.0038985489889131527,0.11720676070964851,0.0030541225267100014,0,0,1.0768253968253968e-06,8.119072214077393e-06
0,1.977,2,0.37239999999999984,STEADY FLOW,1.0,0.3,0.30000123891497943,0.30117081311171856,0.0012000049556599177,0.0012046832524468742,47.734130514228596,0.45112905496908123,0.021765749349487776,0.0,1.5548266166822804,1.542285151566398,419.4865575019948,-0.0038985645558304244,0.11720676659654723,0.003054060015737603,0,0,1.0768253968253968e-06,8.119072214077393e-06
0,1.983,2,0.3796000000000004,STEADY FLOW,1.0,0.3,0.3000012386619769,0.301170688508034,0.0012000049546479078,0.001204682754032136,47.73322856566809,0.4511289373069034,0.0217656982971168,0.0,1.5548266166822806,1.5422830061125168,419.48599357994897,-0.0038981500585562596,0.1172067360270167,0.0030540024209757544,0,0,1.0768253968253968e-06,8.119072214077393e-06
0,1.989,2,0.38680000000000003,STEADY FLOW,1.0,0.3,0.3000012381567059,0.30117048084004655,0.0012000049526268235,0.0012046819233601863,47.73269272229219,0.45112872390830633,0.02176564390081792,0.0,1.5548266166822782,1.542280538981132,419.4852393167522,-0.0038974595255834676,0.11720668058443483,0.0030539681870467295,0,0,1.0768253968253968e-06,8.119072214077393e-06
0,1.995,2,0.39400000000000013,STEADY FLOW,1.0,0.3,0.30000123757646674,0.30117026043201467,0.001200004950305867,0.0012046810417280587,47.732680298344654,0.4511284875114047,0.02176560369565379,0.0,1.5548266166822784,1.5422785630832736,419.4845450191454,-0.0038967267768352082,0.1172066191667182,0.003053967365446608,0,0,1.0768253968253968e-06,8.119072214077393e-06
0,2.001,2,0.4012000000000002,STEADY FLOW,1.0,0.3,0.30000123711327276,0.30117009895999153,0.001200004948453091,0.0012046803958399661,47.73316997951042,0.4511283054001814,0.021765590081898323,0.0,1.5548266166822782,1.5422776935709988,419.48413188017577,-0.003896190088967628,0.11720657185283448,0.0030539986061228763,0,0,1.0768253968253968e-06,8.119072214077393e-06
0,2.007,2,0.4084000000000003,STEADY FLOW,1.0,0.3,0.3000012369081755,0.3011700462555076,0.0012000049476327019,0.0012046801850220303,47.733980443833914,0.4511282342933079,0.02176560636091764,0.0,1.5548266166822833,1.5422781585684497,419.48412199582737,-0.003896015094397261,0.11720655337872683,0.0030540503394071994,0,0,1.0768253968253968e-06,8.119072214077393e-06
0,2.013,2,0.4155999999999995,STEADY FLOW,1.0,0.3,0.3000012370153721,0.30117011424618456,0.0012000049480614884,0.0012046804569847383,47.73483735610999,0.4511282919629389,0.021765645817474474,0.0,1.5548266166822804,1.5422797482720858,419.4844997292105,-0.0038962413703397844,0.11720656836173649,0.0030541050522465696,0,0,1.0768253968253968e-06,8.119072214077393e-06
0,2.019,2,0.42280000000000006,STEADY FLOW,1.0,0.3,0.30000123738920925,0.3011702751783818,0.001200004949556837,0.0012046811007135271,47.73546185641875,0.45112845359987735,0.021765694593546638,0.0,1.5548266166822788,1.5422819003404429,419.4851243324667,-0.003896776557811011,0.11720661035624495,0.0030541449397976095,0,0,1.0768253968253968e-06,8.119072214077393e-06
0,2.025,2,0.4299999999999997,STEADY FLOW,1.0,0.3,0.3000012378957771,0.3011704731557086,0.0012000049515831085,0.0012046818926228344,47.73566159295639,0.45112866257758416,0.021765736657769107,0.0,1.554826616682278,1.5422838934160135,419.48578399216,-0.003897434784378168,0.11720666465024583,0.003054157716278816,0,0,1.0768253968253968e-06,8.119072214077393e-06
0,2.031,2,0.4371999999999998,STEADY FLOW,1.0,0.3,0.30000123836340653,0.30117064283855766,0.0012000049534536261,0.0012046825713542307,47.73539215986738,0.45112884955786053,0.021765758761408783,0.0,1.5548266166822833,1.5422850907240244,419.4862651344947,-0.003897998826706733,0.11720671322914662,0.003054140537430028,0,0,1.0768253968253968e-06,8.119072214077393e-06
0,2.037,2,0.4443999999999999,STEADY FLOW,1.0,0.3,0.3000012386446589,0.30117073044043785,0.0012000049545786355,0.0012046829217617515,47.73476288474552,0.45112895488110877,0.021765754553138436,0.0,1.5548266166822857,1.5422851437858447,419.48641940215475,-0.0038982898906100446,0.11720674059292918,0.003054100375559532,0,0,1.0768253968253968e-06,8.119072214077393e-06
0,2.043,2,0.4516,STEADY FLOW,1.0,0.3,0.3000012386589291,0.3011707113607073,0.0012000049546357164,0.0012046828454428291,47.73399202751909,0.45112894819581173,0.021765726619753997,0.0,1.5548266166822828,1.5422840877764936,419.48621161152425,-0.0038982262440181337,0.11720673885603809,0.003054051162272753,0,0,1.0768253968253968e-06,8.119072214077393e-06
0,2.049,2,0.45879999999999965,STEADY FLOW,1.0,0.3,0.3000012384112928,0.30117059691438663,0.0012000049536451713,0.0012046823876575466,47.73333416891021,0.4511288370703412,0.021765685153215822,0.0,1.5548266166822817,1.5422823120796483,419.48572643459505,-0.0038978455865262053,0.11720670998479393,0.003054009151093995,0,0,1.0768253968253968e-06,8.119072214077393e-06
0,2.055,2,0.4660000000000002,STEADY FLOW,1.0,0.3,0.300001237993193,0.3011704283188255,0.001200004951972772,0.001204681713275302,47.73299768595032,0.45112866207260105,0.02176564408191663,0.0,1.5548266166822833,1.5422804227535736,419.4851328739123,-0.0038972850027338985,0.11720666451904738,0.0030539876487996054,0,0,1.0768253968253968e-06,8.119072214077393e-06
0,2.061,2,0.47319999999999984,STEADY FLOW,1.0,0.3,0.30000123754943964,0.30117026213969983,0.0012000049501977585,0.0012046810485587993,47.73307656200504,0.45112848226180674,0.021765616564742102,0.0,1.5548266166822782,1.5422790358950802,419.4846262542359,-0.003896732559536694,0.11720661780283262,0.0030539926628943004,0,0,1.0768253968253968e-06,8.119072214077393e-06
0,2.067,2,0.4804000000000004,STEADY FLOW,1.0,0.3,0.30000123722408784,0.301170152050074,0.0012000049488963514,0.0012046806082002962,47.73352533006472,0.4511283560345051,0.021765610959041632,0.0,1.5548266166822833,1.5422785752678838,419.4843667002062,-0.003896366684358204,0.11720658500801769,0.0030540212983332093,0,0,1.0768253968253968e-06,8.119072214077393e-06
0,2.073,2,0.48760000000000003,STEADY FLOW,1.0,0.3,0.30000123711464366,0.3011701312094064,0.0012000049484585747,0.0012046805248376255,47.73418276899481,0.4511283218842865,0.021765628104089524,0.0,1.5548266166822788,1.5422791464112797,419.48442745520856,-0.0038962975819864477,0.11720657613553061,0.0030540632662694467,0,0,1.0768253968253968e-06,8.119072214077393e-06
0,2.079,2,0.49480000000000013,STEADY FLOW,1.0,0.3,0.3000012372478195,0.301170202076449,0.001200004948991278,0.001204680808305796,47.73482824397007,0.45112838643372627,0.02176566134299492,0.0,1.5548266166822848,1.5422805194057927,419.48477357094777,-0.003896533358840303,0.117206592905967,0.003054104481467368,0,0,1.0768253968253968e-06,8.119072214077393e-06
0,2.085,2,0.5020000000000002,STEADY FLOW,1.0,0.3,0.3000012375709765,0.30117033751011985,0.0012000049502839062,0.0012046813500404794,47.73525327295714,0.4511285242502212,0.021765699224251648,0.0,1.5548266166822788,1.5422822152291054,419.4852799872329,-0.003896983721164476,0.11720662871174269,0.0030541316320431555,0,0,1.0768253968253968e-06,8.119072214077393e-06
0,2.091,2,0.5092000000000003,STEADY FLOW,1.0,0.3,0.30000123796966155,0.30117049112970495,0.0012000049518786462,0.0012046819645188198,47.73533019479982,0.45112868779549514,0.02176572940435802,0.0,1.5548266166822806,1.5422836708153644,419.4857769690607,-0.003897494450211692,0.11720667120205128,0.003054136562408827,0,0,1.0768253968253968e-06,8.119072214077393e-06
0,2.097,2,0.5164,STEADY FLOW,1.0,0.3,0.30000123831110226,0.30117061253986105,0.0012000049532444091,0.0012046824501594441,47.73505087432091,0.45112882313769703,0.021765742452163835,0.0,1.554826616682279,1.5422844275239866,419.4861045954375,-0.0038978980064946008,0.11720670636498678,0.003054118746008916,0,0,1.0768253968253968e-06,8.119072214077393e-06
0,2.103,2,0.5236000000000005,STEADY FLOW,1.0,0.3,0.3000012384894658,0.30117066381171786,0.0012000049539578632,0.0012046826552468714,47.73452184754491,0.45112888766147474,0.021765734875337537,0.0,1.554826616682278,1.5422842741239875,419.4861640129677,-0.0038980683151183825,0.11720672312875598,0.003054084979542626,0,0,1.0768253968253968e-06,8.119072214077393e-06
0,2.109,2,0.5308000000000002,STEADY FLOW,1.0,0.3,0.3000012384546253,0.3011706316717965,0.0012000049538185011,0.001204682526687186,47.733924206130595,0.45112886384426604,0.021765710114886972,0.0,1.5548266166822864,1.5422833009316026,419.485948543597,-0.003897961299076665,0.11720671694086365,0.0030540468227291395,0,0,1.0768253968253968e-06,8.119072214077393e-06
0,2.115,2,0.5380000000000007,STEADY FLOW,1.0,0.3,0.30000123822586194,0.30117053045722975,0.0012000049529034477,0.001204682121828919,47.733454085126645,0.45112876357214415,0.02176567697800262,0.0,1.5548266166822793,1.5422818583253108,419.4855408710959,-0.0038976246840936907,0.11720669088940219,0.0030540167979873356,0,0,1.0768253968253968e-06,8.119072214077393e-06
0,2.121,2,0.5451999999999999,STEADY FLOW,1.0,0.3,0.3000012378864777,0.30117039581666194,0.0012000049515459108,0.0012046815832666479,47.7332581272736,0.45112862252537256,0.021765646464441762,0.0,1.554826616682282,1.5422804338989873,419.48508071828974,-0.003897177019738499,0.117206654244376,0.0030540042709368276,0,0,1.0768253968253968e-06,8.119072214077393e-06
0,2.1270000000000002,2,0.5524,STEADY FLOW,1.0,0.3,0.30000123755218316,0.30117027260099577,0.0012000049502087326,0.0012046810904039831,47.73338666651328,0.45112848794581795,0.021765628294618592,0.0,1.5548266166822848,1.542279486886139,419.4847185109935,-0.003896767421198513,0.11720661927958206,0.0030540124611730946,0,0,1.0768253968253968e-06,8.119072214077393e-06
0,2.133,2,0.5596000000000001,STEADY FLOW,1.0,0.3,0.30000123732961537,0.30117020022399665,0.0012000049493184615,0.0012046808008959865,47.7337829222045,0.4511284031426817,0.021765627837751607,0.0,1.55482661668228,1.5422793002092063,419.48456733808905,-0.0038965269103104047,0.11720659724708096,0.003054037748963845,0,0,1.0768253968253968e-06,8.119072214077393e-06
0,2.1390000000000002,2,0.5668000000000002,STEADY FLOW,1.0,0.3,0.3000012372846818,0.3011701997566491,0.0012000049491387272,0.0012046807990265965,47.73430751918061,0.45112839325181536,0.02176564441586789,0.0,1.5548266166822837,1.5422798994419338,419.4846665019846,-0.0038965255028532574,0.11720659467735853,0.0030540712387299163,0,0,1.0768253968253968e-06,8.119072214077393e-06
0,2.145,2,0.5739999999999998,STEADY FLOW,1.0,0.3,0.30000123742515106,0.30117026791057117,0.0012000049497006044,0.0012046810716422848,47.73478563428226,0.45112845788286027,0.021765671851555115,0.0,1.5548266166822784,1.5422810564629876,419.48497198407114,-0.0038967522116030847,0.11720661146899654,0.003054101769587536,0,0,1.0768253968253968e-06,8.119072214077393e-06
0,2.1510000000000002,2,0.5812000000000004,STEADY FLOW,1.0,0.3,0.3000012376974181,0.30117037961127113,0.0012000049507896724,0.0012046815184450846,47.735064434885686,0.4511285728249447,0.02176570083845001,0.0,1.5548266166822793,1.5422823723461363,419.4853759635051,-0.0038971236346439465,0.11720664133182605,0.0030541195822213485,0,0,1.0768253968253968e-06,8.119072214077393e-06
0,2.157,2,0.5884,STEADY FLOW,1.0,0.3,0.3000012380064615,0.3011704969940234,0.0012000049520258461,0.0012046819879760935,47.73506303945853,0.45112869886787904,0.021765721991013346,0.0,1.5548266166822782,1.5422834145900097,419.4857442091655,-0.003897513874715,0.117206674078741,0.003054119508115294,0,0,1.0768253968253968e-06,8.119072214077393e-06
0,2.1630000000000003,2,0.5956000000000001,STEADY FLOW,1.0,0.3,0.30000123825111985,0.30117058183216094,0.0012000049530044793,0.001204682327328644,47.73479525390384,0.45112879474595796,0.0217657287882315,0.0,1.5548266166822864,1.5422838598636328,419.4859591756573,-0.0038977958486367667,0.1172066989885966,0.0030541024234151948,0,0,1.0768253968253968e-06,8.119072214077393e-06
0,2.169,2,0.6028000000000002,STEADY FLOW,1.0,0.3,0.3000012383564933,0.3011706081340449,0.0012000049534259731,0.0012046824325361795,47.73435933916083,0.4511288307900989,0.021765719677056414,0.0,1.5548266166822795,1.5422835921341609,419.4859580929258,-0.003897883168608964,0.11720670835313914,0.0030540745981888495,0,0,1.0768253968253968e-06,8.119072214077393e-06
0,2.1750000000000003,2,0.6100000000000003,STEADY FLOW,1.0,0.3,0.3000012382942018,0.30117057019244237,0.0012000049531768072,0.0012046822807697695,47.73390307842723,0.45112879821013674,0.02176569837051243,0.0,1.5548266166822837,1.5422827294899892,419.4857515756552,-0.0038977569055694125,0.11720669988861664,0.003054045466272859,0,0,1.0768253968253968e-06,8.119072214077393e-06
0,2.181,2,0.6172,STEADY FLOW,1.0,0.3,0.3000012380912729,0.30117048322038,0.0012000049523650915,0.0012046819328815198,47.73357503776451,0.4511287106947665,0.02176567229189248,0.0,1.5548266166822782,1.5422815771067744,419.4854157934186,-0.003897467678954673,0.1172066771514565,0.0030540245134447197,0,0,1.0768253968253968e-06,8.119072214077393e-06
0,2.1870000000000003,2,0.6244000000000005,STEADY FLOW,1.0,0.3,0.30000123782043553,0.3011703773696351,0.0012000049512817421,0.0012046815094785403,47.73347550892237,0.4511285988354689,0.021765650024485862,0.0,1.5548266166822802,1.542280520641609,419.4850644404729,-0.003897115750900111,0.11720664808955848,0.0030540181460572136,0,0,1.0768253968253968e-06,8.119072214077393e-06
0,2.193,2,0.6316000000000002,STEADY FLOW,1.0,0.3,0.3000012375725081,0.30117028765935194,0.0012000049502900324,0.0012046811506374077,47.73362573542379,0.45112849983387526,0.021765638605174588,0.0,1.5548266166822844,1.542279896521169,419.4848116134735,-0.0038968175474986076,0.11720662236818997,0.0030540277251522863,0,0,1.0768253968253968e-06,8.119072214077393e-06
0,2.199,2,0.6387999999999994,STEADY FLOW,1.0,0.3,0.300001237425479,0.3011702424185368,0.001200004949701916,0.0012046809696741473,47.73396580457924,0.4511284451711678,0.021765641257169507,0.0,1.5548266166822817,1.5422798858449844,419.4847348593123,-0.003896667237408141,0.11720660816640197,0.003054049429341621,0,0,1.0768253968253968e-06,8.119072214077393e-06
0,2.205,2,0.6459999999999999,STEADY FLOW,1.0,0.3,0.30000123742225804,0.30117025417347343,0.0012000049496890322,0.0012046810166938936,47.73437787870878,0.4511284504215952,0.021765656451854448,0.0,1.5548266166822793,1.5422804645036485,419.4848507565975,-0.0038967064311469907,0.11720660953050302,0.003054075737198625,0,0,1.0768253968253968e-06,8.119072214077393e-06
0,2.211,2,0.6531999999999996,STEADY FLOW,1.0,0.3,0.30000123755821967,0.30117031644799724,0.0012000049502328787,0.001204681265791989,47.73472560607641,0.4511285110693929,0.02176567869822305,0.0,1.5548266166822793,1.5422814194661107,419.4851128014761,-0.003896913557067237,0.11720662528726307,0.0030540979436060045,0,0,1.0768253968253968e-06,8.119072214077393e-06
0,2.217,2,0.6604000000000001,STEADY FLOW,1.0,0.3,0.30000123778277765,0.3011704069384447,0.0012000049511311107,0.0012046816277537788,47.7348993167288,0.45112860511424435,0.021765700538243362,0.0,1.5548266166822784,1.5422824250624607,419.48543012044905,-0.003897214439207118,0.11720664972083221,0.0030541090447235852,0,0,1.0768253968253968e-06,8.119072214077393e-06
0,2.223,2,0.6675999999999997,STEADY FLOW,1.0,0.3,0.3000012380188203,0.30117049522015693,0.0012000049520752812,0.0012046819808806278,47.73485112501745,0.45112870075454636,0.02176571494453585,0.0,1.5548266166822824,1.542283154305238,419.4856980303759,-0.00389750792049497,0.11720667456891157,0.003054105979366506,0,0,1.0768253968253968e-06,8.119072214077393e-06
0,2.229,2,0.6747999999999998,STEADY FLOW,1.0,0.3,0.30000123819024826,0.3011705528122698,0.001200004952760993,0.001204682211249079,47.734606954360444,0.4511287669601619,0.02176571757052339,0.0,1.5548266166822802,1.54228338498488,419.4858319663219,-0.0038976993197606313,0.11720669176963505,0.00305409039882254,0,0,1.0768253968253968e-06,8.119072214077393e-06
0,2.235,2,0.6819999999999999,STEADY FLOW,1.0,0.3,0.30000123824508984,0.3011705625158389,0.0012000049529803593,0.0012046822500633555,47.734254129362746,0.4511287836921349,0.021765708116791575,0.0,1.554826616682279,1.5422830653566035,419.4857947543419,-0.0038977314813406806,0.11720669611672913,0.003054067876000932,0,0,1.0768253968253968e-06,8.119072214077393e-06
0,2.241,2,0.6892,STEADY FLOW,1.0,0.3,0.3000012381702168,0.30117052347020595,0.001200004952680867,0.0012046820938808238,47.73391130008993,0.45112874789760615,0.021765690211539165,0.0,1.5548266166822833,1.5422823230536005,419.4856065333228,-0.0038976015803165696,0.11720668681703778,0.003054045985247056,0,0,1.0768253968253968e-06,8.119072214077393e-06
0,2.247,2,0.6963999999999997,STEADY FLOW,1.0,0.3,0.300001237995631,0.30117045046482305,0.001200004951982524,0.0012046818018592923,47.73368899623042,0.4511286734911789,0.021765669992967942,0.0,1.5548266166822768,1.5422814169506038,419.4853348094597,-0.0038973588142629935,0.11720666748568091,0.003054031784255562,0,0,1.0768253968253968e-06,8.119072214077393e-06
0,2.253,2,0.7036000000000002,STEADY FLOW,1.0,0.3,0.30000123778284254,0.301170368516778,0.0012000049511313702,0.001204681474067112,47.733653441990626,0.45112858614910123,0.021765654070945203,0.0,1.5548266166822782,1.542280647221846,419.4850707383003,-0.0038970863672959646,0.1172066447935435,0.0030540295040759613,0,0,1.0768253968253968e-06,8.119072214077393e-06
0,2.259,2,0.7107999999999999,STEADY FLOW,1.0,0.3,0.30000123760208475,0.3011703045271804,0.001200004950408339,0.0012046812181087216,47.7338072848828,0.4511285146937368,0.021765647416100112,0.0,1.5548266166822784,1.542280255722133,419.4848993779419,-0.0038968736743889326,0.11720662622889523,0.0030540393173152935,0,0,1.0768253968253968e-06,8.119072214077393e-06
0,2.265,2,0.7180000000000004,STEADY FLOW,1.0,0.3,0.3000012375096349,0.3011702783765659,0.0012000049500385398,0.0012046811135062636,47.73409243350045,0.45112848151253804,0.02176565176000146,0.0,1.5548266166822866,1.5422803513239631,419.48487199932475,-0.003896786815399137,0.11720661760816693,0.0030540575177244733,0,0,1.0768253968253968e-06,8.119072214077393e-06
0,2.271,2,0.7252000000000001,STEADY FLOW,1.0,0.3,0.30000123753171926,0.30117029671556883,0.001200004950126877,0.0012046811868622754,47.734411179963665,0.451128495503784,0.02176566517352331,0.0,1.5548266166822848,1.5422808814321793,419.48499064037,-0.003896847871255911,0.11720662124319925,0.003054077868453575,0,0,1.0768253968253968e-06,8.119072214077393e-06
0,2.277,2,0.7324000000000002,STEADY FLOW,1.0,0.3,0.3000012376563591,0.3011703515813342,0.0012000049506254364,0.0012046814063253369,47.73465891343627,0.45112854998202256,0.021765682921295583,0.0,1.5548266166822842,1.542281655348385,419.4852102917015,-0.003897030339302457,0.1172066353970608,0.003054093690490589,0,0,1.0768253968253968e-06,8.119072214077393e-06
0,2.283,2,0.7396000000000003,STEADY FLOW,1.0,0.3,0.3000012378381977,0.30117042368687297,0.0012000049513527908,0.001204681694747492,47.734758790887206,0.4511286256076407,0.021765699105399886,0.0,1.5548266166822817,1.5422824119227834,419.48545577749155,-0.003897270081618318,0.11720665504517276,0.003054100075787769,0,0,1.0768253968253968e-06,8.119072214077393e-06
0,2.289,2,0.7468000000000004,STEADY FLOW,1.0,0.3,0.3000012380158006,0.301170488975938,0.0012000049520632023,0.001204681955903752,47.73468557727443,0.4511286970133666,0.021765708560313807,0.0,1.5548266166822862,1.5422829079003042,419.48564669099824,-0.0038974871166225647,0.11720667359692455,0.0030540954100819473,0,0,1.0768253968253968e-06,8.119072214077393e-06
0,2.295,2,0.754,STEADY FLOW,1.0,0.3,0.30000123813258966,0.301170526629967,0.0012000049525303586,0.0012046821065198681,47.734470794657724,0.4511287412862507,0.02176570852472243,0.0,1.5548266166822788,1.5422829954318762,419.4857236735246,-0.003897612238722169,0.11720668509935724,0.0030540817031998735,0,0,1.0768253968253968e-06,8.119072214077393e-06
0,2.301,2,0.7612000000000005,STEADY FLOW,1.0,0.3,0.30000123815358437,0.3011705257858037,0.0012000049526143374,0.001204682103143215,47.73418989920361,0.45112874540377657,0.0217656994603751,0.0,1.554826616682285,1.5422826646455705,419.48566717551324,-0.0038976093546011946,0.11720668616912185,0.003054063771013693,0,0,1.0768253968253968e-06,8.119072214077393e-06
0,2.307,2,0.7683999999999997,STEADY FLOW,1.0,0.3,0.30000123807590345,0.3011704885142784,0.0012000049523036137,0.0012046819540571137,47.73393660462605,0.4511287099143543,0.021765684711109234,0.0,1.5548266166822804,1.5422820410439644,419.4855016782818,-0.003897485376640727,0.11720667694869948,0.0030540475962299585,0,0,1.0768253968253968e-06,8.119072214077393e-06
0,2.313,2,0.7755999999999998,STEADY FLOW,1.0,0.3,0.3000012379293252,0.3011704284478373,0.0012000049517173008,0.0012046817137913494,47.733791594075626,0.4511286480196652,0.021765669271954665,0.0,1.5548266166822808,1.5422813393905757,419.4852853512197,-0.0038972856464931723,0.11720666086798752,0.003054038331209208,0,0,1.0768253968253968e-06,8.119072214077393e-06
0,2.319,2,0.7827999999999999,STEADY FLOW,1.0,0.3,0.30000123776460724,0.3011703659760831,0.001200004951058429,0.0012046814639043325,47.73379658566838,0.45112858086041707,0.021765658156355967,0.0,1.5548266166822855,1.5422807897319715,419.48509019775923,-0.003897077959368954,0.11720664341950304,0.0030540386419766197,0,0,1.0768253968253968e-06,8.119072214077393e-06
0,2.325,2,0.79,STEADY FLOW,1.0,0.3,0.3000012376353839,0.3011703214180064,0.0012000049505415356,0.0012046812856720257,47.73394300340705,0.45112853039922585,0.021765654773662484,0.0,1.5548266166822806,1.5422805622181583,419.4849784241995,-0.0038969298654808623,0.11720663030930098,0.0030540479836289602,0,0,1.0768253968253968e-06,8.119072214077393e-06
0,2.331,2,0.7971999999999997,STEADY FLOW,1.0,0.3,0.30000123758154107,0.30117030833999675,0.0012000049503261643,0.0012046812333599871,47.734177382351994,0.4511285121643715,0.021765659856254956,0.0,1.5548266166822817,1.542280715617607,419.48498232199506,-0.0038968864524698377,0.11720662557174684,0.0030540629445299228,0,0,1.0768253968253968e-06,8.119072214077393e-06
0,2.337,2,0.8044000000000002,STEADY FLOW,1.0,0.3,0.300001237617424,0.3011703294798027,0.001200004950469696,0.001204681317919211,47.73442016112049,0.4511285305215254,0.021765671364179902,0.0,1.5548266166822857,1.542281183395682,419.4850951832563,-0.0038969567981237078,0.11720663034107534,0.0030540784459369696,0,0,1.0768253968253968e-06,8.119072214077393e-06
0,2.343,2,0.8115999999999999,STEADY FLOW,1.0,0.3,0.30000123772739035,0.3011703764776414,0.0012000049509095613,0.0012046815059105656,47.734592424390094,0.4511285778996229,0.021765685305752694,0.0,1.5548266166822808,1.5422818002388352,419.4852756994092,-0.003897113088958095,0.11720664265026613,0.0030540894490636017,0,0,1.0768253968253968e-06,8.119072214077393e-06
0,2.349,2,0.8188000000000004,STEADY FLOW,1.0,0.3,0.3000012378722381,0.3011704330373548,0.0012000049514889525,0.0012046817321494192,47.73464181906846,0.4511286377384477,0.02176569708146895,0.0,1.554826616682284,1.5422823601508229,419.4854627160813,-0.0038973011358527676,0.11720665819684886,0.003054092609561243,0,0,1.0768253968253968e-06,8.119072214077393e-06
0,2.355,2,0.8260000000000001,STEADY FLOW,1.0,0.3,0.30000123800375483,0.3011704804446186,0.0012000049520150193,0.0012046819217784743,47.734558173591076,0.4511286901341449,0.02176570297460859,0.0,1.5548266166822802,1.5422826852382925,419.48559548102827,-0.003897458719317438,0.11720667180965032,0.003054087275622841,0,0,1.0768253968253968e-06,8.119072214077393e-06
0,2.361,2,0.8332000000000002,STEADY FLOW,1.0,0.3,0.30000123808042123,0.30117050379356225,0.001200004952321685,0.0012046820151742491,47.73437442903288,0.4511287184915277,0.021765701348748306,0.0,1.5548266166822833,1.542282681412491,419.4856335231184,-0.0038975362922589706,0.1172066791771145,0.0030540755484385063,0,0,1.0768253968253968e-06,8.119072214077393e-06
0,2.367,2,0.8404000000000003,STEADY FLOW,1.0,0.3,0.30000123807975976,0.3011704966819221,0.0012000049523190391,0.0012046819867276883,47.734154283469906,0.4511287147921043,0.02176569308538198,0.0,1.5548266166822817,1.5422823646411494,419.4855690150897,-0.003897512589102921,0.1172066782159761,0.0030540614936807042,0,0,1.0768253968253968e-06,8.119072214077393e-06
0,2.373,2,0.8476000000000004,STEADY FLOW,1.0,0.3,0.30000123800531886,0.30117046279926935,0.0012000049520212754,0.0012046818511970774,47.73397055558716,0.45112868169889403,0.021765681148883,0.0,1.554826616682278,1.5422818513142804,419.48542747327633,-0.003897399896495501,0.11720666961810784,0.00305404976035617,0,0,1.0768253968253968e-06,8.119072214077393e-06
0,2.379,2,0.8548,STEADY FLOW,1.0,0.3,0.30000123788473776,0.3011704142533793,0.001200004951538951,0.0012046816570135174,47.73388093909293,0.4511286311828193,0.021765669544070554,0.0,1.5548266166822788,1.5422813161875015,419.4852579113944,-0.00389723848103181,0.11720665649364663,0.0030540440331301433,0,0,1.0768253968253968e-06,8.119072214077393e-06
0,2.3850000000000002,2,0.8620000000000005,STEADY FLOW,1.0,0.3,0.3000012377590945,0.30117036737997893,0.0012000049510363779,0.0012046814695199158,47.73390992080315,0.4511285803394964,0.021765662008665945,0.0,1.5548266166822802,1.5422809328628622,419.4851163331724,-0.0038970826574496673,0.11720664328416386,0.0030540458774122037,0,0,1.0768253968253968e-06,8.119072214077393e-06
0,2.391,2,0.8691999999999998,STEADY FLOW,1.0,0.3,0.3000012376688658,0.3011703372602922,0.001200004950675463,0.0012046813490411688,47.73404275075715,0.4511285456235173,0.021765660797560954,0.0,1.5548266166822768,1.5422808179421519,419.4850472754856,-0.0038969825608412803,0.11720663426468796,0.00305405435341366,0,0,1.0768253968253968e-06,8.119072214077393e-06
0,2.3970000000000002,2,0.8763999999999998,STEADY FLOW,1.0,0.3,0.30000123764160336,0.3011703328330443,0.0012000049505664135,0.0012046813313321772,47.734232001208,0.4511285374854864,0.0217656660033896,0.0,1.5548266166822855,1.542280996418873,419.4850696574839,-0.003896967894637781,0.11720663215036548,0.003054066434418301,0,0,1.0768253968253968e-06,8.119072214077393e-06
0,2.403,2,0.8835999999999999,STEADY FLOW,1.0,0.3,0.30000123768348597,0.3011703543336369,0.0012000049507339438,0.0012046814173345478,47.734413998195556,0.4511285573161185,0.021765675650665978,0.0,1.5548266166822806,1.5422813974961345,419.48517200503403,-0.0038970394228321436,0.11720663730251484,0.0030540780556533864,0,0,1.0768253968253968e-06,8.119072214077393e-06
0,2.4090000000000003,2,0.8908,STEADY FLOW,1.0,0.3,0.3000012377777245,0.30117039367420834,0.0012000049511108981,0.0012046815746968333,47.734530238022806,0.45112859747384365,0.021765686437019215,0.0,1.5548266166822817,1.542281881510078,419.4853177650823,-0.003897170242177574,0.11720664773579786,0.003054085481321689,0,0,1.0768253968253968e-06,8.119072214077393e-06
0,2.415,2,0.8980000000000001,STEADY FLOW,1.0,0.3,0.30000123789135774,0.30117043736386767,0.001200004951565431,0.0012046817494554708,47.73454629082695,0.45112864409261827,0.021765694829549254,0.0,1.5548266166822784,1.5422822884727607,419.4854579864342,-0.003897315493522614,0.1172066598477108,0.003054086511635523,0,0,1.0768253968253968e-06,8.119072214077393e-06
0,2.4210000000000003,2,0.9052000000000002,STEADY FLOW,1.0,0.3,0.3000012379870339,0.301170471079424,0.0012000049519481355,0.001204681884317696,47.73446160561913,0.4511286818074387,0.021765698218823567,0.0,1.5548266166822862,1.5422824907398869,419.48554756772666,-0.003897427558084609,0.11720666964630858,0.0030540811096086973,0,0,1.0768253968253968e-06,8.119072214077393e-06
0,2.427,2,0.9123999999999999,STEADY FLOW,1.0,0.3,0.3000012380347923,0.3011704843951969,0.0012000049521391691,0.0012046819375807875,47.73430797038438,0.4511286988525984,0.02176569574327989,0.0,1.5548266166822842,1.5422824323437652,419.48555990293937,-0.0038974717839963834,0.11720667407477098,0.0030540713033471167,0,0,1.0768253968253968e-06,8.119072214077393e-06
0,2.4330000000000003,2,0.9196000000000004,STEADY FLOW,1.0,0.3,0.30000123802118434,0.30117047396976926,0.0012000049520847374,0.001204681895879077,47.73413806269492,0.4511286906968101,0.021765688476250447,0.0,1.5548266166822826,1.5422821438269223,419.48549462781955,-0.0038974370782508165,0.117206671955835,0.003054060455292662,0,0,1.0768253968253968e-06,8.119072214077393e-06
0,2.439,2,0.9268000000000001,STEADY FLOW,1.0,0.3,0.30000123795339084,0.301170444235611,0.0012000049518135635,0.0012046817769424442,47.7340075518476,0.45112866110717714,0.021765678972525487,0.0,1.554826616682278,1.5422817287957105,419.4853762930684,-0.0038973381916571344,0.11720666426822288,0.0030540521198054726,0,0,1.0768253968253968e-06,8.119072214077393e-06
0,2.445,2,0.9339999999999997,STEADY FLOW,1.0,0.3,0.30000123785594096,0.30117040564144126,0.001200004951423764,0.001204681622565765,47.73395673869267,0.451128620581074,0.021765670395499634,0.0,1.5548266166822837,1.5422813270123625,419.48524540447823,-0.0038972098710530717,0.1172066537392324,0.00305404887104066,0,0,1.0768253968253968e-06,8.119072214077393e-06
0,2.451,2,0.9412000000000003,STEADY FLOW,1.0,0.3,0.30000123776155496,0.3011703710597541,0.0012000049510462198,0.0012046814842390163,47.73399829863724,0.45112858270861605,0.02176566547905587,0.0,1.5548266166822782,1.5422810674088836,419.4851448296214,-0.0038970949150828635,0.11720664389967919,0.003054051519864709,0,0,1.0768253968253968e-06,8.119072214077393e-06
0,2.457,2,0.9483999999999999,STEADY FLOW,1.0,0.3,0.3000012377003846,0.30117035147911075,0.0012000049508015386,0.001204681405916443,47.73411468011019,0.45112855960304005,0.02176566564400609,0.0,1.5548266166822793,1.5422810272202832,419.4851056922069,-0.003897029851235865,0.11720663789667449,0.0030540589471059754,0,0,1.0768253968253968e-06,8.119072214077393e-06
0,2.463,2,0.9556,STEADY FLOW,1.0,0.3,0.3000012376907913,0.3011703525141489,0.0012000049507631652,0.0012046814100565956,47.73426500283116,0.4511285580265138,0.021765670597895276,0.0,1.5548266166822833,1.5422812095601264,419.4851377480027,-0.00389703333345124,0.11720663748708095,0.003054068543689281,0,0,1.0768253968253968e-06,8.119072214077393e-06
0,2.469,2,0.9628000000000001,STEADY FLOW,1.0,0.3,0.300001237733616,0.30117037288948073,0.001200004950934464,0.001204681491557923,47.73439914765293,0.45112857750377655,0.021765678527074395,0.0,1.55482661668228,1.542281545499286,419.4852274005451,-0.0038971011076391364,0.11720664254742222,0.00305407710996497,0,0,1.0768253968253968e-06,8.119072214077393e-06
0,2.475,2,0.9700000000000002,STEADY FLOW,1.0,0.3,0.30000123781250987,0.30117040517438715,0.0012000049512500394,0.0012046816206975487,47.73447453442519,0.45112861081676753,0.021765686745052585,0.0,1.5548266166822826,1.5422819195596424,419.48534319055904,-0.00389720845954627,0.11720665120239118,0.0030540819266997588,0,0,1.0768253968253968e-06,8.119072214077393e-06
0,2.481,2,0.9772000000000003,STEADY FLOW,1.0,0.3,0.30000123790034616,0.3011704384067483,0.0012000049516013847,0.0012046817536269933,47.734469593739796,0.4511286465847299,0.021765692582326118,0.0,1.554826616682283,1.5422822093504958,419.4854465555881,-0.0038973189396988646,0.1172066604951804,0.0030540816154678296,0,0,1.0768253968253968e-06,8.119072214077393e-06
0,2.487,2,0.9844000000000004,STEADY FLOW,1.0,0.3,0.30000123796853756,0.30117046180323376,0.0012000049518741502,0.001204681847212935,47.73438957047522,0.4511286731368324,0.0217656942592977,0.0,1.5548266166822784,1.5422823252961042,419.48550464118694,-0.0038973966994724266,0.11720666739361899,0.0030540765097755163,0,0,1.0768253968253968e-06,8.119072214077393e-06
0,2.493,2,0.9915999999999996,STEADY FLOW,1.0,0.3,0.3000012379959403,0.3011704682727029,0.0012000049519837613,0.0012046818730908117,47.734263616044316,0.4511286823354245,0.02176569143000706,0.0,1.554826616682285,1.5422822378223469,419.48550080340607,-0.0038974181725823067,0.11720666978348333,0.0030540684697810683,0,0,1.0768253968253968e-06,8.119072214077393e-06
0,2.499,2,0.9988000000000001,STEADY FLOW,1.0,0.3,0.30000123797543715,0.301170456510194,0.0012000049519017486,0.001204681826040776,47.73413448622336,0.4511286720153239,0.021765685214032063,0.0,1.5548266166822777,1.5422819843341422,419.48543914487556,-0.0038973790329911067,0.11720666710224255,0.003054060224761068,0,0,1.0768253968253968e-06,8.119072214077393e-06
0,2.505,3,0.005999999999999783,STEADY FLOW,1.0,0.3,0.3000012379158985,0.3011704311238745,0.001200004951663594,0.0012046817244954979,47.73404404795096,0.4511286463776187,0.021765677764219626,0.0,1.5548266166822788,1.5422816542419182,419.48534212893554,-0.00389729461151011,0.11720666044137135,0.0030540544480239795,0,0,1.0768253968253968e-06,8.119072214077393e-06
0,2.511,3,0.013199999999999878,STEADY FLOW,1.0,0.3,0.3000012378383996,0.3011704009174333,0.0012000049513535985,0.0012046816036697333,47.734019672584516,0.45112861438327306,0.021765671541112856,0.0,1.554826616682283,1.5422813575543108,419.48524263978095,-0.0038971941831236956,0.1172066521289965,0.0030540528881084494,0,0,1.0768253968253968e-06,8.119072214077393e-06
0,2.517,3,0.020399999999999974,STEADY FLOW,1.0,0.3,0.3000012377686522,0.3011703758719068,0.0012000049510746088,0.0012046815034876272,47.73406618465497,0.45112858666043754,0.021765668502387696,0.0,1.5548266166822808,1.5422811883907392,419.4851729503635,-0.0038971109317762816,0.11720664492639256,0.0030540558542662133,0,0,1.0768253968253968e-06,8.119072214077393e-06
0,2.523,3,0.02760000000000007,STEADY FLOW,1.0,0.3,0.3000012377287638,0.3011703638332058,0.0012000049509150552,0.001204681455332823,47.73416541871314,0.4511285719598119,0.021765669481004297,0.0,1.5548266166822806,1.5422811955452713,419.48515419083293,-0.003897070936417276,0.11720664110705796,0.0030540621877646057,0,0,1.0768253968253968e-06,8.119072214077393e-06
0,2.529,3,0.03479999999999972,STEADY FLOW,1.0,0.3,0.30000123773036547,0.301170368079443,0.001200004950921462,0.001204681472317772,47.73428297236024,0.4511285744170268,0.021765673974424908,0.0,1.5548266166822844,1.5422813687741508,419.4851900424693,-0.003897085085123054,0.11720664174546111,0.0030540696928149647,0,0,1.0768253968253968e-06,8.119072214077393e-06
0,2.535,3,0.04200000000000026,STEADY FLOW,1.0,0.3,0.30000123777104937,0.3011703865068433,0.0012000049510841975,0.0012046815460273733,47.734380025297625,0.4511285924655753,0.021765680377487724,0.0,1.5548266166822857,1.542281644603167,419.48526647931095,-0.0038971463733965574,0.11720664643461158,0.0030540758909387566,0,0,1.0768253968253968e-06,8.119072214077393e-06
0,2.541,3,0.04919999999999991,STEADY FLOW,1.0,0.3,0.30000123783580757,0.3011704125371326,0.0012000049513432303,0.0012046816501485305,47.73442620805456,0.4511286195860411,0.021765686539741588,0.0,1.5548266166822802,1.5422819293202101,419.4853570398242,-0.0038972329239686907,0.11720665348071528,0.0030540788425053034,0,0,1.0768253968253968e-06,8.119072214077393e-06
0,2.547,3,0.05640000000000045,STEADY FLOW,1.0,0.3,0.3000012379026967,0.3011704374162837,0.0012000049516107869,0.0012046817496651349,47.73440898370288,0.4511286466059008,0.021765690479155272,0.0,1.5548266166822793,1.5422821307158383,419.48543182561036,-0.003897315630298106,0.11720666050068075,0.003054077746036832,0,0,1.0768253968253968e-06,8.119072214077393e-06
0,2.553,3,0.0636000000000001,STEADY FLOW,1.0,0.3,0.3000012379501218,0.3011704531627715,0.0012000049518004871,0.0012046818126510862,47.734336758449984,0.45112866480457053,0.02176569102544859,0.0,1.5548266166822795,1.5422821876285586,419.4854673983094,-0.00389736795967527,0.11720666522883384,0.003054073137214841,0,0,1.0768253968253968e-06,8.119072214077393e-06
0,2.559,3,0.0708000000000002,STEADY FLOW,1.0,0.3,0.3000012379635912,0.30117045512296714,0.0012000049518543648,0.0012046818204918687,47.73423529887117,0.45112866872334495,0.021765688161073656,0.0,1.5548266166822813,1.5422820881966834,419.4854541071808,-0.0038973744485609986,0.11720666624696131,0.003054066660379995,0,0,1.0768253968253968e-06,8.119072214077393e-06
0,2.565,3,0.07800000000000029,STEADY FLOW,1.0,0.3,0.30000123794025596,0.30117044329273135,0.001200004951761024,0.0012046817731709255,47.73413871126646,0.4511286577490962,0.021765682963693387,0.0,1.5548266166822842,1.5422818716012827,419.4853984685473,-0.0038973350926913256,0.11720666339576785,0.00305406049280732,0,0,1.0768253968253968e-06,8.119072214077393e-06
0,2.571,3,0.08520000000000039,STEADY FLOW,1.0,0.3,0.3000012378894012,0.30117042210370687,0.0012000049515576048,0.0012046816884148275,47.734077954106816,0.4511286360869649,0.02176567721254054,0.0,1.5548266166822788,1.542281613108898,419.48532031273874,-0.0038972646330768966,0.11720665776778104,0.003054056611428546,0,0,1.0768253968253968e-06,8.119072214077393e-06
0,2.577,3,0.0923999999999996,STEADY FLOW,1.0,0.3,0.30000123782869936,0.301170398820576,0.0012000049513147975,0.0012046815952823041,47.734070955966494,0.4511286112143703,0.021765672791148525,0.0,1.554826616682283,1.5422813980048427,419.48524589001653,-0.0038971872260881823,0.11720665130569143,0.0030540561617442563,0,0,1.0768253968253968e-06,8.119072214077393e-06
0,2.583,3,0.09960000000000013,STEADY FLOW,1.0,0.3,0.3000012377780958,0.3011703810602723,0.0012000049511123833,0.001204681524241089,47.73411753410105,0.4511285913122987,0.0217656710678888,0.0,1.5548266166822833,1.5422812936696904,419.48519907948844,-0.0038971281946551294,0.11720664613498152,0.0030540591330265876,0,0,1.0768253968253968e-06,8.119072214077393e-06
0,2.589,3,0.10679999999999978,STEADY FLOW,1.0,0.3,0.30000123775348236,0.30117037429580823,0.0012000049510139295,0.001204681497183233,47.734200268339556,0.4511285825699658,0.021765672472755265,0.0,1.5548266166822842,1.5422813287702735,419.485193706304,-0.0038971057288989296,0.11720664386365681,0.003054064413850144,0,0,1.0768253968253968e-06,8.119072214077393e-06
0,2.595,3,0.11399999999999988,STEADY FLOW,1.0,0.3,0.3000012377616874,0.30117038020327513,0.0012000049510467498,0.0012046815208131005,47.73429080391632,0.4511285872936657,0.021765676409466223,0.0,1.5548266166822777,1.5422814856769698,419.4852295951576,-0.003897125392917327,0.11720664509091004,0.0030540701943106985,0,0,1.0768253968253968e-06,8.119072214077393e-06
0,2.601,3,0.12119999999999997,STEADY FLOW,1.0,0.3,0.3000012377985275,0.3011703963094706,0.00120000495119411,0.0012046815852378824,47.73435954418073,0.4511286033561524,0.02176568149640604,0.0,1.5548266166822793,1.5422817081851434,419.4852933241945,-0.003897178956735761,0.11720664926406653,0.00305407458468121,0,0,1.0768253968253968e-06,8.119072214077393e-06
0,2.607,3,0.12840000000000007,STEADY FLOW,1.0,0.3,0.3000012378507671,0.3011704169572943,0.0012000049514030685,0.0012046816678291771,47.734385329591206,0.45112862506305584,0.021765686039419033,0.0,1.5548266166822784,1.542281921511679,419.4853630780367,-0.0038972476077209625,0.11720665490368548,0.0030540762334063665,0,0,1.0768253968253968e-06,8.119072214077393e-06
0,2.613,3,0.13559999999999972,STEADY FLOW,1.0,0.3,0.3000012379009137,0.3011704352696727,0.0012000049516036548,0.0012046817410786908,47.734361811473306,0.45112864514521483,0.021765688594473236,0.0,1.5548266166822793,1.542282057293005,419.4854160437779,-0.0038973084809242374,0.11720666012118341,0.003054074734325951,0,0,1.0768253968253968e-06,8.119072214077393e-06
0,2.619,3,0.14280000000000026,STEADY FLOW,1.0,0.3,0.3000012379329028,0.3011704454450057,0.0012000049517316112,0.0012046817817800229,47.734298783620716,0.45112865719744843,0.02176568842917519,0.0,1.5548266166822793,1.542282075236492,419.48543589733316,-0.0038973422915156244,0.11720666325244555,0.0030540707119652843,0,0,1.0768253968253968e-06,8.119072214077393e-06
0,2.625,3,0.1499999999999999,STEADY FLOW,1.0,0.3,0.30000123793717454,0.3011704445781397,0.0012000049517486983,0.0012046817783125587,47.73421837279428,0.45112865770452903,0.021765685722673574,0.0,1.5548266166822817,1.542281974866525,419.48541776838016,-0.0038973393876793497,0.11720666338418895,0.003054065578501408,0,0,1.0768253968253968e-06,8.119072214077393e-06
0,2.6310000000000002,3,0.15720000000000045,STEADY FLOW,1.0,0.3,0.3000012379136154,0.3011704334467363,0.0012000049516544616,0.001204681733786945,47.734147345429776,0.4511286470238099,0.02176568146123021,0.0,1.5548266166822842,1.5422817939646125,419.48536921803077,-0.0038973023619907105,0.11720666060925673,0.0030540610427569614,0,0,1.0768253968253968e-06,8.119072214077393e-06
0,2.637,3,0.1644000000000001,STEADY FLOW,1.0,0.3,0.3000012378711489,0.3011704161026388,0.0012000049514845957,0.0012046816644105552,47.73410818321603,0.4511286291032908,0.02176567708935133,0.0,1.5548266166822793,1.542281594585741,419.48530726998393,-0.003897244690676969,0.11720665595336928,0.0030540585404774667,0,0,1.0768253968253968e-06,8.119072214077393e-06
0,2.6430000000000002,3,0.1716000000000002,STEADY FLOW,1.0,0.3,0.300001237824308,0.3011703984297971,0.001200004951297232,0.0012046815937191884,47.73411204595276,0.45112861005960114,0.021765674025226316,0.0,1.5548266166822793,1.5422814418656174,419.48525254145056,-0.0038971859381920623,0.11720665100567357,0.0030540587848524314,0,0,1.0768253968253968e-06,8.119072214077393e-06
0,2.649,3,0.1788000000000003,STEADY FLOW,1.0,0.3,0.30000123778836185,0.30117038614853436,0.0012000049511534474,0.0012046815445941376,47.734155751151356,0.45112859609178857,0.02176567319806243,0.0,1.5548266166822806,1.5422813829429394,419.4852223752407,-0.0038971451211054914,0.11720664737672942,0.0030540615734102605,0,0,1.0768253968253968e-06,8.119072214077393e-06
0,2.6550000000000002,3,0.1860000000000004,STEADY FLOW,1.0,0.3,0.3000012377744546,0.30117038296971305,0.0012000049510978183,0.0012046815318788521,47.73422340545082,0.4511285914690591,0.021765674770643742,0.0,1.5548266166822802,1.5422814326019476,419.4852253633177,-0.003897134571616133,0.11720664617570908,0.003054065891997304,0,0,1.0768253968253968e-06,8.119072214077393e-06
0,2.661,3,0.19320000000000004,STEADY FLOW,1.0,0.3,0.30000123778609517,0.30117038950470876,0.0012000049511443807,0.0012046815580188351,47.734292068608084,0.4511285972573725,0.021765678127475183,0.0,1.5548266166822864,1.542281569887226,419.4852590322898,-0.00389715631589235,0.117206647679557,0.003054070276226284,0,0,1.0768253968253968e-06,8.119072214077393e-06
0,2.6670000000000003,3,0.20040000000000058,STEADY FLOW,1.0,0.3,0.30000123781832044,0.3011704032100936,0.001200004951273282,0.0012046816128403743,47.73433953334035,0.4511286111227643,0.02176568210635736,0.0,1.5548266166822782,1.5422817464907201,419.48531114943546,-0.0038972018924841346,0.11720665128189149,0.003054073308075278,0,0,1.0768253968253968e-06,8.119072214077393e-06
0,2.673,3,0.20760000000000023,STEADY FLOW,1.0,0.3,0.3000012378597928,0.3011704193362365,0.0012000049514391713,0.001204681677344946,47.73435147411968,0.45112862822293265,0.021765685393668195,0.0,1.554826616682278,1.5422819036581263,419.48536405444986,-0.003897255507292733,0.11720665572464554,0.0030540740723947746,0,0,1.0768253968253968e-06,8.119072214077393e-06
0,2.6790000000000003,3,0.21480000000000077,STEADY FLOW,1.0,0.3,0.30000123789675814,0.30117043256503206,0.0012000049515870327,0.0012046817302601284,47.73432565001437,0.4511286428882436,0.021765686959054193,0.0,1.5548266166822802,1.542281991589828,419.4854006225393,-0.003897299479398432,0.11720665953480511,0.003054072425466847,0,0,1.0768253968253968e-06,8.119072214077393e-06
0,2.685,3,0.22199999999999998,STEADY FLOW,1.0,0.3,0.30000123791747996,0.30117043876362193,0.00120000495166992,0.0012046817550544877,47.73427208633946,0.4511286505013148,0.02176568637760341,0.0,1.554826616682282,1.542281985040107,419.4854098111982,-0.0038973200719377267,0.117206661512739,0.0030540690067928367,0,0,1.0768253968253968e-06,8.119072214077393e-06
0,2.6910000000000003,3,0.22920000000000007,STEADY FLOW,1.0,0.3,0.3000012379159744,0.30117043625497264,0.0012000049516638976,0.0012046817450198906,47.73420933634878,0.451128648930013,0.02176568393482767,0.0,1.5548266166822817,1.542281890399533,419.4853899132443,-0.00389731171484598,0.11720666110450279,0.0030540650005683734,0,0,1.0768253968253968e-06,8.119072214077393e-06
0,2.697,3,0.23640000000000017,STEADY FLOW,1.0,0.3,0.30000123789376315,0.30117042623933304,0.0012000049515750527,0.0012046817049573323,47.73415807979996,0.4511286390937555,0.02176568050151185,0.0,1.5548266166822857,1.542281742231049,419.4853486521222,-0.0038972784038442884,0.11720665854896817,0.003054061727119306,0,0,1.0768253968253968e-06,8.119072214077393e-06
0,2.703,3,0.24359999999999982,STEADY FLOW,1.0,0.3,0.3000012378589782,0.3011704122879696,0.0012000049514359129,0.0012046816491518783,47.734134315615464,0.4511286245401646,0.021765677230822025,0.0,1.5548266166822833,1.5422815907772913,419.485300305947,-0.0038972320158923955,0.11720665476783433,0.003054060208272036,0,0,1.0768253968253968e-06,8.119072214077393e-06
0,2.709,3,0.2507999999999999,STEADY FLOW,1.0,0.3,0.3000012378233793,0.3011703990858496,0.0012000049512935172,0.0012046815963433983,47.734144452566014,0.4511286101841823,0.021765675172226696,0.0,1.5548266166822828,1.5422814850270987,419.4852608135352,-0.003897188128132508,0.11720665103804073,0.003054060853748597,0,0,1.0768253968253968e-06,8.119072214077393e-06
0,2.715,3,0.258,STEADY FLOW,1.0,0.3,0.30000123779848054,0.301170390857901,0.0012000049511939222,0.0012046815634316039,47.7341836985973,0.45112860064821725,0.021765674933861622,0.0,1.5548266166822815,1.5422814570285028,419.48524251244237,-0.0038971607850693105,0.1172066485605243,0.0030540633581439547,0,0,1.0768253968253968e-06,8.119072214077393e-06
0,2.721,3,0.2652000000000001,STEADY FLOW,1.0,0.3,0.30000123779186344,0.3011703900284505,0.0012000049511674538,0.001204681560113802,47.734238069849674,0.4511285987854364,0.021765676508792905,0.0,1.5548266166822855,1.5422815123037383,419.4852503280225,-0.0038971580423882855,0.11720664807655964,0.0030540668290526263,0,0,1.0768253968253968e-06,8.119072214077393e-06
0,2.727,3,0.27239999999999975,STEADY FLOW,1.0,0.3,0.3000012378048275,0.301170396531186,0.00120000495121931,0.001204681586124744,47.73428931890192,0.4511286048503622,0.02176567930785625,0.0,1.5548266166822828,1.5422816292219994,419.4852805602935,-0.0038971796747022057,0.1172066496522736,0.003054070101576878,0,0,1.0768253968253968e-06,8.119072214077393e-06
0,2.733,3,0.2796000000000003,STEADY FLOW,1.0,0.3,0.30000123783227023,0.30117040793801697,0.001200004951329081,0.001204681631752068,47.73432105796361,0.45112861652933345,0.0217656823728397,0.0,1.5548266166822833,1.5422817672444749,419.4853224484544,-0.0038972176054834556,0.11720665268655933,0.0030540721292162676,0,0,1.0768253968253968e-06,8.119072214077393e-06
0,2.739,3,0.28679999999999994,STEADY FLOW,1.0,0.3,0.3000012378646953,0.3011704203425592,0.0012000049514587813,0.001204681681370237,47.73432394779574,0.45112862979586477,0.02176568470133706,0.0,1.5548266166822848,1.5422818808983736,419.4853619358371,-0.003897258845282577,0.1172066561333053,0.0030540723152601146,0,0,1.0768253968253968e-06,8.119072214077393e-06
0,2.745,3,0.29400000000000004,STEADY FLOW,1.0,0.3,0.300001237891437,0.3011704296955787,0.001200004951565748,0.001204681718782315,47.73429835605071,0.4511286402956272,0.021765685575601615,0.0,1.5548266166822777,1.5422819346286711,419.4853863847691,-0.003897289932399552,0.11720665886122358,0.00305407068268293,0,0,1.0768253968253968e-06,8.119072214077393e-06
0,2.751,3,0.30120000000000013,STEADY FLOW,1.0,0.3,0.30000123790410177,0.30117043312171154,0.0012000049516164072,0.0012046817324868461,47.73425382460815,0.45112864477042636,0.02176568478095985,0.0,1.5548266166822848,1.54228191380321,419.4853886041134,-0.003897301310415028,0.1172066600238105,0.003054067840267738,0,0,1.0768253968253968e-06,8.119072214077393e-06
0,2.757,3,0.30840000000000023,STEADY FLOW,1.0,0.3,0.3000012378992321,0.3011704297850025,0.0012000049515969284,0.0012046817191400101,47.73420559509825,0.45112864205054765,0.021765682649056362,0.0,1.5548266166822817,1.542281828529518,419.4853688886565,-0.003897290204392991,0.11720665931716531,0.0030540647609107463,0,0,1.0768253968253968e-06,8.119072214077393e-06
0,2.763,3,0.31559999999999944,STEADY FLOW,1.0,0.3,0.3000012378792215,0.3011704210658524,0.001200004951516886,0.0012046816842634096,47.73416939998127,0.4511286333368735,0.0217656799274908,0.0,1.5548266166822795,1.5422817092663865,419.48533458298573,-0.003897261207640641,0.11720665705328634,0.003054062449138195,0,0,1.0768253968253968e-06,8.119072214077393e-06
0,2.769,3,0.3228,STEADY FLOW,1.0,0.3,0.3000012378512152,0.3011704100231678,0.0012000049514048607,0.0012046816400926711,47.73415635662636,0.4511286217142376,0.021765677522059334,0.0,1.5548266166822804,1.5422815960301506,419.4852974227939,-0.00389722449256184,0.11720665403363696,0.0030540616150702693,0,0,1.0768253968253968e-06,8.119072214077393e-06
0,2.775,3,0.3299999999999996,STEADY FLOW,1.0,0.3,0.3000012378245878,0.3011704003280844,0.0012000049512983512,0.0012046816013123376,47.734169623436294,0.45112861106765795,0.021765676195066048,0.0,1.5548266166822864,1.5422815250680626,419.4852695376571,-0.003897192264853938,0.11720665126757443,0.0030540624607933164,0,0,1.0768253968253968e-06,8.119072214077393e-06
0,2.781,3,0.33720000000000017,STEADY FLOW,1.0,0.3,0.3000012378078767,0.30117039504529153,0.0012000049512315067,0.0012046815801811661,47.73420373655604,0.4511286047856941,0.021765676324595452,0.0,1.5548266166822853,1.5422815173666888,419.4852594951018,-0.0038971747115376233,0.11720664963547235,0.003054064637877607,0,0,1.0768253968253968e-06,8.119072214077393e-06
0,2.787,3,0.3443999999999998,STEADY FLOW,1.0,0.3,0.3000012378060418,0.301170395677001,0.0012000049512241673,0.001204681582708004,47.73424673597965,0.451128604694965,0.02176567780253489,0.0,1.5548266166822788,1.542281572544252,419.485269717827,-0.0038971768233670248,0.11720664961190023,0.003054067383005954,0,0,1.0768253968253968e-06,8.119072214077393e-06
0,2.793,3,0.3515999999999999,STEADY FLOW,1.0,0.3,0.3000012378189848,0.3011704017533162,0.0012000049512759393,0.001204681607013265,47.73428433588434,0.4511286105461235,0.02176568009181565,0.0,1.5548266166822837,1.5422816699270465,419.48529599677335,-0.003897197034356473,0.11720665113207579,0.0030540697841252573,0,0,1.0768253968253968e-06,8.119072214077393e-06
0,2.799,3,0.3588,STEADY FLOW,1.0,0.3,0.30000123784184496,0.301170411066945,0.0012000049513673798,0.00120468164426778,47.734304659583415,0.4511286201820542,0.021765682416675834,0.0,1.5548266166822775,1.5422817761755665,419.48532912596073,-0.0038972280031603864,0.11720665363556401,0.0030540710827486883,0,0,1.0768253968253968e-06,8.119072214077393e-06
0,2.805,3,0.3660000000000001,STEADY FLOW,1.0,0.3,0.3000012378668159,0.3011704204631821,0.0012000049514672634,0.0012046816818527283,47.73430193934733,0.45112863031909867,0.021765684024553738,0.0,1.554826616682283,1.5422818566207486,419.4853580953039,-0.0038972592402609805,0.11720665626924545,0.003054070910272877,0,0,1.0768253968253968e-06,8.119072214077393e-06
0,2.811,3,0.37319999999999975,STEADY FLOW,1.0,0.3,0.30000123788574845,0.3011704269071077,0.0012000049515429939,0.0012046817076284309,47.73427808949971,0.45112863766423134,0.021765684429829773,0.0,1.5548266166822808,1.5422818864765349,419.48537374863827,-0.0038972806565703783,0.11720665817756688,0.0030540693885325876,0,0,1.0768253968253968e-06,8.119072214077393e-06
0,2.817,3,0.3804000000000003,STEADY FLOW,1.0,0.3,0.3000012378927901,0.3011704284560989,0.0012000049515711604,0.0012046817138243956,47.73424176491911,0.451128639976878,0.021765683556970825,0.0,1.5548266166822842,1.5422818583974167,419.48537164941655,-0.003897285796289512,0.1172066587784101,0.0030540670697971617,0,0,1.0768253968253968e-06,8.119072214077393e-06
0,2.823,3,0.38759999999999994,STEADY FLOW,1.0,0.3,0.3000012378862119,0.30117042483147904,0.0012000049515448476,0.0012046816993259162,47.73420526184499,0.4511286367382615,0.021765681744908578,0.0,1.5548266166822817,1.5422817840828598,419.4853532766279,-0.003897273736285622,0.11720665793699286,0.0030540647390091546,0,0,1.0768253968253968e-06,8.119072214077393e-06
0,2.829,3,0.3948000000000005,STEADY FLOW,1.0,0.3,0.300001237868772,0.3011704174361635,0.001200004951475088,0.001204681669744654,47.734180362374836,0.4511286292437904,0.021765679620733707,0.0,1.554826616682285,1.5422816896184872,419.4853252913619,-0.003897249143695141,0.11720665598987216,0.0030540631485118652,0,0,1.0768253968253968e-06,8.119072214077393e-06
0,2.835,3,0.40200000000000014,STEADY FLOW,1.0,0.3,0.30000123784658145,0.30117040882934176,0.0012000049513863258,0.001204681635317367,47.734174565176524,0.45112862010672095,0.02176567788475584,0.0,1.5548266166822788,1.542281606387939,419.48529716646607,-0.0038972205286640573,0.11720665361599186,0.0030540627773407714,0,0,1.0768253968253968e-06,8.119072214077393e-06
0,2.841,3,0.40920000000000023,STEADY FLOW,1.0,0.3,0.3000012378270037,0.30117040184379773,0.001200004951308015,0.001204681607375191,47.73418887891648,0.4511286123506016,0.02176567707936635,0.0,1.554826616682282,1.5422815607310265,419.4852779856742,-0.003897197309126402,0.11720665160089297,0.0030540636902374185,0,0,1.0768253968253968e-06,8.119072214077393e-06
0,2.847,3,0.4164000000000003,STEADY FLOW,1.0,0.3,0.30000123781625,0.30117039865767914,0.0012000049512649999,0.0012046815946307166,47.73421777624802,0.45112860841305946,0.021765677421422474,0.0,1.5548266166822815,1.5422815656818871,419.4852735235156,-0.0038971867247603867,0.11720665057788951,0.0030540655346158463,0,0,1.0768253968253968e-06,8.119072214077393e-06
0,2.853,3,0.4236000000000004,STEADY FLOW,1.0,0.3,0.3000012378173948,0.30117040012633783,0.0012000049512695791,0.0012046816005053514,47.734251263606616,0.4511286093909476,0.021765678748769418,0.0,1.5548266166822844,1.5422816173427623,419.48528455086614,-0.0038971916164381444,0.11720665083195231,0.0030540676726094063,0,0,1.0768253968253968e-06,8.119072214077393e-06
0,2.859,3,0.43080000000000007,STEADY FLOW,1.0,0.3,0.3000012378295135,0.3011704055662795,0.001200004951318054,0.001204681622265118,47.73427832646465,0.45112861474735444,0.02176568058890148,0.0,1.5548266166822842,1.542281696913864,419.4853068131518,-0.003897209708949515,0.11720665222358762,0.003054069400969528,0,0,1.0768253968253968e-06,8.119072214077393e-06
0,2.865,3,0.4380000000000006,STEADY FLOW,1.0,0.3,0.30000123784819765,0.3011704130411793,0.0012000049513927907,0.0012046816521647172,47.734290532686344,0.45112862255443165,0.021765682324301015,0.0,1.5548266166822855,1.5422817774585005,419.4853326143697,-0.003897234562656394,0.11720665425192577,0.00305407018114634,0,0,1.0768253968253968e-06,8.119072214077393e-06
0,2.871,3,0.4451999999999998,STEADY FLOW,1.0,0.3,0.30000123786713445,0.30117042004542527,0.0012000049514685378,0.001204681680181701,47.73428461761175,0.45112863018041993,0.021765683399526,0.0,1.5548266166822857,1.5422818329524943,419.48535346372483,-0.0038972578466780856,0.11720665623321563,0.003054069804414361,0,0,1.0768253968253968e-06,8.119072214077393e-06
0,2.8770000000000002,3,0.4523999999999999,STEADY FLOW,1.0,0.3,0.3000012378801967,0.3011704243417524,0.0012000049515207868,0.0012046816973670096,47.734263306671394,0.4511286351743007,0.021765683498248846,0.0,1.554826616682285,1.5422818466225667,419.4853628639034,-0.003897272123998848,0.11720665753066392,0.003054068444485303,0,0,1.0768253968253968e-06,8.119072214077393e-06
0,2.883,3,0.4596,STEADY FLOW,1.0,0.3,0.30000123788342664,0.3011704246679071,0.0012000049515337066,0.0012046816986716286,47.734234179010194,0.4511286360453886,0.021765682633032125,0.0,1.5548266166822837,1.5422818159546523,419.4853583056393,-0.0038972732003684403,0.11720665775697921,0.0030540665850393722,0,0,1.0768253968253968e-06,8.119072214077393e-06
0,2.8890000000000002,3,0.4668000000000001,STEADY FLOW,1.0,0.3,0.30000123787623834,0.3011704210975864,0.0012000049515049533,0.0012046816843903456,47.73420699208427,0.4511286326984773,0.02176568112626675,0.0,1.5548266166822855,1.5422817528659045,419.48534188830513,-0.003897261323403089,0.11720665688742615,0.003054064848994731,0,0,1.0768253968253968e-06,8.119072214077393e-06
0,2.895,3,0.47399999999999975,STEADY FLOW,1.0,0.3,0.30000123786143007,0.3011704149595241,0.0012000049514457203,0.0012046816598380965,47.73419042411908,0.4511286264047558,0.02176567949342107,0.0,1.5548266166822775,1.5422816791852076,419.48531944666576,-0.003897240912832741,0.11720665525226935,0.0030540637905349666,0,0,1.0768253968253968e-06,8.119072214077393e-06
0,2.9010000000000002,3,0.4812000000000003,STEADY FLOW,1.0,0.3,0.30000123784411553,0.3011704083522325,0.0012000049513764622,0.00120468163340893,47.73418933593796,0.45112861933024173,0.021765678267504585,0.0,1.5548266166822813,1.5422816191587396,419.48529850052904,-0.00389721894655813,0.11720665341425666,0.0030540637202343124,0,0,1.0768253968253968e-06,8.119072214077393e-06
0,2.907,3,0.48839999999999995,STEADY FLOW,1.0,0.3,0.30000123782999305,0.3011704034285018,0.0012000049513199722,0.0012046816137140073,47.73420338097945,0.45112861379266134,0.02176567782521985,0.0,1.554826616682283,1.542281591535397,419.48528573895544,-0.0038972025814484933,0.11720665197555107,0.003054064616236918,0,0,1.0768253968253968e-06,8.119072214077393e-06
0,2.9130000000000003,3,0.4956000000000005,STEADY FLOW,1.0,0.3,0.300001237823485,0.3011704016992025,0.0012000049512939398,0.00120468160679681,47.734227339922576,0.45112861150754235,0.021765678273372398,0.0,1.5548266166822793,1.5422816037613634,419.4852849027073,-0.003897196838919255,0.11720665138185976,0.003054066145537604,0,0,1.0768253968253968e-06,8.119072214077393e-06
0,2.919,3,0.5028000000000001,STEADY FLOW,1.0,0.3,0.3000012378263418,0.3011704035779069,0.0012000049513053673,0.0012046816143116278,47.734253026961994,0.4511286130651325,0.021765679427329845,0.0,1.5548266166822793,1.5422816500769865,419.4852957226671,-0.0038972030916817123,0.11720665178653356,0.0030540677856163434,0,0,1.0768253968253968e-06,8.119072214077393e-06
0,2.9250000000000003,3,0.5100000000000002,STEADY FLOW,1.0,0.3,0.3000012378372086,0.3011704082953552,0.0012000049513488345,0.0012046816331814207,47.734272078,0.45112861778917795,0.021765680882821575,0.0,1.5548266166822782,1.5422817139859784,419.4853141813914,-0.0038972187800805987,0.11720665301387655,0.0030540690024156714,0,0,1.0768253968253968e-06,8.119072214077393e-06
0,2.931,3,0.5172000000000003,STEADY FLOW,1.0,0.3,0.3000012378522203,0.3011704141994986,0.0012000049514088813,0.0012046816567979944,47.73427865193352,0.4511286240106047,0.02176568215610801,0.0,1.5548266166822862,1.5422817740748656,419.48533397246143,-0.003897238410243492,0.11720665463025062,0.003054069422834038,0,0,1.0768253968253968e-06,8.119072214077393e-06
0,2.9370000000000003,3,0.5244000000000004,STEADY FLOW,1.0,0.3,0.3000012378663515,0.30117041933110117,0.0012000049514654062,0.0012046816773244047,47.734271191117436,0.45112862965363126,0.021765682844713415,0.0,1.5548266166822828,1.5422818111315806,419.48534864834227,-0.0038972554682274647,0.11720665609635195,0.003054068947188515,0,0,1.0768253968253968e-06,8.119072214077393e-06
0,2.943,3,0.5316000000000001,STEADY FLOW,1.0,0.3,0.30000123787507504,0.3011704220707036,0.0012000049515003002,0.0012046816882828144,47.73425273810509,0.4511286329250065,0.02176568275341738,0.0,1.5548266166822837,1.5422818142408494,419.4853537105795,-0.003897264571006247,0.11720665694628016,0.003054067769509894,0,0,1.0768253968253968e-06,8.119072214077393e-06
0,2.9490000000000003,3,0.5388000000000006,STEADY FLOW,1.0,0.3,0.3000012378758194,0.301170421643012,0.0012000049515032776,0.0012046816865720481,47.7342297501849,0.4511286328769678,0.02176568194690493,0.0,1.5548266166822842,1.5422817839427494,419.485347962516,-0.003897263142882626,0.11720665693379934,0.0030540663019245073,0,0,1.0768253968253968e-06,8.119072214077393e-06
0,2.955,3,0.5459999999999998,STEADY FLOW,1.0,0.3,0.3000012378687155,0.30117041832894015,0.0012000049514748622,0.0012046816733157605,47.7342098509053,0.4511286296748197,0.021765680717619865,0.0,1.5548266166822806,1.5422817315357302,419.48533374615107,-0.0038972521197937673,0.11720665610185686,0.0030540650311501327,0,0,1.0768253968253968e-06,8.119072214077393e-06
0,2.961,3,0.5531999999999995,STEADY FLOW,1.0,0.3,0.3000012378564105,0.30117041332933525,0.001200004951425642,0.001204681653317341,47.73419931615191,0.45112862449543867,0.02176567948167859,0.0,1.5548266166822793,1.5422816749304005,419.4853160346474,-0.0038972354956893413,0.1172066547562142,0.0030540643579903826,0,0,1.0768253968253968e-06,8.119072214077393e-06
0,2.967,3,0.5604,STEADY FLOW,1.0,0.3,0.3000012378431044,0.30117040833461683,0.0012000049513724177,0.0012046816333384674,47.734201120379936,0.45112861910054575,0.02176567863829335,0.0,1.554826616682283,1.5422816325770607,419.48530070416837,-0.0038972188912230277,0.11720665335457989,0.003054064472541418,0,0,1.0768253968253968e-06,8.119072214077393e-06
0,2.973,3,0.5675999999999997,STEADY FLOW,1.0,0.3,0.30000123783313903,0.301170404955378,0.001200004951332556,0.001204681619821512,47.73421412421867,0.45112861523987124,0.021765678441414214,0.0,1.5548266166822833,1.5422816174969576,419.4852925902165,-0.003897207660487364,0.11720665235154724,0.003054065302268816,0,0,1.0768253968253968e-06,8.119072214077393e-06
0,2.979,3,0.5748000000000002,STEADY FLOW,1.0,0.3,0.30000123782958266,0.30117040420804997,0.0012000049513183307,0.0012046816168321999,47.73423362098649,0.4511286140888097,0.021765678925179173,0.0,1.5548266166822804,1.5422816333182452,419.48529398102954,-0.0038972051813049046,0.11720665205249269,0.003054066546832379,0,0,1.0768253968253968e-06,8.119072214077393e-06
0,2.985,3,0.5819999999999999,STEADY FLOW,1.0,0.3,0.30000123783328686,0.3011704062149832,0.0012000049513331474,0.0012046816248599329,47.73425302287405,0.45112861589646636,0.021765679902882504,0.0,1.5548266166822855,1.5422816735279312,419.4853039991262,-0.0038972118586592494,0.11720665252213565,0.003054067785688952,0,0,1.0768253968253968e-06,8.119072214077393e-06
0,2.991,3,0.5892,STEADY FLOW,1.0,0.3,0.30000123784272337,0.30117041020359925,0.0012000049513708935,0.001204681640814397,47.73426607729178,0.4511286199453102,0.021765681036526006,0.0,1.554826616682284,1.5422817240443811,419.48531902059466,-0.0038972251224138133,0.11720665357405616,0.0030540686195754674,0,0,1.0768253968253968e-06,8.119072214077393e-06
0,2.997,3,0.5964,STEADY FLOW,1.0,0.3,0.3000012378545934,0.30117041479618,0.0012000049514183737,0.00120468165918472,47.73426886177052,0.45112862482635974,0.02176568195302236,0.0,1.554826616682283,1.5422817681046577,419.4853339685915,-0.003897240391232276,0.11720665484219,0.0030540687979130343,0,0,1.0768253968253968e-06,8.119072214077393e-06
0,3.003,3,0.6036000000000001,STEADY FLOW,1.0,0.3,0.30000123786495647,0.3011704184837326,0.0012000049514598258,0.0012046816739349304,47.73426094143991,0.45112862892717026,0.021765682366732104,0.0,1.5548266166822804,1.5422817917849991,419.4853440243448,-0.003897252648345363,0.11720665590761183,0.0030540682927509,0,0,1.0768253968253968e-06,8.119072214077393e-06
0,3.009,3,0.6107999999999998,STEADY FLOW,1.0,0.3,0.3000012378705326,0.3011704201182738,0.0012000049514821305,0.0012046816804730952,47.734245358383276,0.4511286309607727,0.021765682167169637,0.0,1.5548266166822806,1.5422817883679616,419.4853461682639,-0.003897258078134174,0.11720665643595722,0.0030540672981478334,0,0,1.0768253968253968e-06,8.119072214077393e-06
0,3.015,3,0.6180000000000003,STEADY FLOW,1.0,0.3,0.3000012378697411,0.3011704192652651,0.0012000049514789644,0.0012046816770610604,47.73422749131351,0.4511286303645317,0.021765681446351517,0.0,1.5548266166822833,1.5422817601897956,419.48534006639954,-0.003897255237432225,0.11720665628104929,0.0030540661574194328,0,0,1.0768253968253968e-06,8.119072214077393e-06
0,3.021,3,0.6252,STEADY FLOW,1.0,0.3,0.300001237863132,0.30117041631253066,0.001200004951452528,0.0012046816652501228,47.73421320737671,0.4511286274498655,0.021765680460484455,0.0,1.5548266166822793,1.5422817174690584,419.48532806053765,-0.0038972454171407917,0.11720665552379679,0.003054065245171156,0,0,1.0768253968253968e-06,8.119072214077393e-06
0,3.027,3,0.6324000000000001,STEADY FLOW,1.0,0.3,0.30000123785309823,0.30117041230872205,0.001200004951412393,0.0012046816492348883,47.73420695024185,0.4511286232630872,0.02176567953992557,0.0,1.5548266166822793,1.5422816746468788,419.48531429471285,-0.0038972321047431794,0.1172066544360399,0.003054064845216198,0,0,1.0768253968253968e-06,8.119072214077393e-06
0,3.033,3,0.6396000000000002,STEADY FLOW,1.0,0.3,0.30000123784302984,0.30117040859357147,0.0012000049513721195,0.001204681634374286,47.734210376028756,0.4511286192130289,0.021765678978674725,0.0,1.5548266166822855,1.5422816455434198,419.48530329095473,-0.0038972197546509454,0.11720665338380389,0.0030540650634471866,0,0,1.0768253968253968e-06,8.119072214077393e-06
0,3.039,3,0.6468000000000003,STEADY FLOW,1.0,0.3,0.3000012378361811,0.3011704063520208,0.0012000049513447245,0.0012046816254080832,47.73422194061759,0.4511286165995799,0.02176567894128522,0.0,1.5548266166822813,1.5422816389284584,419.4852984717921,-0.0038972123057643498,0.11720665270480991,0.003054065801437744,0,0,1.0768253968253968e-06,8.119072214077393e-06
0,3.045,3,0.6540000000000004,STEADY FLOW,1.0,0.3,0.30000123783461663,0.30117040624039804,0.0012000049513384665,0.0012046816249615922,47.73423754070148,0.4511286162007176,0.021765679416139425,0.0,1.554826616682278,1.5422816559138555,419.48530111131083,-0.003897211938925275,0.11720665260118245,0.003054066797321564,0,0,1.0768253968253968e-06,8.119072214077393e-06
0,3.051,3,0.6612000000000005,STEADY FLOW,1.0,0.3,0.30000123783859683,0.30117040819847235,0.0012000049513543874,0.0012046816327938893,47.734251959456294,0.4511286180450589,0.021765680226894926,0.0,1.554826616682279,1.5422816899443765,419.4853100209843,-0.003897218452493649,0.11720665308035638,0.0030540677180508347,0,0,1.0768253968253968e-06,8.119072214077393e-06
0,3.057,3,0.6683999999999997,STEADY FLOW,1.0,0.3,0.30000123784658556,0.30117041150018004,0.0012000049513863423,0.0012046816460007201,47.7342606006893,0.45112862143536925,0.021765681096540496,0.0,1.5548266166822777,1.5422817292674305,419.4853220403156,-0.0038972294314078572,0.11720665396118482,0.003054068270116561,0,0,1.0768253968253968e-06,8.119072214077393e-06
0,3.063,3,0.6756000000000002,STEADY FLOW,1.0,0.3,0.30000123785582783,0.30117041501880626,0.0012000049514233114,0.0012046816600752251,47.734260938249875,0.451128625207121,0.021765681741749806,0.0,1.5548266166822817,1.5422817609571942,419.4853331485714,-0.003897241129185989,0.11720665494111468,0.003054068292109635,0,0,1.0768253968253968e-06,8.119072214077393e-06
0,3.069,3,0.6827999999999999,STEADY FLOW,1.0,0.3,0.3000012378632823,0.30117041760963686,0.0012000049514531293,0.0012046816704385475,47.73425323872425,0.45112862812645865,0.02176568196472531,0.0,1.5548266166822862,1.5422817751338909,419.48533980463264,-0.0038972497403072536,0.11720665569958084,0.0030540678009052247,0,0,1.0768253968253968e-06,8.119072214077393e-06
0,3.075,3,0.69,STEADY FLOW,1.0,0.3,0.30000123786662247,0.30117041847913345,0.00120000495146649,0.0012046816739165339,47.73424035276172,0.4511286292904502,0.021765681712710427,0.0,1.5548266166822782,1.5422817680183603,419.48534006410586,-0.003897252627440216,0.11720665600199473,0.0030540669783851726,0,0,1.0768253968253968e-06,8.119072214077393e-06
0,3.081,3,0.6972,STEADY FLOW,1.0,0.3,0.3000012378649602,0.3011704174245209,0.0012000049514598408,0.0012046816696980836,47.734226674767584,0.45112862840283885,0.02176568108842908,0.0,1.5548266166822817,1.5422817428762012,419.4853341322638,-0.0038972491176419433,0.11720665577138653,0.0030540661050593165,0,0,1.0768253968253968e-06,8.119072214077393e-06
0,3.087,3,0.7044000000000001,STEADY FLOW,1.0,0.3,0.300001237859061,0.3011704148734695,0.0012000049514362442,0.0012046816594938781,47.73421665216618,0.45112862584319696,0.021765680310288842,0.0,1.5548266166822793,1.5422817086383735,419.48532420412363,-0.003897240633912843,0.11720665510637207,0.0030540654649025,0,0,1.0768253968253968e-06,8.119072214077393e-06
0,3.093,3,0.7115999999999998,STEADY FLOW,1.0,0.3,0.300001237851017,0.3011704117174648,0.0012000049514040681,0.001204681646869859,47.73421335209683,0.45112862251376384,0.02176567963646227,0.0,1.554826616682283,1.5422816767625158,419.48531366612156,-0.003897230140858182,0.11720665424135998,0.0030540652538313395,0,0,1.0768253968253968e-06,8.119072214077393e-06
0,3.099,3,0.7188000000000003,STEADY FLOW,1.0,0.3,0.3000012378435214,0.30117040900212483,0.0012000049513740856,0.0012046816360084993,47.73421753556562,0.45112861952361955,0.021765679279506712,0.0,1.5548266166822817,1.5422816574266627,419.4853059454476,-0.0038972211148451175,0.11720665346449768,0.0030540655205575362,0,0,1.0768253968253968e-06,8.119072214077393e-06
0,3.105,3,0.726,STEADY FLOW,1.0,0.3,0.3000012378389704,0.30117040758315733,0.0012000049513558816,0.0012046816303326294,47.734227512535575,0.4511286178217258,0.021765679340115394,0.0,1.5548266166822775,1.54228165630125,419.4853034038575,-0.0038972164002018927,0.11720665302233271,0.0030540661572999728,0,0,1.0768253968253968e-06,8.119072214077393e-06
0,3.111,3,0.7332000000000005,STEADY FLOW,1.0,0.3,0.3000012378386976,0.30117040785973714,0.0012000049513547905,0.0012046816314389486,47.734239799301,0.4511286178989028,0.02176567977989471,0.0,1.554826616682283,1.5422816729205069,419.48530662692303,-0.0038972173230437286,0.1172066530423839,0.0030540669417127297,0,0,1.0768253968253968e-06,8.119072214077393e-06
0,3.117,3,0.7404000000000002,STEADY FLOW,1.0,0.3,0.3000012378425939,0.3011704096658069,0.0012000049513703757,0.0012046816386632275,47.734250327451136,0.45112861964965173,0.0217656804397429,0.0,1.5548266166822788,1.542281701115068,419.48531431373374,-0.0038972233302131012,0.1172066534972418,0.0030540676140500267,0,0,1.0768253968253968e-06,8.119072214077393e-06
0,3.123,3,0.7476000000000003,STEADY FLOW,1.0,0.3,0.30000123784921506,0.3011704123488329,0.0012000049513968603,0.0012046816493953315,47.73425578117572,0.45112862243273966,0.021765681096636895,0.0,1.5548266166822795,1.542281731263982,419.485323780132,-0.003897232251439863,0.11720665422030925,0.003054067962549478,0,0,1.0768253968253968e-06,8.119072214077393e-06
0,3.129,3,0.7548000000000004,STEADY FLOW,1.0,0.3,0.3000012378563023,0.3011704150032358,0.0012000049514252092,0.0012046816600129434,47.734254630305294,0.45112862530322906,0.021765681538806085,0.0,1.5548266166822824,1.5422817535514342,419.48533189066825,-0.0038972410756970507,0.11720665496608428,0.0030540678894133144,0,0,1.0768253968253968e-06,8.119072214077393e-06
0,3.1350000000000002,3,0.7620000000000005,STEADY FLOW,1.0,0.3,0.30000123786154576,0.3011704167742201,0.001200004951446183,0.0012046816670968803,47.73424754569256,0.4511286273313447,0.02176568163344678,0.0,1.5548266166822775,1.5422817611420558,419.48533609142606,-0.0038972469614071597,0.11720665549300419,0.003054067437361363,0,0,1.0768253968253968e-06,8.119072214077393e-06
0,3.141,3,0.7691999999999997,STEADY FLOW,1.0,0.3,0.3000012378633363,0.30117041713048487,0.0012000049514533453,0.0012046816685219394,47.734237083988866,0.451128627900966,0.021765681365746657,0.0,1.554826616682283,1.5422817522549928,419.48533520454356,-0.0038972481429597828,0.11720665564099614,0.003054066769539343,0,0,1.0768253968253968e-06,8.119072214077393e-06
0,3.1470000000000002,3,0.7764000000000002,STEADY FLOW,1.0,0.3,0.3000012378612561,0.30117041602108124,0.0012000049514450245,0.001204681664084325,47.73422677409252,0.45112862689428385,0.021765680838466674,0.0,1.5548266166822826,1.542281730507714,419.48532974625255,-0.003897244451924223,0.11720665537945243,0.0030540661112230527,0,0,1.0768253968253968e-06,8.119072214077393e-06
0,3.153,3,0.7835999999999999,STEADY FLOW,1.0,0.3,0.30000123785615146,0.3011704138707002,0.001200004951424606,0.0012046816554828008,47.734219934304605,0.45112862470786996,0.021765680233622364,0.0,1.5548266166822853,1.5422817035002245,419.4853216858744,-0.0038972373010987054,0.11720665481140544,0.0030540656743052175,0,0,1.0768253968253968e-06,8.119072214077393e-06
0,3.1590000000000003,3,0.7908,STEADY FLOW,1.0,0.3,0.3000012378498048,0.30117041142064793,0.0012000049513992193,0.0012046816456825918,47.73421861415417,0.4511286221009772,0.02176567974991383,0.0,1.5548266166822813,1.5422816801842896,419.48531374310016,-0.0038972291555293037,0.11720665413411485,0.0030540655897191016,0,0,1.0768253968253968e-06,8.119072214077393e-06
0,3.165,3,0.798,STEADY FLOW,1.0,0.3,0.30000123784432187,0.30117040947480717,0.0012000049513772875,0.0012046816378992286,47.734222989737134,0.45112861993356523,0.021765679537801383,0.0,1.5548266166822855,1.5422816679160887,419.48530847436876,-0.0038972226877676368,0.11720665357100468,0.0030540658688067435,0,0,1.0768253968253968e-06,8.119072214077393e-06
0,3.1710000000000003,3,0.8052000000000001,STEADY FLOW,1.0,0.3,0.30000123784143284,0.3011704086379732,0.0012000049513657314,0.0012046816345518928,47.73423138976485,0.4511286188848638,0.02176567965339206,0.0,1.55482661668228,1.542281670152304,419.4853074576959,-0.0038972199080002604,0.11720665329854406,0.00305406640495276,0,0,1.0768253968253968e-06,8.119072214077393e-06
0,3.177,3,0.8123999999999998,STEADY FLOW,1.0,0.3,0.3000012378419511,0.301170409130001,0.0012000049513678044,0.001204681636520004,47.73424092057428,0.4511286192426437,0.021765680044587787,0.0,1.554826616682278,1.5422816855110988,419.4853108288608,-0.0038972215463519153,0.11720665339149801,0.0030540670134544534,0,0,1.0768253968253968e-06,8.119072214077393e-06
0,3.1830000000000003,3,0.8196000000000003,STEADY FLOW,1.0,0.3,0.300001237845554,0.3011704107317581,0.001200004951382216,0.0012046816429270323,47.734248456669015,0.45112862082757244,0.021765680572606205,0.0,1.5548266166822784,1.5422817084409113,419.48531730081555,-0.0038972268734639008,0.11720665380327461,0.0030540674947547863,0,0,1.0768253968253968e-06,8.119072214077393e-06
0,3.189,3,0.8268,STEADY FLOW,1.0,0.3,0.30000123785094035,0.30117041287579965,0.0012000049514037615,0.0012046816515031986,47.73425165743183,0.4511286230722717,0.021765681060805318,0.0,1.5548266166822842,1.5422817312007915,419.48532464364456,-0.0038972340022152088,0.11720665438646455,0.003054067699359564,0,0,1.0768253968253968e-06,8.119072214077393e-06
0,3.1950000000000003,3,0.8340000000000005,STEADY FLOW,1.0,0.3,0.30000123785629146,0.3011704148458162,0.0012000049514251658,0.0012046816593832648,47.73424968622195,0.4511286252226348,0.02176568135354511,0.0,1.5548266166822857,1.5422817464546565,419.48533044900387,-0.0038972405510033655,0.11720665494514529,0.0030540675737678047,0,0,1.0768253968253968e-06,8.119072214077393e-06
0,3.201,3,0.8412000000000002,STEADY FLOW,1.0,0.3,0.30000123785988053,0.3011704160142855,0.0012000049514395222,0.0012046816640571422,47.73424341420634,0.4511286265893281,0.021765681365292673,0.0,1.5548266166822804,1.542281749621146,419.4853329144541,-0.0038972444338748412,0.11720665530022263,0.0030540671735146407,0,0,1.0768253968253968e-06,8.119072214077393e-06
0,3.2070000000000003,3,0.8484000000000003,STEADY FLOW,1.0,0.3,0.30000123786063043,0.3011704160404834,0.0012000049514425217,0.0012046816641619335,47.73423506121593,0.45112862676687465,0.021765681104950366,0.0,1.5548266166822857,1.5422817402286724,419.48533139565126,-0.0038972445186912655,0.11720665534635057,0.003054066640269415,0,0,1.0768253968253968e-06,8.119072214077393e-06
0,3.213,3,0.8556000000000004,STEADY FLOW,1.0,0.3,0.3000012378584299,0.3011704149677473,0.0012000049514337197,0.0012046816598709894,47.734227416347935,0.4511286257518835,0.021765680668874417,0.0,1.5548266166822806,1.542281721878783,419.4853265633086,-0.00389724095028282,0.11720665508264813,0.0030540661520912504,0,0,1.0768253968253968e-06,8.119072214077393e-06
0,3.219,3,0.8628,STEADY FLOW,1.0,0.3,0.30000123785412114,0.30117041319229915,0.0012000049514164846,0.0012046816527691965,47.73422291344677,0.45112862392620856,0.021765680205815503,0.0,1.55482661668228,1.5422817008979661,419.4853201277075,-0.003897235046565111,0.11720665460832386,0.0030540658644060414,0,0,1.0768253968253968e-06,8.119072214077393e-06
0,3.225,3,0.8700000000000001,STEADY FLOW,1.0,0.3,0.3000012378491898,0.30117041131893596,0.0012000049513967593,0.0012046816452757438,47.734222863188336,0.4511286219157723,0.021765679866380856,0.0,1.5548266166822815,1.5422816841749438,419.4853142382691,-0.003897228818548692,0.11720665408599719,0.0030540658609610194,0,0,1.0768253968253968e-06,8.119072214077393e-06
0,3.231,3,0.8772000000000002,STEADY FLOW,1.0,0.3,0.3000012378452566,0.3011704099563564,0.0012000049513810264,0.0012046816398254257,47.73422707975402,0.45112862037743956,0.02176567975440999,0.0,1.5548266166822777,1.5422816769127208,419.48531076968925,-0.0038972242897973037,0.11720665368632663,0.003054066129970945,0,0,1.0768253968253968e-06,8.119072214077393e-06
0,3.237,3,0.8844000000000003,STEADY FLOW,1.0,0.3,0.30000123784354515,0.30117040952100654,0.0012000049513741806,0.0012046816380840261,47.734234008131466,0.45112861978610164,0.021765679895736644,0.0,1.5548266166822813,1.542281681024259,419.4853107311646,-0.0038972228443641204,0.11720665353269254,0.003054066572218739,0,0,1.0768253968253968e-06,8.119072214077393e-06
0,3.243,3,0.8915999999999995,STEADY FLOW,1.0,0.3,0.30000123784450594,0.30117041011137435,0.0012000049513780238,0.0012046816404454974,47.7342412897361,0.4511286202896959,0.02176568023328858,0.0,1.554826616682279,1.542281694665436,419.4853139798939,-0.0038972248090337214,0.11720665366353017,0.0030540670371452805,0,0,1.0768253968253968e-06,8.119072214077393e-06
0,3.249,3,0.8988,STEADY FLOW,1.0,0.3,0.30000123784770694,0.30117041149028345,0.0012000049513908278,0.0012046816459611337,47.73424655980074,0.4511286216758945,0.02176568064919575,0.0,1.5548266166822793,1.5422817130025797,419.48531931794224,-0.0038972293946669674,0.11720665402367512,0.0030540673737560198,0,0,1.0768253968253968e-06,8.119072214077393e-06
0,3.255,3,0.9059999999999997,STEADY FLOW,1.0,0.3,0.3000012378520154,0.3011704131769025,0.0012000049514080614,0.0012046816527076102,47.7342482091428,0.45112862345723015,0.02176568100568778,0.0,1.5548266166822833,1.5422817299064917,419.4853249277117,-0.0038972350022897177,0.1172066544864797,0.00305406747926118,0,0,1.0768253968253968e-06,8.119072214077393e-06
0,3.261,3,0.9132000000000002,STEADY FLOW,1.0,0.3,0.3000012378559901,0.30117041461320554,0.0012000049514239604,0.0012046816584528222,47.73424586962442,0.45112862504115414,0.02176568119050186,0.0,1.5548266166822862,1.5422817399877016,419.4853289874371,-0.0038972397766461994,0.11720665489799523,0.003054067330089838,0,0,1.0768253968253968e-06,8.119072214077393e-06
0,3.267,3,0.9203999999999999,STEADY FLOW,1.0,0.3,0.30000123785836263,0.30117041534720346,0.0012000049514334506,0.001204681661388814,47.73424047774557,0.45112862592564523,0.02176568115180226,0.0,1.554826616682279,1.5422817403033968,419.4853302578574,-0.003897242215356442,0.11720665512779276,0.00305406698596955,0,0,1.0768253968253968e-06,8.119072214077393e-06
0,3.273,3,0.9276,STEADY FLOW,1.0,0.3,0.300001237858442,0.3011704151738555,0.001200004951433768,0.001204681660695422,47.734233912145534,0.45112862585697283,0.02176568091218465,0.0,1.5548266166822826,1.5422817311961676,419.4853284552975,-0.00389724163726674,0.11720665510995114,0.003054066566804181,0,0,1.0768253968253968e-06,8.119072214077393e-06
0,3.279,3,0.9348000000000001,STEADY FLOW,1.0,0.3,0.3000012378563061,0.3011704141903194,0.0012000049514252244,0.0012046816567612777,47.73422834397385,0.45112862490060784,0.02176568055811123,0.0,1.554826616682278,1.542281716032441,419.4853243009952,-0.0038972383659739663,0.11720665486148023,0.003054066211212403,0,0,1.0768253968253968e-06,8.119072214077393e-06
0,3.285,3,0.9420000000000002,STEADY FLOW,1.0,0.3,0.3000012378527448,0.30117041275086714,0.0012000049514109793,0.0012046816510034686,47.73422552435454,0.4511286234055654,0.02176568020905893,0.0,1.5548266166822844,1.5422816999792415,419.48531924266786,-0.003897233579736922,0.11720665447305681,0.003054066031028535,0,0,1.0768253968253968e-06,8.119072214077393e-06
0,3.291,3,0.9491999999999998,STEADY FLOW,1.0,0.3,0.3000012378489716,0.3011704113405834,0.0012000049513958863,0.0012046816453623336,47.7342262386306,0.45112862187864594,0.021765679977379188,0.0,1.5548266166822784,1.5422816882567238,419.48531495316746,-0.0038972288914367755,0.11720665407635152,0.0030540660764497574,0,0,1.0768253968253968e-06,8.119072214077393e-06
0,3.297,3,0.9564000000000004,STEADY FLOW,1.0,0.3,0.3000012378462139,0.3011704104130656,0.0012000049513848556,0.0012046816416522623,47.7342300956594,0.45112862081383653,0.02176567993247392,0.0,1.5548266166822806,1.5422816844507476,419.4853127811972,-0.0038972258089516832,0.1172066537997059,0.003054066322562443,0,0,1.0768253968253968e-06,8.119072214077393e-06
0,3.303,3,0.9636,STEADY FLOW,1.0,0.3,0.3000012378453154,0.3011704102457176,0.0012000049513812617,0.0012046816409828705,47.734235707775035,0.45112862053378366,0.02176568008038343,0.0,1.5548266166822833,1.5422816894290914,419.48531333163174,-0.003897225254133908,0.11720665372694601,0.0030540666808138717,0,0,1.0768253968253968e-06,8.119072214077393e-06
0,3.309,3,0.9708000000000001,STEADY FLOW,1.0,0.3,0.3000012378464808,0.30117041085804885,0.0012000049513859233,0.0012046816434321955,47.73424118480601,0.45112862109324364,0.021765680364624996,0.0,1.5548266166822826,1.5422817011861623,419.485316303394,-0.0038972272913299416,0.11720665387229798,0.003054067030541008,0,0,1.0768253968253968e-06,8.119072214077393e-06
0,3.315,3,0.9780000000000002,STEADY FLOW,1.0,0.3,0.3000012378492411,0.3011704120169687,0.0012000049513969644,0.0012046816480678747,47.73424476605505,0.45112862227345907,0.021765680687260935,0.0,1.5548266166822833,1.5422817156211486,419.4853206272277,-0.0038972311451432604,0.11720665417892698,0.0030540672593111218,0,0,1.0768253968253968e-06,8.119072214077393e-06
0,3.321,3,0.9852000000000003,STEADY FLOW,1.0,0.3,0.3000012378526332,0.30117041332370886,0.001200004951410533,0.0012046816532948355,47.73424538185108,0.45112862366542306,0.021765680942461573,0.0,1.5548266166822813,1.5422817279550822,419.4853248466575,-0.0038972354895749225,0.1172066545405698,0.003054067298787766,0,0,1.0768253968253968e-06,8.119072214077393e-06
0,3.327,3,0.9923999999999995,STEADY FLOW,1.0,0.3,0.30000123785553345,0.30117041435004516,0.0012000049514221337,0.0012046816574001807,47.73424296811314,0.4511286248105154,0.021765681050983768,0.0,1.5548266166822857,1.5422817343034814,419.4853276054393,-0.0038972389009765116,0.11720665483807352,0.003054067144826478,0,0,1.0768253968253968e-06,8.119072214077393e-06
0,3.333,3,0.9996,STEADY FLOW,1.0,0.3,0.30000123785702837,0.30117041477754963,0.0012000049514281136,0.0012046816591101985,47.734238441667934,0.4511286253504652,0.021765680984455412,0.0,1.554826616682278,1.5422817328902299,419.48532807968485,-0.0038972403209831764,0.1172066549783566,0.0030540668559158046,0,0,1.0768253968253968e-06,8.119072214077393e-06
0,3.339,4,0.006800000000000139,STEADY FLOW,1.0,0.3,0.3000012378567008,0.30117041449542603,0.0012000049514268032,0.001204681657981704,47.734233358890634,0.45112862513847585,0.021765680772278438,0.0,1.554826616682279,1.542281724524378,419.4853262199365,-0.0038972393816711303,0.11720665492328014,0.003054066531398947,0,0,1.0768253968253968e-06,8.119072214077393e-06
0,3.345,4,0.014000000000000234,STEADY FLOW,1.0,0.3,0.30000123785473753,0.30117041362699065,0.00120000495141895,0.0012046816545079626,47.73422938463664,0.45112862427717015,0.021765680489553327,0.0,1.554826616682282,1.5422817122206882,419.4853227324627,-0.00389723649346809,0.11720665469950639,0.003054066277576206,0,0,1.0768253968253968e-06,8.119072214077393e-06
0,3.351,4,0.02119999999999944,STEADY FLOW,1.0,0.3,0.3000012378518472,0.30117041247913656,0.0012000049514073888,0.0012046816499165463,47.73422775094698,0.4511286230739988,0.021765680230712167,0.0,1.5548266166822806,1.5422817001275244,419.4853188166344,-0.003897232676975788,0.11720665438691327,0.0030540661731379704,0,0,1.0768253968253968e-06,8.119072214077393e-06
0,3.357,4,0.028400000000000425,STEADY FLOW,1.0,0.3,0.3000012378490045,0.30117041143482937,0.0012000049513960181,0.0012046816457393175,47.73422887884112,0.45112862193261793,0.021765680078157077,0.0,1.55482661668228,1.5422816921374516,419.4853157550484,-0.00389722920547851,0.11720665409037383,0.0030540662450102563,0,0,1.0768253968253968e-06,8.119072214077393e-06
0,3.363,4,0.03559999999999963,STEADY FLOW,1.0,0.3,0.3000012378471243,0.3011704108262825,0.0012000049513884972,0.00120468164330513,47.73423227867646,0.45112862121844294,0.02176568007628152,0.0,1.5548266166822866,1.542281690642064,419.48531449663193,-0.003897227183289186,0.11720665390482571,0.003054066461976257,0,0,1.0768253968253968e-06,8.119072214077393e-06
0,3.369,4,0.042800000000000615,STEADY FLOW,1.0,0.3,0.3000012378467695,0.3011704108301077,0.001200004951387078,0.0012046816433204308,47.73423675013945,0.4511286211425673,0.02176568021886805,0.0,1.5548266166822842,1.5422816958283285,419.4853153656824,-0.0038972271972268877,0.11720665388511263,0.003054066747431472,0,0,1.0768253968253968e-06,8.119072214077393e-06
0,3.375,4,0.04999999999999982,STEADY FLOW,1.0,0.3,0.3000012378479847,0.301170411417247,0.001200004951391939,0.0012046816456689879,47.73424080215805,0.4511286217004704,0.021765680453341613,0.0,1.5548266166822793,1.5422817057194198,419.4853179851968,-0.003897229150283259,0.11720665403006013,0.003054067006183381,0,0,1.0768253968253968e-06,8.119072214077393e-06
0,3.3810000000000002,4,0.05719999999999992,STEADY FLOW,1.0,0.3,0.30000123785030763,0.30117041237168396,0.0012000049514012305,0.0012046816494867359,47.73424314646703,0.4511286226832698,0.021765680699847526,0.0,1.554826616682284,1.5422817169106102,419.48532143015757,-0.003897232323953576,0.1172066542853989,0.003054067155963125,0,0,1.0768253968253968e-06,8.119072214077393e-06
0,3.387,4,0.06440000000000001,STEADY FLOW,1.0,0.3,0.30000123785293825,0.3011704133688279,0.001200004951411753,0.0012046816534753116,47.734243104011306,0.4511286237546101,0.021765680878336354,0.0,1.5548266166822782,1.5422817257319121,419.4853245517329,-0.0038972356389502592,0.11720665456374128,0.0030540671533778596,0,0,1.0768253968253968e-06,8.119072214077393e-06
0,3.3930000000000002,4,0.07160000000000011,STEADY FLOW,1.0,0.3,0.30000123785501265,0.3011704140850614,0.0012000049514200506,0.0012046816563402456,47.73424079699903,0.4511286245648506,0.021765680934314153,0.0,1.5548266166822788,1.542281729444626,419.485326357609,-0.0038972380194437803,0.11720665477424794,0.003054067006190486,0,0,1.0768253968253968e-06,8.119072214077393e-06
0,3.399,4,0.0788000000000002,STEADY FLOW,1.0,0.3,0.3000012378558876,0.30117041430202096,0.0012000049514235506,0.001204681657208084,47.734237072930014,0.451128624864403,0.021765680855268373,0.0,1.5548266166822813,1.5422817270832863,419.48532632480965,-0.0038972387397114977,0.11720665485207393,0.0030540667684764156,0,0,1.0768253968253968e-06,8.119072214077393e-06
0,3.4050000000000002,4,0.0860000000000003,STEADY FLOW,1.0,0.3,0.3000012378553359,0.30117041397235816,0.0012000049514213436,0.0012046816558894326,47.73423319753033,0.45112862457977887,0.02176568067283436,0.0,1.5548266166822842,1.5422817196858603,419.4853245472919,-0.003897237642686212,0.1172066547781264,0.0030540665210321283,0,0,1.0768253968253968e-06,8.119072214077393e-06
0,3.411,4,0.0932000000000004,STEADY FLOW,1.0,0.3,0.3000012378536,0.30117041322733323,0.0012000049514144001,0.001204681652909333,47.73423042792607,0.45112862382942326,0.02176568045059875,0.0,1.55482661668228,1.5422817098676047,419.48532167803194,-0.0038972351650888846,0.1172066545831783,0.0030540663441287474,0,0,1.0768253968253968e-06,8.119072214077393e-06
0,3.4170000000000003,4,0.10040000000000049,STEADY FLOW,1.0,0.3,0.3000012378512927,0.3011704123261936,0.0012000049514051707,0.0012046816493047744,47.73422960763778,0.45112862287658967,0.021765680262057278,0.0,1.554826616682283,1.5422817009062812,419.48531869246784,-0.003897232169023562,0.11720665433562488,0.003054066291648283,0,0,1.0768253968253968e-06,8.119072214077393e-06
0,3.423,4,0.10760000000000058,STEADY FLOW,1.0,0.3,0.3000012378491859,0.30117041156672864,0.0012000049513967437,0.0012046816462669145,47.734230912833134,0.4511286220378508,0.021765680166499733,0.0,1.5548266166822806,1.542281695654538,419.48531655887433,-0.003897229644533945,0.11720665411771412,0.003054066374875264,0,0,1.0768253968253968e-06,8.119072214077393e-06
0,3.4290000000000003,4,0.11480000000000068,STEADY FLOW,1.0,0.3,0.3000012378479496,0.3011704111875503,0.0012000049513917984,0.0012046816447502011,47.73423382559854,0.45112862157864786,0.02176568019054031,0.0,1.55482661668228,1.542281695638138,419.48531592707354,-0.003897228384748427,0.1172066539984097,0.003054066560776114,0,0,1.0768253968253968e-06,8.119072214077393e-06
0,3.435,4,0.12199999999999989,STEADY FLOW,1.0,0.3,0.300001237847943,0.30117041129376143,0.0012000049513917722,0.0012046816451750457,47.73423733314507,0.4511286216299446,0.021765680321003504,0.0,1.5548266166822804,1.5422817006242688,419.4853169327539,-0.0038972287388060554,0.11720665401173698,0.0030540667847087644,0,0,1.0768253968253968e-06,8.119072214077393e-06
0,3.4410000000000003,4,0.12919999999999998,STEADY FLOW,1.0,0.3,0.30000123784911253,0.3011704118290064,0.00120000495139645,0.0012046816473160256,47.734240276952306,0.4511286221519501,0.021765680510946683,0.0,1.5548266166822788,1.5422817087770861,419.4853191769799,-0.0038972305190350187,0.117206654147358,0.003054066972706382,0,0,1.0768253968253968e-06,8.119072214077393e-06
0,3.447,4,0.13640000000000008,STEADY FLOW,1.0,0.3,0.30000123785102734,0.30117041260107136,0.0012000049514041093,0.0012046816504042855,47.734241732746135,0.45112862295483797,0.02176568069637488,0.0,1.5548266166822804,1.5422817173223873,419.48532187920625,-0.0038972330861669195,0.11720665435595437,0.003054067065740629,0,0,1.0768253968253968e-06,8.119072214077393e-06
0,3.4530000000000003,4,0.14360000000000017,STEADY FLOW,1.0,0.3,0.30000123785303606,0.30117041335013695,0.0012000049514121443,0.0012046816534005478,47.734241298295714,0.45112862376684415,0.021765680817685863,0.0,1.5548266166822813,1.5422817234850619,419.4853241469838,-0.0038972355763199373,0.11720665456691977,0.0030540670381002943,0,0,1.0768253968253968e-06,8.119072214077393e-06
0,3.459,4,0.15080000000000027,STEADY FLOW,1.0,0.3,0.30000123785448574,0.30117041383557686,0.0012000049514179429,0.0012046816553423075,47.734239199811455,0.45112862432557416,0.02176568083865175,0.0,1.5548266166822833,1.5422817253849856,419.4853252684366,-0.0038972371895952002,0.11720665471208208,0.0030540669041960733,0,0,1.0768253968253968e-06,8.119072214077393e-06
0,3.4650000000000003,4,0.15800000000000036,STEADY FLOW,1.0,0.3,0.30000123785493443,0.3011704139127065,0.0012000049514197377,0.001204681655650826,47.73423619003252,0.45112862446222474,0.021765680757052566,0.0,1.554826616682284,1.5422817226030858,419.4853249336062,-0.0038972374451915594,0.11720665474758495,0.003054066712063319,0,0,1.0768253968253968e-06,8.119072214077393e-06
0,3.471,4,0.16520000000000046,STEADY FLOW,1.0,0.3,0.300001237854283,0.30117041357519897,0.001200004951417132,0.0012046816543007958,47.73423328127771,0.45112862415188365,0.021765680603884084,0.0,1.5548266166822855,1.542281716249593,419.4853233167349,-0.0038972363223509932,0.11720665466695597,0.003054066526328336,0,0,1.0768253968253968e-06,8.119072214077393e-06
0,3.477,4,0.17239999999999966,STEADY FLOW,1.0,0.3,0.3000012378527913,0.3011704129508295,0.0012000049514111653,0.0012046816518033181,47.734231407441776,0.4511286235150498,0.02176568043182669,0.0,1.554826616682283,1.54228170853651,419.48532099791043,-0.003897234246119774,0.11720665450150167,0.003054066406625644,0,0,1.0768253968253968e-06,8.119072214077393e-06
0,3.483,4,0.17959999999999976,STEADY FLOW,1.0,0.3,0.3000012378509788,0.3011704122540547,0.0012000049514039152,0.001204681649016219,47.73423112623392,0.4511286227719875,0.021765680297238795,0.0,1.5548266166822793,1.54228170201429,419.4853187570738,-0.0038972319296118447,0.11720665430844844,0.003054066388585186,0,0,1.0768253968253968e-06,8.119072214077393e-06
0,3.489,4,0.18679999999999986,STEADY FLOW,1.0,0.3,0.30000123784944516,0.3011704117129489,0.0012000049513977806,0.0012046816468517956,47.73423245596115,0.4511286221672472,0.02176568024183877,0.0,1.5548266166822817,1.5422816987332935,419.48531731356314,-0.0038972301310653064,0.1172066541513323,0.003054066473406003,0,0,1.0768253968253968e-06,8.119072214077393e-06
0,3.495,4,0.19399999999999995,STEADY FLOW,1.0,0.3,0.30000123784867233,0.30117041149505014,0.0012000049513946893,0.0012046816459802005,47.7342348942737,0.4511286218896869,0.021765680279916003,0.0,1.5548266166822795,1.542281699604672,419.4853170969951,-0.0038972294073252754,0.11720665407922001,0.003054066629038621,0,0,1.0768253968253968e-06,8.119072214077393e-06
0,3.501,4,0.20120000000000005,STEADY FLOW,1.0,0.3,0.3000012378488751,0.3011704116559921,0.0012000049513955005,0.0012046816466239685,47.73423760420397,0.4511286220140096,0.021765680394932974,0.0,1.5548266166822817,1.5422817041585426,419.48531812159575,-0.0038972299431176143,0.11720665411152,0.0030540668020584416,0,0,1.0768253968253968e-06,8.119072214077393e-06
0,3.507,4,0.20840000000000014,STEADY FLOW,1.0,0.3,0.30000123784994354,0.3011704121266024,0.0012000049513997742,0.0012046816485064096,47.73423969914581,0.4511286224818018,0.021765680546279757,0.0,1.5548266166822806,1.5422817107584963,419.4853200001691,-0.0038972315082368507,0.11720665423305597,0.0030540669358574135,0,0,1.0768253968253968e-06,8.119072214077393e-06
0,3.513,4,0.21559999999999935,STEADY FLOW,1.0,0.3,0.3000012378514943,0.30117041274096934,0.0012000049514059772,0.0012046816509638774,47.734240531014464,0.45112862312653335,0.021765680683470668,0.0,1.5548266166822857,1.542281717182127,419.4853220879156,-0.0038972335509289357,0.11720665440056216,0.003054066989040427,0,0,1.0768253968253968e-06,8.119072214077393e-06
0,3.519,4,0.22280000000000033,STEADY FLOW,1.0,0.3,0.30000123785300403,0.3011704132943708,0.0012000049514120162,0.0012046816531774832,47.73423988876544,0.4511286237321805,0.021765680762900322,0.0,1.5548266166822802,1.5422817213647617,419.48532370180646,-0.0038972353905406924,0.11720665455791389,0.003054066948109835,0,0,1.0768253968253968e-06,8.119072214077393e-06
0,3.525,4,0.22999999999999954,STEADY FLOW,1.0,0.3,0.30000123785398836,0.3011704136110124,0.0012000049514159534,0.0012046816544440495,47.73423804673193,0.4511286241050861,0.021765680761557438,0.0,1.5548266166822802,1.5422817220588025,419.485324342565,-0.00389723644271449,0.1172066546547976,0.0030540668305558683,0,0,1.0768253968253968e-06,8.119072214077393e-06
0,3.531,4,0.23719999999999963,STEADY FLOW,1.0,0.3,0.3000012378541532,0.3011704135994745,0.001200004951416613,0.001204681654397898,47.73423565372306,0.45112862413550275,0.021765680683539394,0.0,1.5548266166822857,1.5422817191989582,419.4853238476679,-0.0038972364037034176,0.1172066546627001,0.0030540666777865155,0,0,1.0768253968253968e-06,8.119072214077393e-06
0,3.537,4,0.24439999999999973,STEADY FLOW,1.0,0.3,0.300001237853483,0.3011704132784062,0.001200004951413932,0.0012046816531136248,47.73423350674148,0.4511286238292,0.021765680557509416,0.0,1.5548266166822817,1.5422817138692992,419.4853224284349,-0.0038972353357228373,0.1172066545831203,0.003054066540684186,0,0,1.0768253968253968e-06,8.119072214077393e-06
0,3.543,4,0.2515999999999998,STEADY FLOW,1.0,0.3,0.3000012378522315,0.301170412765475,0.001200004951408926,0.0012046816510619001,47.73423228738911,0.4511286233002994,0.021765680426316887,0.0,1.5548266166822844,1.5422817079015558,419.4853205847822,-0.00389723363014736,0.11720665444570788,0.003054066462777394,0,0,1.0768253968253968e-06,8.119072214077393e-06
0,3.549,4,0.2587999999999999,STEADY FLOW,1.0,0.3,0.3000012378508286,0.30117041223486746,0.0012000049514033144,0.0012046816489394698,47.73423234698555,0.4511286227295498,0.021765680332510758,0.0,1.554826616682285,1.5422817032502862,419.48531893080167,-0.003897231866157263,0.1172066542974228,0.0030540664665148487,0,0,1.0768253968253968e-06,8.119072214077393e-06
0,3.555,4,0.266,STEADY FLOW,1.0,0.3,0.30000123784973476,0.30117041185858023,0.001200004951398939,0.001204681647434321,47.73423360812915,0.4511286223029913,0.02176568030466044,0.0,1.554826616682278,1.5422817013563814,419.4853179915233,-0.003897230615532008,0.11720665418659965,0.0030540665469773742,0,0,1.0768253968253968e-06,8.119072214077393e-06
0,3.561,4,0.2732000000000001,STEADY FLOW,1.0,0.3,0.3000012378492881,0.3011704117510309,0.0012000049513971524,0.0012046816470041234,47.73423560927026,0.45112862215172417,0.02176568034876745,0.0,1.5548266166822855,1.5422817027054754,419.4853180375096,-0.003897230258530194,0.11720665414729929,0.0030540666747156386,0,0,1.0768253968253968e-06,8.119072214077393e-06
0,3.567,4,0.2804000000000002,STEADY FLOW,1.0,0.3,0.30000123784960364,0.3011704119347009,0.0012000049513984147,0.0012046816477388035,47.73423767123478,0.45112862231203915,0.021765680447322064,0.0,1.5548266166822855,1.5422817067149863,419.48531900923234,-0.0038972308697053453,0.11720665418895035,0.0030540668063725462,0,0,1.0768253968253968e-06,8.119072214077393e-06
0,3.573,4,0.2875999999999994,STEADY FLOW,1.0,0.3,0.3000012378505447,0.3011704123370803,0.001200004951402179,0.0012046816493483212,47.73423912598804,0.45112862271803755,0.021765680566049227,0.0,1.5548266166822837,1.5422817119704935,419.4853205509886,-0.003897232207815281,0.11720665429443182,0.0030540668992937725,0,0,1.0768253968253968e-06,8.119072214077393e-06
0,3.579,4,0.2947999999999995,STEADY FLOW,1.0,0.3,0.30000123785177946,0.30117041281842083,0.0012000049514071178,0.0012046816512736834,47.734239531656016,0.451128623227566,0.021765680665731844,0.0,1.5548266166822777,1.5422817167196583,419.48532213948994,-0.0038972338081450808,0.11720665442681119,0.003054066925252563,0,0,1.0768253968253968e-06,8.119072214077393e-06
0,3.585,4,0.3020000000000005,STEADY FLOW,1.0,0.3,0.30000123785289623,0.30117041321984606,0.0012000049514115849,0.0012046816528793842,47.734238805072856,0.4511286236715489,0.02176568071507727,0.0,1.5548266166822833,1.542281719453153,419.48532326017676,-0.0038972351424867257,0.11720665454216134,0.0030540668789182934,0,0,1.0768253968253968e-06,8.119072214077393e-06
0,3.591,4,0.3092000000000006,STEADY FLOW,1.0,0.3,0.3000012378535396,0.30117041341545514,0.0012000049514141584,0.0012046816536618206,47.73423723215972,0.4511286239097009,0.021765680700442238,0.0,1.5548266166822842,1.5422817193807163,419.4853235726248,-0.0038972357923614614,0.11720665460403507,0.003054066778529263,0,0,1.0768253968253968e-06,8.119072214077393e-06
0,3.597,4,0.3163999999999998,STEADY FLOW,1.0,0.3,0.3000012378535241,0.3011704133514806,0.0012000049514140966,0.0012046816534059224,47.734235358821465,0.45112862387452013,0.021765680629455716,0.0,1.5548266166822808,1.5422817166532368,419.48532301274577,-0.0038972355791655265,0.11720665459489484,0.0030540666589287113,0,0,1.0768253968253968e-06,8.119072214077393e-06
0,3.603,4,0.3235999999999999,STEADY FLOW,1.0,0.3,0.3000012378528842,0.3011704130603764,0.0012000049514115368,0.0012046816522415056,47.73423380306453,0.45112862358980077,0.021765680527591338,0.0,1.5548266166822864,1.5422817122712504,419.48532180091377,-0.003897234610963733,0.11720665452092255,0.0030540665595737426,0,0,1.0768253968253968e-06,8.119072214077393e-06
0,3.609,4,0.3308,STEADY FLOW,1.0,0.3,0.30000123785185506,0.3011704126463855,0.0012000049514074203,0.001204681650585542,47.7342330524946,0.45112862315874186,0.021765680429111364,0.0,1.5548266166822777,1.542281707723773,419.48532035767266,-0.003897233234443455,0.11720665440893016,0.0030540665116056687,0,0,1.0768253968253968e-06,8.119072214077393e-06
0,3.615,4,0.3380000000000001,STEADY FLOW,1.0,0.3,0.3000012378507865,0.30117041224864416,0.001200004951403146,0.0012046816489945766,47.734233312699324,0.4511286227270576,0.02176568036563125,0.0,1.5548266166822853,1.5422817044856065,419.48531915913577,-0.0038972319122201806,0.11720665429677532,0.0030540665281668655,0,0,1.0768253968253968e-06,8.119072214077393e-06
0,3.621,4,0.3452000000000002,STEADY FLOW,1.0,0.3,0.3000012378500242,0.30117041199475414,0.001200004951400097,0.0012046816479790166,47.734234453722244,0.45112862243406077,0.021765680356050428,0.0,1.5548266166822808,1.5422817035419731,419.4853185809609,-0.0038972310684747247,0.11720665422065248,0.0030540666009766237,0,0,1.0768253968253968e-06,8.119072214077393e-06
0,3.6270000000000002,4,0.35240000000000027,STEADY FLOW,1.0,0.3,0.3000012378498015,0.3011704119601046,0.001200004951399206,0.0012046816478404184,47.734236067419296,0.4511286223679991,0.021765680401008052,0.0,1.5548266166822824,1.5422817050930164,419.48531878149083,-0.003897230953721738,0.11720665420348918,0.0030540667039899994,0,0,1.0768253968253968e-06,8.119072214077393e-06
0,3.633,4,0.35960000000000036,STEADY FLOW,1.0,0.3,0.3000012378501645,0.301170412145899,0.001200004951400658,0.001204681648583596,47.73423761174518,0.4511286225398587,0.021765680483515508,0.0,1.554826616682285,1.5422817085250184,419.4853196606512,-0.0038972315718192986,0.1172066542481396,0.003054066802602007,0,0,1.0768253968253968e-06,8.119072214077393e-06
0,3.6390000000000002,4,0.36680000000000046,STEADY FLOW,1.0,0.3,0.30000123785097055,0.30117041248217513,0.0012000049514038823,0.0012046816499287005,47.73423859151265,0.45112862288337297,0.021765680575250506,0.0,1.5548266166822817,1.542281712645238,419.48532090387187,-0.0038972326900377197,0.11720665433738724,0.00305406686519194,0,0,1.0768253968253968e-06,8.119072214077393e-06
0,3.645,4,0.37399999999999967,STEADY FLOW,1.0,0.3,0.30000123785193855,0.3011704128536081,0.0012000049514077542,0.0012046816514144326,47.73423871624486,0.45112862327993425,0.021765680646197626,0.0,1.5548266166822837,1.5422817160929767,419.48532209358143,-0.0038972339249033557,0.11720665444041685,0.003054066873201533,0,0,1.0768253968253968e-06,8.119072214077393e-06
0,3.6510000000000002,4,0.38120000000000065,STEADY FLOW,1.0,0.3,0.3000012378527493,0.3011704131387642,0.0012000049514109973,0.0012046816525550568,47.73423798460613,0.4511286235991764,0.021765680674408414,0.0,1.554826616682282,1.5422817177864052,419.48532284837563,-0.003897234872706737,0.11720665452335842,0.0030540668265299775,0,0,1.0768253968253968e-06,8.119072214077393e-06
0,3.657,4,0.38839999999999986,STEADY FLOW,1.0,0.3,0.30000123785314853,0.3011704132495489,0.001200004951412594,0.0012046816529981956,47.73423667156303,0.45112862374160645,0.02176568065272133,0.0,1.554826616682284,1.542281717258929,419.4853229444146,-0.0038972352406516277,0.11720665456036283,0.0030540667427203516,0,0,1.0768253968253968e-06,8.119072214077393e-06
0,3.6630000000000003,4,0.39559999999999995,STEADY FLOW,1.0,0.3,0.3000012378530255,0.30117041315814336,0.001200004951412102,0.0012046816526325734,47.73423522713008,0.45112862366929884,0.021765680590401303,0.0,1.5548266166822782,1.5422817147816321,419.4853223806479,-0.0038972349363793576,0.11720665454157676,0.0030540666504976777,0,0,1.0768253968253968e-06,8.119072214077393e-06
0,3.669,4,0.40280000000000005,STEADY FLOW,1.0,0.3,0.30000123785244465,0.30117041290323604,0.0012000049514097786,0.0012046816516129441,47.73423412331667,0.45112862341535814,0.021765680509406853,0.0,1.554826616682279,1.5422817112423204,419.4853213690399,-0.003897234088635498,0.11720665447560104,0.003054066579999404,0,0,1.0768253968253968e-06,8.119072214077393e-06
0,3.6750000000000003,4,0.41000000000000014,STEADY FLOW,1.0,0.3,0.3000012378516129,0.30117041257449795,0.0012000049514064516,0.0012046816502979919,47.7342337008338,0.4511286230699707,0.021765680436711534,0.0,1.5548266166822817,1.5422817078312332,419.48532025622956,-0.003897232995629583,0.11720665438586673,0.0030540665529863453,0,0,1.0768253968253968e-06,8.119072214077393e-06
0,3.681,4,0.41719999999999935,STEADY FLOW,1.0,0.3,0.3000012378508111,0.3011704122813347,0.0012000049514032446,0.0012046816491253387,47.73423406499709,0.4511286227487018,0.021765680395393627,0.0,1.5548266166822855,1.542281705643129,419.4853194059345,-0.0038972320211059413,0.11720665430239866,0.003054066576197334,0,0,1.0768253968253968e-06,8.119072214077393e-06
0,3.6870000000000003,4,0.42440000000000033,STEADY FLOW,1.0,0.3,0.300001237850296,0.3011704121167279,0.001200004951401184,0.0012046816484669117,47.73423506255316,0.4511286225541308,0.021765680397360695,0.0,1.5548266166822855,1.5422817053283657,419.48531908049335,-0.003897231474142645,0.1172066542518476,0.0030540666398592986,0,0,1.0768253968253968e-06,8.119072214077393e-06
0,3.693,4,0.4316000000000004,STEADY FLOW,1.0,0.3,0.3000012378502208,0.3011704121279463,0.0012000049514008834,0.0012046816485117853,47.734236342886255,0.45112862254326713,0.02176568044001307,0.0,1.554826616682283,1.542281706903359,419.4853193611329,-0.00389723151178876,0.11720665424902514,0.003054066721596582,0,0,1.0768253968253968e-06,8.119072214077393e-06
0,3.6990000000000003,4,0.4388000000000005,STEADY FLOW,1.0,0.3,0.30000123785059035,0.30117041230338,0.0012000049514023614,0.00120468164921352,47.73423748008992,0.4511286227112907,0.0217656805077369,0.0,1.5548266166822795,1.5422817097741461,419.48532012968366,-0.003897232095328688,0.11720665429267894,0.0030540667942169364,0,0,1.0768253968253968e-06,8.119072214077393e-06
0,3.705,4,0.44599999999999973,STEADY FLOW,1.0,0.3,0.3000012378512645,0.3011704125789572,0.001200004951405058,0.001204681650315829,47.73423811371572,0.4511286229958223,0.021765680577538894,0.0,1.5548266166822782,1.5422817129556015,419.48532111608097,-0.0038972330116597434,0.11720665436660242,0.003054066834702107,0,0,1.0768253968253968e-06,8.119072214077393e-06
0,3.7110000000000003,4,0.4531999999999998,STEADY FLOW,1.0,0.3,0.30000123785201216,0.3011704128612238,0.0012000049514080487,0.0012046816514448952,47.734238062208526,0.4511286232997968,0.02176568062681419,0.0,1.554826616682278,1.5422817154070885,419.48532199215543,-0.0038972339500424817,0.11720665444557735,0.0030540668314491537,0,0,1.0768253968253968e-06,8.119072214077393e-06
0,3.717,4,0.4604000000000008,STEADY FLOW,1.0,0.3,0.30000123785258886,0.3011704130588001,0.0012000049514103554,0.0012046816522352005,47.73423737335028,0.4511286235242438,0.021765680640589414,0.0,1.5548266166822813,1.542281716370861,419.4853224802801,-0.0038972346066975215,0.11720665450389037,0.0030540667874983107,0,0,1.0768253968253968e-06,8.119072214077393e-06
0,3.7230000000000003,4,0.4676000000000009,STEADY FLOW,1.0,0.3,0.3000012378528162,0.30117041311178544,0.0012000049514112648,0.0012046816524471419,47.734236298348684,0.4511286236003651,0.0217656806160332,0.0,1.5548266166822837,1.5422817156035862,419.4853224405303,-0.0038972347825540583,0.11720665452366724,0.003054066718877202,0,0,1.0768253968253968e-06,8.119072214077393e-06
0,3.729,4,0.4748000000000001,STEADY FLOW,1.0,0.3,0.3000012378526367,0.30117041300966096,0.0012000049514105469,0.001204681652038644,47.73423520155708,0.45112862351033745,0.021765680562814596,0.0,1.5548266166822842,1.542281713431442,419.4853219097665,-0.0038972344427411726,0.11720665450027738,0.00305406664884611,0,0,1.0768253968253968e-06,8.119072214077393e-06
0,3.735,4,0.4820000000000002,STEADY FLOW,1.0,0.3,0.30000123785212673,0.30117041279242446,0.001200004951408507,0.0012046816511696978,47.734234437864906,0.451128623290769,0.02176568049940314,0.0,1.5548266166822813,1.5422817106190663,419.4853210815584,-0.003897233720328804,0.11720665444323183,0.0030540666000649086,0,0,1.0768253968253968e-06,8.119072214077393e-06
0,3.741,4,0.4892000000000003,STEADY FLOW,1.0,0.3,0.300001237851466,0.3011704125353894,0.001200004951405864,0.0012046816501415575,47.73423423854042,0.45112862301836665,0.02176568044672207,0.0,1.5548266166822848,1.5422817081029867,419.4853202365849,-0.003897232865759915,0.11720665437245961,0.003054066587307558,0,0,1.0768253968253968e-06,8.119072214077393e-06
0,3.747,4,0.4963999999999995,STEADY FLOW,1.0,0.3,0.30000123785087435,0.3011704123232925,0.0012000049514034974,0.00120468164929317,47.73423464223404,0.45112862278342847,0.02176568042127937,0.0,1.5548266166822793,1.5422817066815229,419.48531964828845,-0.003897232160753132,0.11720665431142091,0.0030540666130531857,0,0,1.0768253968253968e-06,8.119072214077393e-06
0,3.753,4,0.5036000000000005,STEADY FLOW,1.0,0.3,0.3000012378505398,0.30117041222253255,0.001200004951402159,0.0012046816488901302,47.734235491286476,0.45112862266005854,0.021765680430052687,0.0,1.5548266166822793,1.54228170676353,419.4853194947407,-0.003897231826007522,0.11720665427936844,0.0030540666672431716,0,0,1.0768253968253968e-06,8.119072214077393e-06
0,3.759,4,0.5107999999999997,STEADY FLOW,1.0,0.3,0.30000123785055816,0.30117041226055563,0.0012000049514022326,0.0012046816490422225,47.73423649155692,0.45112862268299186,0.021765680468650496,0.0,1.5548266166822788,1.5422817082542464,419.4853198058022,-0.003897231952689129,0.11720665428532669,0.003054066731104088,0,0,1.0768253968253968e-06,8.119072214077393e-06
0,3.765,4,0.5179999999999998,STEADY FLOW,1.0,0.3,0.30000123785090804,0.30117041241878106,0.0012000049514036323,0.0012046816496751242,47.73423731343197,0.4511286228381709,0.021765680523264955,0.0,1.5548266166822844,1.5422817106087274,419.4853204599448,-0.0038972324789341953,0.11720665432564341,0.003054066783592102,0,0,1.0768253968253968e-06,8.119072214077393e-06
0,3.771,4,0.5251999999999999,STEADY FLOW,1.0,0.3,0.30000123785146104,0.3011704126407051,0.0012000049514058443,0.0012046816505628204,47.73423769982232,0.4511286230695188,0.021765680575549277,0.0,1.5548266166822793,1.5422817130280488,419.4853212305799,-0.0038972332168273342,0.11720665438574933,0.003054066808287015,0,0,1.0768253968253968e-06,8.119072214077393e-06
0,3.777,4,0.5324,STEADY FLOW,1.0,0.3,0.3000012378520297,0.3011704128518334,0.001200004951408119,0.0012046816514073334,47.73423754587211,0.45112862329895087,0.021765680608743114,0.0,1.554826616682283,1.5422817147286707,419.48532186371625,-0.00389723391868258,0.11720665444535752,0.003054066798485744,0,0,1.0768253968253968e-06,8.119072214077393e-06
0,3.783,4,0.5395999999999992,STEADY FLOW,1.0,0.3,0.3000012378524294,0.3011704129845319,0.0012000049514097175,0.0012046816519381276,47.734236925815836,0.4511286234525113,0.021765680612998717,0.0,1.5548266166822808,1.5422817151945887,419.4853221613896,-0.003897234359671697,0.1172066544852537,0.0030540667589182835,0,0,1.0768253968253968e-06,8.119072214077393e-06
0,3.789,4,0.5468000000000002,STEADY FLOW,1.0,0.3,0.30000123785253985,0.3011704129995473,0.0012000049514101594,0.0012046816519981891,47.734236060869414,0.4511286234840994,0.02176568058825841,0.0,1.5548266166822813,1.5422817143315886,419.4853220427445,-0.003897234409353129,0.11720665449346053,0.0030540667037026736,0,0,1.0768253968253968e-06,8.119072214077393e-06
0,3.795,4,0.5540000000000003,STEADY FLOW,1.0,0.3,0.3000012378523377,0.3011704128973912,0.0012000049514093508,0.0012046816515895648,47.734235241218144,0.4511286233890835,0.021765680543826132,0.0,1.5548266166822788,1.5422817124784582,419.4853215649921,-0.003897234069510784,0.11720665446877467,0.0030540666513640957,0,0,1.0768253968253968e-06,8.119072214077393e-06
0,3.801,4,0.5612000000000004,STEADY FLOW,1.0,0.3,0.3000012378519027,0.3011704127163389,0.0012000049514076109,0.0012046816508653555,47.73423472927915,0.45112862320385305,0.02176568049492841,0.0,1.5548266166822813,1.5422817102780837,419.48532089862056,-0.003897233467461109,0.11720665442065038,0.003054066618659368,0,0,1.0768253968253968e-06,8.119072214077393e-06
0,3.807,4,0.5683999999999996,STEADY FLOW,1.0,0.3,0.3000012378513854,0.30117041251839327,0.0012000049514055415,0.001204681650073573,47.73423467624569,0.45112862299228407,0.02176568045754705,0.0,1.5548266166822857,1.5422817084562177,419.48532026715435,-0.003897232809376076,0.11720665436568317,0.0030540666152485407,0,0,1.0768253968253968e-06,8.119072214077393e-06
0,3.813,4,0.5755999999999997,STEADY FLOW,1.0,0.3,0.300001237850957,0.3011704123681864,0.001200004951403828,0.0012046816494727457,47.73423507835237,0.45112862282383087,0.02176568044321581,0.0,1.5548266166822853,1.5422817075834436,419.4853198727918,-0.0038972323101221797,0.11720665432191776,0.0030540666408997996,0,0,1.0768253968253968e-06,8.119072214077393e-06
0,3.819,4,0.5828000000000007,STEADY FLOW,1.0,0.3,0.30000123785075156,0.30117041231201674,0.0012000049514030062,0.001204681649248067,47.73423578519547,0.45112862275088145,0.02176568045551758,0.0,1.5548266166822864,1.5422817078982114,419.4853198319977,-0.003897232123578249,0.11720665430296495,0.003054066686017487,0,0,1.0768253968253968e-06,8.119072214077393e-06
0,3.825,4,0.5900000000000007,STEADY FLOW,1.0,0.3,0.30000123785082483,0.3011704123637317,0.0012000049514032994,0.0012046816494549269,47.73423655488559,0.45112862279263805,0.021765680489265575,0.0,1.5548266166822844,1.5422817092450358,419.48532014181836,-0.0038972322957156304,0.11720665431381361,0.003054066735159955,0,0,1.0768253968253968e-06,8.119072214077393e-06
0,3.831,4,0.5972,STEADY FLOW,1.0,0.3,0.300001237851141,0.30117041250173654,0.001200004951404564,0.0012046816500069463,47.73423713622345,0.45112862293040423,0.021765680532602662,0.0,1.5548266166822857,1.5422817111424831,419.48532068639844,-0.003897232754671683,0.11720665434960631,0.0030540667722900317,0,0,1.0768253968253968e-06,8.119072214077393e-06
0,3.837,4,0.6044,STEADY FLOW,1.0,0.3,0.30000123785158656,0.3011704126775942,0.0012000049514063462,0.0012046816507103768,47.73423735018352,0.45112862311539154,0.021765680571108843,0.0,1.5548266166822855,1.5422817129533128,419.48532127935766,-0.0038972333393705793,0.11720665439766745,0.003054066785970866,0,0,1.0768253968253968e-06,8.119072214077393e-06
0,3.843,4,0.6116000000000001,STEADY FLOW,1.0,0.3,0.3000012378520123,0.3011704128328415,0.0012000049514080493,0.001204681651331366,47.73423714444594,0.45112862328575,0.021765680592581493,0.0,1.5548266166822804,1.542281714097215,419.48532172720746,-0.0038972338554348453,0.11720665444192785,0.0030540667728564674,0,0,1.0768253968253968e-06,8.119072214077393e-06
0,3.849,4,0.6188000000000011,STEADY FLOW,1.0,0.3,0.3000012378522815,0.30117041291832025,0.001200004951409126,0.001204681651673281,47.7342366044794,0.45112862338718024,0.021765680590865828,0.0,1.554826616682285,1.5422817142354524,419.4853218919827,-0.003897234139462086,0.1172066544682802,0.003054066738396033,0,0,1.0768253968253968e-06,8.119072214077393e-06
0,3.855,4,0.6260000000000003,STEADY FLOW,1.0,0.3,0.30000123785231436,0.30117041290962715,0.0012000049514092575,0.0012046816516385085,47.734235919641314,0.4511286233900946,0.021765680567567697,0.0,1.5548266166822813,1.5422817133691011,419.48532173347814,-0.00389723411037512,0.11720665446903737,0.0030540666946756723,0,0,1.0768253968253968e-06,8.119072214077393e-06
0,3.861,4,0.6332000000000004,STEADY FLOW,1.0,0.3,0.3000012378521116,0.30117041281384593,0.0012000049514084463,0.0012046816512553838,47.73423531749573,0.45112862329802145,0.021765680531188845,0.0,1.5548266166822828,1.542281711823313,419.48532131744736,-0.0038972337917842883,0.11720665444511608,0.0030540666562228758,0,0,1.0768253968253968e-06,8.119072214077393e-06
0,3.867,4,0.6403999999999996,STEADY FLOW,1.0,0.3,0.3000012378517485,0.3011704126658358,0.001200004951406994,0.001204681650663343,47.73423498857292,0.45112862314499647,0.021765680494057197,0.0,1.5548266166822826,1.542281710127711,419.48532078982436,-0.003897233299634054,0.117206654405359,0.003054066635206132,0,0,1.0768253968253968e-06,8.119072214077393e-06
0,3.873,4,0.6475999999999997,STEADY FLOW,1.0,0.3,0.30000123785134986,0.30117041251571985,0.0012000049514053995,0.0012046816500628794,47.73423502656925,0.4511286229831526,0.021765680468188706,0.0,1.554826616682283,1.5422817088361844,419.48532032595085,-0.0038972328005836077,0.11720665436331074,0.0030540666376124292,0,0,1.0768253968253968e-06,8.119072214077393e-06
0,3.879,4,0.6547999999999998,STEADY FLOW,1.0,0.3,0.300001237851046,0.30117041241202924,0.001200004951404184,0.001204681649648117,47.73423540254944,0.45112862286510563,0.021765680461420443,0.0,1.5548266166822795,1.542281708347058,419.4853200725748,-0.0038972324559667206,0.11720665433264124,0.0030540666616021284,0,0,1.0768253968253968e-06,8.119072214077393e-06
0,3.8850000000000002,4,0.6620000000000008,STEADY FLOW,1.0,0.3,0.30000123785093047,0.3011704123861151,0.0012000049514037218,0.0012046816495444603,47.73423597985399,0.45112862282695904,0.02176568047506495,0.0,1.5548266166822813,1.5422817087816714,419.48532010187,-0.003897232369972921,0.11720665432273046,0.003054066698453539,0,0,1.0768253968253968e-06,8.119072214077393e-06
0,3.891,4,0.6692,STEADY FLOW,1.0,0.3,0.3000012378510323,0.30117041244279497,0.001200004951404129,0.00120468164977118,47.73423656307759,0.45112862287738026,0.021765680503795685,0.0,1.5548266166822782,1.5422817099578585,419.4853203915465,-0.0038972325585645536,0.11720665433583027,0.003054066735693084,0,0,1.0768253968253968e-06,8.119072214077393e-06
0,3.8970000000000002,4,0.6764000000000001,STEADY FLOW,1.0,0.3,0.30000123785130844,0.30117041256003296,0.0012000049514052339,0.001204681650240132,47.73423696378053,0.4511286229960878,0.021765680537654295,0.0,1.5548266166822813,1.542281711462433,419.485320836315,-0.0038972329484320838,0.11720665436667141,0.0030540667612886097,0,0,1.0768253968253968e-06,8.119072214077393e-06
0,3.903,4,0.6836000000000002,STEADY FLOW,1.0,0.3,0.3000012378516622,0.30117041269725486,0.001200004951406649,0.0012046816507890194,47.734237060953056,0.45112862314167373,0.02176568056548611,0.0,1.5548266166822817,1.5422817127950128,419.48532128562806,-0.0038972334046526616,0.11720665440449576,0.0030540667675094113,0,0,1.0768253968253968e-06,8.119072214077393e-06
0,3.9090000000000003,4,0.6908000000000003,STEADY FLOW,1.0,0.3,0.3000012378519754,0.3011704128092749,0.0012000049514079016,0.0012046816512370998,47.73423683706023,0.45112862326595,0.021765680578586157,0.0,1.5548266166822857,1.5422817135334739,419.4853215943298,-0.0038972337770032768,0.11720665443678369,0.003054066753229945,0,0,1.0768253968253968e-06,8.119072214077393e-06
0,3.915,4,0.6979999999999995,STEADY FLOW,1.0,0.3,0.30000123785214916,0.3011704128610924,0.0012000049514085966,0.0012046816514443698,47.7342363789244,0.4511286233297728,0.021765680573394584,0.0,1.5548266166822853,1.5422817134665794,419.4853216691813,-0.0038972339491461627,0.11720665445336531,0.003054066723989779,0,0,1.0768253968253968e-06,8.119072214077393e-06
0,3.9210000000000003,4,0.7052000000000005,STEADY FLOW,1.0,0.3,0.30000123785213384,0.30117041283872814,0.0012000049514085355,0.0012046816513549127,47.73423584497895,0.4511286233153033,0.021765680552420168,0.0,1.5548266166822837,1.5422817126524813,419.48532149663066,-0.0038972338746499635,0.11720665444960603,0.003054066689900159,0,0,1.0768253968253968e-06,8.119072214077393e-06
0,3.927,4,0.7124000000000006,STEADY FLOW,1.0,0.3,0.3000012378519431,0.3011704127527727,0.0012000049514077724,0.0012046816510110907,47.73423541095807,0.4511286232307822,0.021765680523145172,0.0,1.5548266166822784,1.542281711387785,419.48532114366725,-0.0038972335887714885,0.1172066544276468,0.003054066662181887,0,0,1.0768253968253968e-06,8.119072214077393e-06
0,3.9330000000000003,4,0.7196000000000007,STEADY FLOW,1.0,0.3,0.300001237851646,0.3011704126338415,0.0012000049514065841,0.001204681650535366,47.734235212361995,0.451128623106644,0.021765680495394558,0.0,1.5548266166822806,1.5422817101010253,419.48532073231905,-0.003897233193329897,0.11720665439539477,0.003054066649488707,0,0,1.0768253968253968e-06,8.119072214077393e-06
0,3.939,4,0.7267999999999999,STEADY FLOW,1.0,0.3,0.30000123785134364,0.3011704125218021,0.0012000049514053746,0.0012046816500872084,47.734235302563754,0.45112862298474615,0.021765680478051563,0.0,1.5548266166822793,1.5422817092083756,419.48532039796606,-0.0038972328208784815,0.11720665436372475,0.003054066655232779,0,0,1.0768253968253968e-06,8.119072214077393e-06
0,3.9450000000000003,4,0.734,STEADY FLOW,1.0,0.3,0.3000012378511333,0.3011704124524949,0.0012000049514045332,0.0012046816498099795,47.73423563932643,0.4511286229043151,0.021765680476239724,0.0,1.5548266166822864,1.5422817089799137,419.48532024499974,-0.003897232590559144,0.11720665434282816,0.0030540666767227,0,0,1.0768253968253968e-06,8.119072214077393e-06
0,3.951,4,0.7412000000000001,STEADY FLOW,1.0,0.3,0.30000123785107935,0.3011704124463376,0.0012000049514043175,0.0012046816497853503,47.73423610280384,0.451128622889416,0.021765680489839928,0.0,1.5548266166822802,1.5422817094591657,419.48532031452,-0.003897232570215611,0.11720665433895729,0.0030540667063099214,0,0,1.0768253968253968e-06,8.119072214077393e-06
0,3.9570000000000003,4,0.7484000000000002,STEADY FLOW,1.0,0.3,0.30000123785119165,0.301170412502443,0.0012000049514047666,0.001204681650009772,47.73423653770578,0.4511286229418717,0.02176568051375893,0.0,1.5548266166822828,1.5422817104593782,419.4853205739798,-0.003897232756857119,0.11720665435258565,0.003054066734080818,0,0,1.0768253968253968e-06,8.119072214077393e-06
0,3.963,4,0.7556000000000003,STEADY FLOW,1.0,0.3,0.30000123785142646,0.3011704125998853,0.001200004951405706,0.0012046816503995413,47.73423680500213,0.45112862304171447,0.02176568053981705,0.0,1.5548266166822828,1.5422817116341545,419.48532093104393,-0.0038972330808776864,0.11720665437852558,0.0030540667511573805,0,0,1.0768253968253968e-06,8.119072214077393e-06
0,3.9690000000000003,4,0.7628000000000004,STEADY FLOW,1.0,0.3,0.3000012378517026,0.3011704127053457,0.0012000049514068103,0.0012046816508213829,47.73423682607039,0.45112862315455937,0.021765680559507523,0.0,1.5548266166822793,1.5422817125965225,419.4853212660895,-0.0038972334314871537,0.11720665440784353,0.0030540667525151832,0,0,1.0768253968253968e-06,8.119072214077393e-06
0,3.975,4,0.7699999999999996,STEADY FLOW,1.0,0.3,0.30000123785192867,0.3011704127844324,0.0012000049514077147,0.0012046816511377297,47.73423660530828,0.4511286232434241,0.021765680566764704,0.0,1.5548266166822813,1.5422817130456377,419.48532147198296,-0.003897233694351525,0.11720665443093127,0.0030540667384324482,0,0,1.0768253968253968e-06,8.119072214077393e-06
0,3.9810000000000003,4,0.7771999999999997,STEADY FLOW,1.0,0.3,0.30000123785203453,0.3011704128128256,0.0012000049514081382,0.0012046816512513024,47.734236224928125,0.4511286232807115,0.021765680559817417,0.0,1.5548266166822853,1.5422817128599349,419.4853214881907,-0.0038972337886410027,0.11720665444061881,0.003054066714152537,0,0,1.0768253968253968e-06,8.119072214077393e-06
0,3.987,4,0.7844000000000007,STEADY FLOW,1.0,0.3,0.30000123785199134,0.30117041278366896,0.0012000049514079654,0.0012046816511346759,47.73423581490368,0.45112862325674513,0.021765680541550515,0.0,1.5548266166822866,1.5422817121281545,419.48532131810305,-0.0038972336915970734,0.11720665443439217,0.003054066687973256,0,0,1.0768253968253968e-06,8.119072214077393e-06
0,3.993,4,0.7915999999999999,STEADY FLOW,1.0,0.3,0.30000123785181976,0.3011704127089869,0.001200004951407279,0.0012046816508359476,47.734235508872736,0.45112862318203695,0.021765680518370557,0.0,1.5548266166822848,1.5422817111112128,419.48532102504464,-0.003897233443232186,0.1172066544149824,0.0030540666684268913,0,0,1.0768253968253968e-06,8.119072214077393e-06
0,3.999,4,0.7988,STEADY FLOW,1.0,0.3,0.3000012378515807,0.3011704126149394,0.0012000049514063228,0.0012046816504597574,47.73423540085937,0.451128623082994,0.02176568049798449,0.0,1.5548266166822793,1.542281710150184,419.4853207091397,-0.003897233130541675,0.1172066543892503,0.0030540666615195278,0,0,1.0768253968253968e-06,8.119072214077393e-06
0,4.005,4,0.806,STEADY FLOW,1.0,0.3,0.30000123785135485,0.30117041253275084,0.0012000049514054195,0.0012046816501310035,47.7342355167074,0.4511286229926822,0.02176568048683786,0.0,1.5548266166822788,1.5422817095525982,419.4853204734074,-0.0038972328573367255,0.1172066543657866,0.0030540666689056195,0,0,1.0768253968253968e-06,8.119072214077393e-06
0,4.011,4,0.8132000000000001,STEADY FLOW,1.0,0.3,0.3000012378512143,0.30117041248840326,0.0012000049514048572,0.001204681649953613,47.734235808859665,0.45112862293984546,0.021765680488109288,0.0,1.5548266166822842,1.5422817094947312,419.48532039023786,-0.0038972327099825142,0.11720665435205922,0.003054066687549817,0,0,1.0768253968253968e-06,8.119072214077393e-06
0,4.017,4,0.8204000000000011,STEADY FLOW,1.0,0.3,0.30000123785120003,0.30117041249448356,0.0012000049514048002,0.0012046816499779343,47.734236175064254,0.4511286229398202,0.021765680500826213,0.0,1.5548266166822813,1.5422817099707409,419.48532047948464,-0.0038972327302977724,0.11720665435205263,0.0030540667109288933,0,0,1.0768253968253968e-06,8.119072214077393e-06
0,4.023,4,0.8275999999999994,STEADY FLOW,1.0,0.3,0.300001237851312,0.3011704125467337,0.001200004951405248,0.0012046816501869349,47.73423649378947,0.45112862299021567,0.021765680520361718,0.0,1.5548266166822784,1.54228171080279,419.48532070456673,-0.003897232904089469,0.11720665436514577,0.003054066731282834,0,0,1.0768253968253968e-06,8.119072214077393e-06
0,4.029,4,0.8347999999999995,STEADY FLOW,1.0,0.3,0.3000012378515073,0.3011704126262011,0.0012000049514060292,0.0012046816505048043,47.73423666436437,0.4511286230724799,0.02176568054010728,0.0,1.5548266166822853,1.5422817117062486,419.485320986695,-0.003897233168326175,0.11720665438651866,0.0030540667421821155,0,0,1.0768253968253968e-06,8.119072214077393e-06
0,4.035,4,0.8419999999999996,STEADY FLOW,1.0,0.3,0.30000123785171945,0.30117041270601363,0.0012000049514068777,0.0012046816508240546,47.734236638478066,0.4511286231586371,0.0217656805536787,0.0,1.5548266166822817,1.5422817123863677,419.48532123225647,-0.003897233433657041,0.11720665440890296,0.0030540667405398736,0,0,1.0768253968253968e-06,8.119072214077393e-06
0,4.041,4,0.8491999999999997,STEADY FLOW,1.0,0.3,0.30000123785187954,0.30117041276040424,0.0012000049514075183,0.001204681651041617,47.73423643341899,0.45112862322070246,0.021765680556983098,0.0,1.5548266166822782,1.5422817126338668,419.485321363619,-0.003897233614422505,0.117206654425028,0.003054066727455673,0,0,1.0768253968253968e-06,8.119072214077393e-06
0,4.047,4,0.8563999999999989,STEADY FLOW,1.0,0.3,0.300001237851938,0.301170412772972,0.001200004951407752,0.001204681651091888,47.73423612348274,0.4511286232397432,0.021765680549413274,0.0,1.554826616682278,1.5422817123885575,419.4853213436673,-0.0038972336561191815,0.11720665442997492,0.003054066707671277,0,0,1.0768253968253968e-06,8.119072214077393e-06
0,4.053,4,0.8635999999999999,STEADY FLOW,1.0,0.3,0.30000123785188054,0.30117041274156786,0.0012000049514075222,0.0012046816509662715,47.73423581344003,0.4511286232115693,0.021765680533913454,0.0,1.5548266166822817,1.5422817117519718,419.485321185715,-0.003897233551631497,0.11720665442265514,0.003054066687874224,0,0,1.0768253968253968e-06,8.119072214077393e-06
0,4.059,4,0.8708,STEADY FLOW,1.0,0.3,0.30000123785173105,0.301170412678319,0.0012000049514069241,0.001204681650713276,47.73423560331894,0.4511286231474203,0.02176568051583948,0.0,1.5548266166822817,1.5422817109472704,419.4853209469208,-0.003897233341302999,0.11720665440598874,0.0030540666744522937,0,0,1.0768253968253968e-06,8.119072214077393e-06
0,4.065,4,0.8780000000000001,STEADY FLOW,1.0,0.3,0.3000012378515421,0.3011704126050843,0.0012000049514061684,0.0012046816504203374,47.73423555638164,0.4511286230696323,0.021765680501143487,0.0,1.5548266166822806,1.542281710241736,419.4853207080571,-0.0038972330978207827,0.11720665438577883,0.00305406667144692,0,0,1.0768253968253968e-06,8.119072214077393e-06
0,4.071,4,0.8851999999999993,STEADY FLOW,1.0,0.3,0.3000012378513763,0.3011704125459417,0.0012000049514055051,0.0012046816501837668,47.73423568034973,0.4511286230039166,0.021765680494410126,0.0,1.55482661668228,1.542281709858487,419.4853205461774,-0.003897232901234336,0.11720665436870537,0.0030540666793532623,0,0,1.0768253968253968e-06,8.119072214077393e-06
0,4.077,4,0.8923999999999994,STEADY FLOW,1.0,0.3,0.3000012378512861,0.30117041251933857,0.0012000049514051443,0.0012046816500773543,47.7342359274624,0.451128622970932,0.0217656804974529,0.0,1.5548266166822855,1.5422817099065362,419.48532051002326,-0.003897232812859455,0.11720665436013573,0.0030540666951255346,0,0,1.0768253968253968e-06,8.119072214077393e-06
0,4.083,4,0.8996000000000004,STEADY FLOW,1.0,0.3,0.30000123785129723,0.30117041253237187,0.001200004951405189,0.0012046816501294876,47.734236212397,0.4511286229798309,0.021765680508843824,0.0,1.5548266166822806,1.5422817103507815,419.48532060554066,-0.003897232856266187,0.11720665436244773,0.003054066713317427,0,0,1.0768253968253968e-06,8.119072214077393e-06
0,4.089,4,0.9068000000000005,STEADY FLOW,1.0,0.3,0.3000012378514012,0.30117041257904076,0.0012000049514056049,0.001204681650316163,47.7342364415133,0.4511286230258377,0.021765680524530193,0.0,1.5548266166822828,1.5422817110298856,419.4853207959589,-0.0038972330114806285,0.11720665437440066,0.0030540667279495004,0,0,1.0768253968253968e-06,8.119072214077393e-06
0,4.095,4,0.9139999999999997,STEADY FLOW,1.0,0.3,0.3000012378515605,0.3011704126427578,0.0012000049514062422,0.0012046816505710313,47.73423654340562,0.45112862309242696,0.02176568053925576,0.0,1.554826616682283,1.5422817117140821,419.4853210154384,-0.003897233223336659,0.11720665439170104,0.0030540667344622907,0,0,1.0768253968253968e-06,8.119072214077393e-06
0,4.101,4,0.9211999999999998,STEADY FLOW,1.0,0.3,0.30000123785172145,0.30117041270218775,0.0012000049514068857,0.001204681650808751,47.7342364909937,0.45112862315717367,0.021765680548310434,0.0,1.554826616682282,1.5422817121823746,419.4853211919434,-0.0038972334208973486,0.11720665440852274,0.00305406673112385,0,0,1.0768253968253968e-06,8.119072214077393e-06
0,4.107,4,0.9283999999999999,STEADY FLOW,1.0,0.3,0.3000012378518317,0.30117041273835876,0.0012000049514073268,0.001204681650953435,47.73423630819379,0.45112862319927793,0.021765680549035812,0.0,1.5548266166822782,1.5422817122934902,419.48532127041904,-0.003897233541097935,0.11720665441946175,0.003054066719459181,0,0,1.0768253968253968e-06,8.119072214077393e-06
0,4.113,4,0.9356,STEADY FLOW,1.0,0.3,0.30000123785185784,0.30117041274064854,0.0012000049514074313,0.0012046816509625941,47.73423605990962,0.4511286232061763,0.021765680541571582,0.0,1.5548266166822828,1.5422817120278054,419.4853212300579,-0.0038972335486430845,0.117206654421254,0.0030540667036087488,0,0,1.0768253968253968e-06,8.119072214077393e-06
0,4.119,4,0.9428000000000001,STEADY FLOW,1.0,0.3,0.30000123785179594,0.30117041270986006,0.001200004951407184,0.0012046816508394403,47.7342358292262,0.45112862317724106,0.021765680528700815,0.0,1.5548266166822864,1.542281711488173,419.48532108922484,-0.0038972334462222397,0.11720665441373641,0.0030540666888783097,0,0,1.0768253968253968e-06,8.119072214077393e-06
0,4.125,4,0.9500000000000002,STEADY FLOW,1.0,0.3,0.30000123785166927,0.30117041265742805,0.0012000049514066771,0.0012046816506297122,47.73423568977066,0.45112862312344437,0.021765680514821136,0.0,1.5548266166822784,1.5422817108611262,419.48532089796777,-0.003897233271873701,0.11720665439975964,0.003054066679968992,0,0,1.0768253968253968e-06,8.119072214077393e-06
0,4.131,4,0.9572000000000003,STEADY FLOW,1.0,0.3,0.3000012378515219,0.30117041260125726,0.0012000049514060876,0.001204681650405029,47.73423568238914,0.4511286230632713,0.021765680504456406,0.0,1.5548266166822817,1.5422817103529667,419.48532072023295,-0.003897233085131544,0.11720665438412618,0.00305406667949093,0,0,1.0768253968253968e-06,8.119072214077393e-06
0,4.1370000000000005,4,0.9644000000000004,STEADY FLOW,1.0,0.3,0.3000012378514022,0.30117041255963867,0.0012000049514056088,0.0012046816502385546,47.734235803465076,0.4511286230164283,0.021765680500791768,0.0,1.5548266166822824,1.5422817101222408,419.48532061277,-0.003897232946804026,0.11720665437195604,0.0030540666872145295,0,0,1.0768253968253968e-06,8.119072214077393e-06
0,4.143,4,0.9715999999999996,STEADY FLOW,1.0,0.3,0.30000123785134775,0.30117041254533666,0.001200004951405391,0.0012046816501813467,47.73423600809272,0.4511286229974134,0.021765680504707344,0.0,1.5548266166822842,1.5422817102307813,419.48532060712336,-0.003897232899313141,0.1172066543670158,0.0030540667002763033,0,0,1.0768253968253968e-06,8.119072214077393e-06
0,4.149,4,0.9788000000000006,STEADY FLOW,1.0,0.3,0.30000123785137317,0.30117041256172644,0.0012000049514054928,0.0012046816502469058,47.73423622646541,0.45112862301110235,0.021765680514593613,0.0,1.5548266166822837,1.5422817106281563,419.4853207004047,-0.0038972329538603592,0.11720665437057227,0.003054066714218928,0,0,1.0768253968253968e-06,8.119072214077393e-06
0,4.155,4,0.9860000000000007,STEADY FLOW,1.0,0.3,0.30000123785146654,0.30117041260212185,0.0012000049514058662,0.0012046816504084875,47.73423638749108,0.45112862305159185,0.021765680526987314,0.0,1.554826616682282,1.5422817111730367,419.48532085804635,-0.0038972330881986866,0.11720665438109178,0.0030540667245038122,0,0,1.0768253968253968e-06,8.119072214077393e-06
0,4.1610000000000005,4,0.9932000000000007,STEADY FLOW,1.0,0.3,0.3000012378515945,0.30117041265240274,0.001200004951406378,0.001204681650609611,47.734236441828145,0.4511286231046057,0.021765680537775448,0.0,1.5548266166822782,1.5422817116829008,419.4853210263022,-0.003897233255372978,0.11720665439486519,0.0030540667279788103,0,0,1.0768253968253968e-06,8.119072214077393e-06
0,4.167,5,0.00039999999999995595,STEADY FLOW,1.0,0.3,0.3000012378517144,0.30117041269589656,0.0012000049514068576,0.0012046816507835863,47.73423637678548,0.4511286231524677,0.021765680543556803,0.0,1.5548266166822817,1.542281711994859,419.4853211503089,-0.0038972333999504312,0.11720665440730009,0.0030540667238321273,0,0,1.0768253968253968e-06,8.119072214077393e-06
0,4.173,5,0.007600000000000051,STEADY FLOW,1.0,0.3,0.30000123785178784,0.30117041271887784,0.0012000049514071514,0.0012046816508755115,47.73423621878254,0.4511286231799634,0.021765680542689486,0.0,1.5548266166822782,1.5422817120172443,419.48532119218004,-0.003897233476308673,0.11720665441444368,0.0030540667137481936,0,0,1.0768253968253968e-06,8.119072214077393e-06
0,4.179,5,0.014800000000000146,STEADY FLOW,1.0,0.3,0.3000012378517932,0.301170412714865,0.0012000049514071728,0.00120468165085946,47.73423602301854,0.4511286231791511,0.02176568053575598,0.0,1.5548266166822824,1.5422817117559868,419.48532114206205,-0.0038972334629143353,0.11720665441423264,0.003054066701250635,0,0,1.0768253968253968e-06,8.119072214077393e-06
0,4.1850000000000005,5,0.02200000000000113,STEADY FLOW,1.0,0.3,0.30000123785173183,0.3011704126863775,0.0012000049514069274,0.00120468165074551,47.73423585436854,0.4511286231515821,0.021765680525266316,0.0,1.5548266166822788,1.5422817113082712,419.48532102032823,-0.0038972333681619857,0.11720665440706998,0.0030540666904801395,0,0,1.0768253968253968e-06,8.119072214077393e-06
0,4.191,5,0.029200000000000337,STEADY FLOW,1.0,0.3,0.3000012378516268,0.30117041264372024,0.0012000049514065071,0.001204681650574881,47.73423576601697,0.4511286231073656,0.021765680514769865,0.0,1.5548266166822813,1.5422817108270246,419.4853208695226,-0.003897233226323174,0.11720665439558224,0.0030540666848344333,0,0,1.0768253968253968e-06,8.119072214077393e-06
0,4.197,5,0.03640000000000043,STEADY FLOW,1.0,0.3,0.3000012378515139,0.30117041260129845,0.0012000049514060557,0.0012046816504051939,47.73423578282021,0.4511286230615178,0.02176568050765161,0.0,1.554826616682279,1.542281710469036,419.4853207395784,-0.003897233085295516,0.11720665438367062,0.003054066685902024,0,0,1.0768253968253968e-06,8.119072214077393e-06
0,4.203,5,0.04360000000000053,STEADY FLOW,1.0,0.3,0.3000012378514296,0.3011704125727906,0.0012000049514057185,0.0012046816502911625,47.73423589456634,0.4511286230289089,0.021765680506054055,0.0,1.5548266166822853,1.5422817103442086,419.48532067151586,-0.003897232990551753,0.11720665437519856,0.003054066693032098,0,0,1.0768253968253968e-06,8.119072214077393e-06
0,4.2090000000000005,5,0.05080000000000062,STEADY FLOW,1.0,0.3,0.30000123785139976,0.3011704125667599,0.001200004951405599,0.0012046816502670396,47.73423606091102,0.45112862301945816,0.021765680510244436,0.0,1.5548266166822855,1.5422817104822193,419.48532068446906,-0.003897232970549409,0.1172066543727432,0.003054066703650715,0,0,1.0768253968253968e-06,8.119072214077393e-06
0,4.215,5,0.05800000000000072,STEADY FLOW,1.0,0.3,0.3000012378514321,0.3011704125841335,0.0012000049514057285,0.0012046816503365342,47.73423622568662,0.45112862303516665,0.02176568051860556,0.0,1.554826616682282,1.5422817108266051,419.4853207705626,-0.003897233028353031,0.11720665437682441,0.0030540667141720768,0,0,1.0768253968253968e-06,8.119072214077393e-06
0,4.221,5,0.06520000000000081,STEADY FLOW,1.0,0.3,0.30000123785151334,0.3011704126182397,0.0012000049514060533,0.0012046816504729587,47.73423633580494,0.4511286230698206,0.02176568052824685,0.0,1.5548266166822806,1.5422817112568683,419.4853208987348,-0.003897233141768043,0.11720665438582777,0.003054066721206228,0,0,1.0768253968253968e-06,8.119072214077393e-06
0,4.227,5,0.07240000000000091,STEADY FLOW,1.0,0.3,0.30000123785161414,0.3011704126573134,0.0012000049514064566,0.0012046816506292538,47.734236358223065,0.4511286231113678,0.021765680536005024,0.0,1.5548266166822842,1.5422817116302874,419.48532102567737,-0.00389723327167591,0.11720665439662203,0.0030540667226424123,0,0,1.0768253968253968e-06,8.119072214077393e-06
0,4.2330000000000005,5,0.079600000000001,STEADY FLOW,1.0,0.3,0.30000123785170213,0.3011704126885272,0.0012000049514068085,0.0012046816507541088,47.73423628969108,0.4511286231461066,0.021765680539460038,0.0,1.5548266166822793,1.542281711828972,419.485321110512,-0.003897233375427049,0.11720665440564743,0.0030540667182714643,0,0,1.0768253968253968e-06,8.119072214077393e-06
0,4.239,5,0.08679999999999932,STEADY FLOW,1.0,0.3,0.30000123785174887,0.30117041270216316,0.0012000049514069955,0.0012046816508086526,47.73423615644779,0.4511286231631327,0.02176568053769181,0.0,1.5548266166822817,1.5422817117967489,419.4853211277413,-0.003897233420723502,0.11720665441007094,0.003054066709767156,0,0,1.0768253968253968e-06,8.119072214077393e-06
0,4.245,5,0.09399999999999942,STEADY FLOW,1.0,0.3,0.30000123785174126,0.30117041269462297,0.001200004951406965,0.0012046816507784918,47.73423600442942,0.45112862315775465,0.021765680531507455,0.0,1.5548266166822842,1.5422817115545098,419.48532107498545,-0.0038972333956150485,0.11720665440867367,0.003054066700060698,0,0,1.0768253968253968e-06,8.119072214077393e-06
0,4.251,5,0.1012000000000004,STEADY FLOW,1.0,0.3,0.3000012378516844,0.3011704126693009,0.0012000049514067376,0.0012046816506772035,47.73423588353786,0.4511286231327339,0.02176568052310501,0.0,1.5548266166822806,1.5422817111899505,419.48532097229713,-0.0038972333113987605,0.11720665440217312,0.003054066692340207,0,0,1.0768253968253968e-06,8.119072214077393e-06
0,4.257,5,0.10839999999999961,STEADY FLOW,1.0,0.3,0.3000012378515989,0.3011704126351753,0.0012000049514063955,0.0012046816505407012,47.73423583136292,0.4511286230970278,0.021765680515293966,0.0,1.5548266166822793,1.5422817108262605,419.4853208551965,-0.003897233197933623,0.11720665439289639,0.003054066689005097,0,0,1.0768253968253968e-06,8.119072214077393e-06
0,4.263,5,0.1155999999999997,STEADY FLOW,1.0,0.3,0.30000123785151345,0.3011704126036522,0.0012000049514060537,0.0012046816504146087,47.73423586160641,0.45112862306264095,0.021765680510569995,0.0,1.554826616682278,1.5422817105807298,419.4853207620367,-0.0038972330931426936,0.11720665438396242,0.003054066690931778,0,0,1.0768253968253968e-06,8.119072214077393e-06
0,4.269,5,0.1227999999999998,STEADY FLOW,1.0,0.3,0.30000123785145566,0.3011704125847904,0.0012000049514058226,0.0012046816503391616,47.73423596078047,0.45112862304061274,0.021765680510313926,0.0,1.5548266166822842,1.5422817105272146,419.48532072186066,-0.003897233030463768,0.11720665437823932,0.0030540666972607156,0,0,1.0768253968253968e-06,8.119072214077393e-06
0,4.275,5,0.1299999999999999,STEADY FLOW,1.0,0.3,0.30000123785144295,0.3011704125840954,0.0012000049514057718,0.0012046816503363815,47.73423609374286,0.4511286230374861,0.021765680514408785,0.0,1.5548266166822862,1.542281710674252,419.48532074517954,-0.003897233028189614,0.11720665437742701,0.0030540667057485926,0,0,1.0768253968253968e-06,8.119072214077393e-06
0,4.281,5,0.1371999999999991,STEADY FLOW,1.0,0.3,0.3000012378514775,0.30117041260096805,0.00120000495140591,0.0012046816504038722,47.73423621607117,0.4511286230534111,0.021765680521334523,0.0,1.5548266166822817,1.5422817109652984,419.48532082160693,-0.0038972330843160363,0.11720665438156447,0.003054066713560566,0,0,1.0768253968253968e-06,8.119072214077393e-06
0,4.287,5,0.14440000000000008,STEADY FLOW,1.0,0.3,0.30000123785154564,0.30117041262916655,0.0012000049514061825,0.0012046816505166661,47.73423628876618,0.4511286230823883,0.021765680528726242,0.0,1.5548266166822817,1.5422817112998957,419.48532092401706,-0.003897233178082721,0.11720665438909293,0.003054066718204629,0,0,1.0768253968253968e-06,8.119072214077393e-06
0,4.293,5,0.15160000000000018,STEADY FLOW,1.0,0.3,0.30000123785162447,0.3011704126590731,0.0012000049514064978,0.0012046816506362922,47.73423629064408,0.4511286231144593,0.021765680534179512,0.0,1.5548266166822817,1.5422817115681164,419.48532101823935,-0.003897233277506791,0.1172066543974252,0.0030540667183283077,0,0,1.0768253968253968e-06,8.119072214077393e-06
0,4.299,5,0.15880000000000027,STEADY FLOW,1.0,0.3,0.3000012378516873,0.3011704126809673,0.0012000049514067493,0.001204681650723869,47.73423622430084,0.4511286231391514,0.021765680536019717,0.0,1.55482661668228,1.5422817116864316,419.4853210742983,-0.0038972333502770933,0.11720665440384043,0.0030540667140956934,0,0,1.0768253968253968e-06,8.119072214077393e-06
0,4.305,5,0.16599999999999948,STEADY FLOW,1.0,0.3,0.30000123785171545,0.3011704126881482,0.0012000049514068619,0.0012046816507525929,47.73423611425242,0.4511286231488373,0.021765680533823252,0.0,1.5548266166822793,1.5422817116234908,419.4853210757034,-0.0038972333741191865,0.11720665440635689,0.0030540667070715344,0,0,1.0768253968253968e-06,8.119072214077393e-06
0,4.311,5,0.17319999999999958,STEADY FLOW,1.0,0.3,0.30000123785170085,0.30117041267896594,0.0012000049514068033,0.0012046816507158638,47.73423599799089,0.4511286231410588,0.02176568052847603,0.0,1.554826616682278,1.5422817114078258,419.48532102460797,-0.0038972333435605393,0.11720665440433597,0.003054066699648139,0,0,1.0768253968253968e-06,8.119072214077393e-06
0,4.317,5,0.18040000000000056,STEADY FLOW,1.0,0.3,0.30000123785165,0.30117041265712785,0.0012000049514066,0.0012046816506285113,47.73423591330245,0.4511286231191278,0.021765680521846298,0.0,1.5548266166822844,1.5422817111159615,419.4853209398137,-0.0038972332709375193,0.11720665439863813,0.0030540666942389105,0,0,1.0768253968253968e-06,8.119072214077393e-06
0,4.323,5,0.18760000000000066,STEADY FLOW,1.0,0.3,0.3000012378515814,0.30117041263025385,0.0012000049514063256,0.0012046816505210155,47.73423588608061,0.45112862309076246,0.021765680516133847,0.0,1.5548266166822857,1.5422817108455287,419.48532085024067,-0.0038972331815872894,0.1172066543912686,0.0030540666924976367,0,0,1.0768253968253968e-06,8.119072214077393e-06
0,4.329,5,0.19479999999999986,STEADY FLOW,1.0,0.3,0.3000012378515179,0.30117041260724753,0.0012000049514060715,0.0012046816504289902,47.734235922498584,0.4511286230654111,0.02176568051313832,0.0,1.5548266166822855,1.5422817106828122,419.48532078498107,-0.0038972331051122713,0.11720665438468214,0.003054066694819557,0,0,1.0768253968253968e-06,8.119072214077393e-06
0,4.335,5,0.20199999999999996,STEADY FLOW,1.0,0.3,0.30000123785147953,0.3011704125953564,0.0012000049514059182,0.0012046816503814256,47.73423600791064,0.45112862305111284,0.021765680513701396,0.0,1.554826616682283,1.5422817106754054,419.4853207640334,-0.0038972330656037958,0.11720665438096733,0.0030540667002709743,0,0,1.0768253968253968e-06,8.119072214077393e-06
0,4.341,5,0.20920000000000005,STEADY FLOW,1.0,0.3,0.3000012378514777,0.301170412597911,0.0012000049514059108,0.001204681650391644,47.7342361125375,0.45112862305198287,0.021765680517479898,0.0,1.5548266166822806,1.5422817108186528,419.48532079207064,-0.003897233074125265,0.11720665438119335,0.003054066706950298,0,0,1.0768253968253968e-06,8.119072214077393e-06
0,4.347,5,0.21640000000000104,STEADY FLOW,1.0,0.3,0.3000012378515112,0.3011704126134333,0.0012000049514060448,0.0012046816504537332,47.73423620175106,0.4511286230670542,0.021765680523107137,0.0,1.5548266166822788,1.5422817110594795,419.4853208579094,-0.0038972331257538352,0.11720665438510901,0.0030540667126477405,0,0,1.0768253968253968e-06,8.119072214077393e-06
0,4.353,5,0.22360000000000024,STEADY FLOW,1.0,0.3,0.3000012378515679,0.3011704126363247,0.0012000049514062716,0.0012046816505452988,47.734236247452856,0.45112862309081325,0.02176568052868405,0.0,1.554826616682277,1.5422817113157612,419.48532093849263,-0.003897233201868491,0.11720665439128179,0.0030540667155685153,0,0,1.0768253968253968e-06,8.119072214077393e-06
0,4.359,5,0.23080000000000034,STEADY FLOW,1.0,0.3,0.3000012378516279,0.3011704126588664,0.0012000049514065117,0.0012046816506354656,47.73423623689663,0.4511286231152085,0.021765680532414698,0.0,1.5548266166822833,1.5422817115040992,419.4853210072383,-0.0038972332768064206,0.11720665439761987,0.0030540667148972744,0,0,1.0768253968253968e-06,8.119072214077393e-06
0,4.365,5,0.23800000000000043,STEADY FLOW,1.0,0.3,0.30000123785167254,0.3011704126738,0.0012000049514066902,0.0012046816506952002,47.73423617602604,0.45112862313232477,0.021765680533178986,0.0,1.5548266166822806,1.542281711566825,419.48532104237506,-0.0038972333264355656,0.1172066544020668,0.003054066711013048,0,0,1.0768253968253968e-06,8.119072214077393e-06
0,4.371,5,0.24520000000000053,STEADY FLOW,1.0,0.3,0.30000123785168703,0.30117041267665595,0.001200004951406748,0.0012046816507066238,47.73423608677563,0.4511286231369869,0.02176568053085994,0.0,1.554826616682282,1.5422817114894005,419.4853210343031,-0.0038972333359068734,0.11720665440327806,0.0030540667053158277,0,0,1.0768253968253968e-06,8.119072214077393e-06
0,4.377,5,0.25239999999999974,STEADY FLOW,1.0,0.3,0.3000012378516691,0.30117041266706085,0.0012000049514066765,0.0012046816506682434,47.73423599923639,0.4511286231282514,0.021765680526349918,0.0,1.5548266166822853,1.5422817113031748,419.4853209873899,-0.0038972333039834412,0.11720665440100853,0.003054066699726299,0,0,1.0768253968253968e-06,8.119072214077393e-06
0,4.383,5,0.2596000000000007,STEADY FLOW,1.0,0.3,0.30000123785162536,0.301170412648677,0.0012000049514065015,0.001204681650594708,47.73423594155834,0.45112862310954815,0.021765680521203798,0.0,1.554826616682284,1.5422817110731808,419.4853209186456,-0.0038972332428503483,0.11720665439614927,0.0030540666960421348,0,0,1.0768253968253968e-06,8.119072214077393e-06
0,4.389,5,0.2668000000000008,STEADY FLOW,1.0,0.3,0.3000012378515714,0.30117041262783684,0.0012000049514062855,0.0012046816505113475,47.734235931003894,0.45112862308736823,0.021765680517110343,0.0,1.5548266166822848,1.5422817108756048,419.48532085120814,-0.003897233173564093,0.11720665439038674,0.003054066695365565,0,0,1.0768253968253968e-06,8.119072214077393e-06
0,4.3950000000000005,5,0.2740000000000009,STEADY FLOW,1.0,0.3,0.3000012378515251,0.301170412611372,0.0012000049514061003,0.001204681650445488,47.734235968836316,0.45112862306901047,0.021765680515341116,0.0,1.5548266166822813,1.542281710772725,419.4853208067754,-0.00389723311883655,0.11720665438561727,0.0030540666977787456,0,0,1.0768253968253968e-06,8.119072214077393e-06
0,4.401,5,0.28119999999999923,STEADY FLOW,1.0,0.3,0.3000012378515007,0.3011704126043989,0.0012000049514060028,0.0012046816504175956,47.73423604065767,0.45112862306023704,0.02176568051636395,0.0,1.554826616682279,1.542281710793434,419.4853207986132,-0.00389723309567475,0.11720665438333787,0.0030540667023626344,0,0,1.0768253968253968e-06,8.119072214077393e-06
0,4.407,5,0.2883999999999993,STEADY FLOW,1.0,0.3,0.30000123785150545,0.30117041260874045,0.0012000049514060218,0.0012046816504349617,47.73423612173649,0.4511286230634463,0.021765680519717723,0.0,1.5548266166822853,1.5422817109254265,419.485320827787,-0.003897233110130324,0.11720665438417166,0.0030540667075393824,0,0,1.0768253968253968e-06,8.119072214077393e-06
0,4.413,5,0.2955999999999994,STEADY FLOW,1.0,0.3,0.30000123785153654,0.3011704126224727,0.001200004951406146,0.0012046816504898907,47.7342361854985,0.451128623077049,0.021765680524214535,0.0,1.554826616682283,1.5422817111210676,419.4853208831087,-0.003897233155800162,0.11720665438770575,0.0030540667116110143,0,0,1.0768253968253968e-06,8.119072214077393e-06
0,4.4190000000000005,5,0.3028000000000004,STEADY FLOW,1.0,0.3,0.30000123785158217,0.30117041264074745,0.0012000049514063287,0.0012046816505629897,47.73423621216706,0.4511286230961851,0.021765680528353645,0.0,1.5548266166822848,1.5422817113143419,419.48532094556856,-0.0038972332165633054,0.11720665439267745,0.003054066713316095,0,0,1.0768253968253968e-06,8.119072214077393e-06
0,4.425,5,0.3099999999999996,STEADY FLOW,1.0,0.3,0.3000012378516279,0.3011704126574619,0.0012000049514065117,0.0012046816506298477,47.73423619481771,0.45112862311444313,0.021765680530815987,0.0,1.5548266166822842,1.5422817114429932,419.485320994685,-0.0038972332721248512,0.11720665439742102,0.003054066712210979,0,0,1.0768253968253968e-06,8.119072214077393e-06
0,4.431,5,0.3171999999999997,STEADY FLOW,1.0,0.3,0.30000123785165805,0.30117041266729,0.0012000049514066323,0.00120468165066916,47.734236141039965,0.45112862312595464,0.02176568053088209,0.0,1.5548266166822833,1.5422817114684597,419.4853210152417,-0.003897233304784126,0.11720665440041181,0.0030540667087788353,0,0,1.0768253968253968e-06,8.119072214077393e-06
0,4.437,5,0.3243999999999998,STEADY FLOW,1.0,0.3,0.30000123785166416,0.3011704126673795,0.0012000049514066568,0.001204681650669518,47.73423606985063,0.45112862312732777,0.02176568052863682,0.0,1.554826616682279,1.5422817113872023,419.48532100188083,-0.0038972333050620455,0.11720665440076854,0.0030540667042340264,0,0,1.0768253968253968e-06,8.119072214077393e-06
0,4.4430000000000005,5,0.3315999999999999,STEADY FLOW,1.0,0.3,0.3000012378516452,0.3011704126581394,0.0012000049514065806,0.0012046816506325576,47.73423600500813,0.45112862311856605,0.021765680524910843,0.0,1.554826616682283,1.542281711230293,419.4853209604546,-0.003897233274325228,0.11720665439849218,0.0030540667000935606,0,0,1.0768253968253968e-06,8.119072214077393e-06
0,4.449,5,0.3388,STEADY FLOW,1.0,0.3,0.30000123785160815,0.30117041264298,0.0012000049514064325,0.00120468165057192,47.73423596713515,0.4511286231029665,0.02176568052097615,0.0,1.5548266166822775,1.5422817110517986,419.48532090559354,-0.003897233223918091,0.1172066543944393,0.0030540666976737185,0,0,1.0768253968253968e-06,8.119072214077393e-06
0,4.455,5,0.3460000000000001,STEADY FLOW,1.0,0.3,0.30000123785156635,0.301170412627056,0.0012000049514062654,0.001204681650508224,47.734235967239385,0.45112862308586443,0.02176568051810702,0.0,1.55482661668228,1.5422817109102822,419.48532085562033,-0.0038972331709782376,0.11720665438999606,0.0030540666976786035,0,0,1.0768253968253968e-06,8.119072214077393e-06
0,4.461,5,0.3532000000000002,STEADY FLOW,1.0,0.3,0.30000123785153293,0.30117041261554206,0.0012000049514061318,0.0012046816504621683,47.73423600355513,0.4511286230728475,0.02176568051718506,0.0,1.5548266166822855,1.5422817108497273,419.48532082647324,-0.0038972331327104784,0.11720665438661418,0.003054066699995417,0,0,1.0768253968253968e-06,8.119072214077393e-06
0,4.4670000000000005,5,0.3604000000000003,STEADY FLOW,1.0,0.3,0.3000012378515189,0.3011704126119502,0.0012000049514060756,0.0012046816504478009,47.73423606271699,0.4511286230679302,0.021765680518414626,0.0,1.5548266166822775,1.5422817108859888,419.4853208265531,-0.0038972331207846943,0.11720665438533662,0.0030540667037719516,0,0,1.0768253968253968e-06,8.119072214077393e-06
0,4.473,5,0.3675999999999995,STEADY FLOW,1.0,0.3,0.30000123785152727,0.30117041261708166,0.001200004951406109,0.0012046816504683268,47.73423612459859,0.4511286230723328,0.021765680521304922,0.0,1.5548266166822848,1.542281711002975,419.48532085454417,-0.0038972331378613733,0.11720665438648044,0.003054066707722791,0,0,1.0768253968253968e-06,8.119072214077393e-06
0,4.479,5,0.3747999999999996,STEADY FLOW,1.0,0.3,0.30000123785155475,0.30117041262888605,0.001200004951406219,0.0012046816505155442,47.73423616911405,0.45112862308421214,0.02176568052484424,0.0,1.5548266166822804,1.542281711159259,419.48532090013316,-0.003897233177117156,0.11720665438956678,0.0030540667105658503,0,0,1.0768253968253968e-06,8.119072214077393e-06
0,4.485,5,0.38200000000000056,STEADY FLOW,1.0,0.3,0.3000012378515912,0.30117041264324496,0.0012000049514063649,0.0012046816505729798,47.734236182691035,0.45112862309938506,0.021765680527865337,0.0,1.554826616682278,1.5422817113026488,419.48532094779745,-0.003897233224857852,0.11720665439350883,0.003054066711435155,0,0,1.0768253968253968e-06,8.119072214077393e-06
0,4.4910000000000005,5,0.38920000000000066,STEADY FLOW,1.0,0.3,0.30000123785162514,0.3011704126554143,0.0012000049514065006,0.0012046816506216572,47.73423616235502,0.4511286231128198,0.021765680529416617,0.0,1.5548266166822813,1.542281711387458,419.4853209820955,-0.0038972332653087385,0.11720665439699929,0.0030540667101384145,0,0,1.0768253968253968e-06,8.119072214077393e-06
0,4.497,5,0.39639999999999986,STEADY FLOW,1.0,0.3,0.3000012378516453,0.3011704126615623,0.001200004951406581,0.0012046816506462493,47.73423611620412,0.45112862312024976,0.02176568052906152,0.0,1.5548266166822788,1.5422817113889808,419.48532099252077,-0.003897233285734572,0.11720665439892963,0.0030540667071925487,0,0,1.0768253968253968e-06,8.119072214077393e-06
0,4.503,5,0.40359999999999996,STEADY FLOW,1.0,0.3,0.30000123785164573,0.30117041265998334,0.001200004951406583,0.0012046816506399334,47.734236060292844,0.45112862311955293,0.021765680527004488,0.0,1.5548266166822833,1.542281711310521,419.4853209768879,-0.003897233280470058,0.11720665439874858,0.0030540667036229596,0,0,1.0768253968253968e-06,8.119072214077393e-06
0,4.509,5,0.41080000000000005,STEADY FLOW,1.0,0.3,0.3000012378516269,0.3011704126515361,0.0012000049514065076,0.0012046816506061445,47.73423601313613,0.4511286231113302,0.02176568052398495,0.0,1.554826616682279,1.5422817111810165,419.48532094132895,-0.0038972332523755588,0.11720665439661225,0.0030540667006109246,0,0,1.0768253968253968e-06,8.119072214077393e-06
0,4.515,5,0.41800000000000015,STEADY FLOW,1.0,0.3,0.3000012378515967,0.3011704126392566,0.0012000049514063868,0.0012046816505570264,47.73423598950839,0.4511286230985707,0.02176568052102021,0.0,1.5548266166822793,1.5422817110445783,419.4853208982708,-0.0038972332115450774,0.11720665439329725,0.0030540666991014653,0,0,1.0768253968253968e-06,8.119072214077393e-06
0,4.521,5,0.42520000000000024,STEADY FLOW,1.0,0.3,0.30000123785156446,0.301170412627278,0.0012000049514062578,0.001204681650509112,47.73423599600079,0.4511286230855916,0.021765680519067365,0.0,1.5548266166822806,1.5422817109455413,419.4853208619199,-0.0038972331717246254,0.11720665438992517,0.0030540666995144683,0,0,1.0768253968253968e-06,8.119072214077393e-06
0,4.527,5,0.43240000000000034,STEADY FLOW,1.0,0.3,0.3000012378515414,0.30117041261945576,0.0012000049514061658,0.001204681650477823,47.73423602912216,0.45112862307659285,0.021765680518707548,0.0,1.554826616682283,1.5422817109141504,419.48532084372346,-0.003897233145727605,0.11720665438758723,0.003054066701628333,0,0,1.0768253968253968e-06,8.119072214077393e-06
0,4.533,5,0.43960000000000043,STEADY FLOW,1.0,0.3,0.300001237851534,0.3011704126181269,0.001200004951406136,0.0012046816504725077,47.734236076995245,0.45112862307431145,0.021765680519986206,0.0,1.5548266166822793,1.5422817109574696,419.48532084872096,-0.003897233141322947,0.1172066543869945,0.003054066704684111,0,0,1.0768253968253968e-06,8.119072214077393e-06
0,4.539,5,0.44679999999999964,STEADY FLOW,1.0,0.3,0.3000012378515439,0.30117041262341915,0.0012000049514061758,0.0012046816504936767,47.734236123497375,0.4511286230791632,0.02176568052241672,0.0,1.5548266166822802,1.542281711058131,419.48532087423916,-0.003897233158930438,0.11720665438825505,0.0030540667076532912,0,0,1.0768253968253968e-06,8.119072214077393e-06
0,4.545,5,0.45399999999999974,STEADY FLOW,1.0,0.3,0.3000012378515676,0.3011704126333276,0.0012000049514062706,0.0012046816505333104,47.73423615368884,0.4511286230892665,0.021765680525162433,0.0,1.5548266166822788,1.5422817111810414,419.4853209111456,-0.003897233191879193,0.11720665439087995,0.0030540667095824148,0,0,1.0768253968253968e-06,8.119072214077393e-06
0,4.551,5,0.4612000000000007,STEADY FLOW,1.0,0.3,0.3000012378515966,0.30117041264444144,0.0012000049514063864,0.001204681650577766,47.73423615856737,0.4511286231011081,0.02176568052732242,0.0,1.5548266166822842,1.5422817112855418,419.48532094695463,-0.0038972332288282193,0.11720665439395649,0.0030540667098946095,0,0,1.0768253968253968e-06,8.119072214077393e-06
0,4.557,5,0.4684000000000008,STEADY FLOW,1.0,0.3,0.3000012378516212,0.30117041265312344,0.0012000049514064848,0.0012046816506124938,47.73423613770772,0.4511286231108016,0.021765680528226628,0.0,1.554826616682279,1.5422817113387444,419.4853209702374,-0.0038972332576857334,0.11720665439647492,0.0030540667085643403,0,0,1.0768253968253968e-06,8.119072214077393e-06
0,4.563,5,0.4756,STEADY FLOW,1.0,0.3,0.3000012378516336,0.30117041265668065,0.0012000049514065342,0.0012046816506267226,47.73423609902001,0.4511286231153095,0.02176568052764044,0.0,1.5548266166822837,1.5422817113258254,419.4853209739765,-0.00389723326950185,0.1172066543976461,0.003054066706094982,0,0,1.0768253968253968e-06,8.119072214077393e-06
0,4.569,5,0.4828000000000001,STEADY FLOW,1.0,0.3,0.30000123785163063,0.3011704126542001,0.0012000049514065225,0.0012046816506168004,47.73423605577662,0.45112862311342494,0.021765680525822822,0.0,1.5548266166822817,1.542281711253936,419.48532095787846,-0.003897233261243047,0.1172066543971565,0.0030540667033338575,0,0,1.0768253968253968e-06,8.119072214077393e-06
0,4.575,5,0.4900000000000002,STEADY FLOW,1.0,0.3,0.3000012378516138,0.3011704126467554,0.0012000049514064553,0.0012046816505870217,47.73423602216579,0.45112862310603763,0.02176568052341307,0.0,1.5548266166822842,1.5422817111489877,419.48532092808784,-0.0038972332364837657,0.11720665439523721,0.0030540667011873524,0,0,1.0768253968253968e-06,8.119072214077393e-06
0,4.581,5,0.4972000000000012,STEADY FLOW,1.0,0.3,0.30000123785158894,0.3011704126369731,0.0012000049514063558,0.0012046816505478924,47.7342360085643,0.4511286230957797,0.021765680521216437,0.0,1.5548266166822813,1.5422817110463087,419.4853208947608,-0.0038972332039592774,0.11720665439257212,0.0030540667003180477,0,0,1.0768253968253968e-06,8.119072214077393e-06
0,4.587,5,0.5044000000000004,STEADY FLOW,1.0,0.3,0.30000123785156496,0.3011704126281152,0.00120000495140626,0.001204681650512461,47.73423601846886,0.45112862308609486,0.021765680519936333,0.0,1.5548266166822855,1.5422817109789404,419.48532086886377,-0.003897233174513487,0.11720665439005593,0.0030540667009490985,0,0,1.0768253968253968e-06,8.119072214077393e-06
0,4.593,5,0.5116000000000005,STEADY FLOW,1.0,0.3,0.30000123785154886,0.30117041262299804,0.0012000049514061955,0.0012046816504919923,47.73423604761343,0.45112862308007645,0.021765680519938945,0.0,1.5548266166822844,1.542281710967009,419.48532085838485,-0.003897233157510183,0.1172066543884923,0.003054066702808722,0,0,1.0768253968253968e-06,8.119072214077393e-06
0,4.599,5,0.5188000000000006,STEADY FLOW,1.0,0.3,0.3000012378515465,0.3011704126231057,0.001200004951406186,0.0012046816504924227,47.734236085722785,0.45112862307951235,0.02176568052117084,0.0,1.5548266166822802,1.5422817110118472,419.4853208660492,-0.00389723315787703,0.11720665438834574,0.003054066705242109,0,0,1.0768253968253968e-06,8.119072214077393e-06
0,4.605,5,0.5260000000000007,STEADY FLOW,1.0,0.3,0.3000012378515569,0.3011704126281606,0.0012000049514062276,0.0012046816505126424,47.734236120069504,0.45112862308432433,0.021765680523173358,0.0,1.5548266166822808,1.5422817110964095,419.4853208884952,-0.0038972331746916712,0.11720665438959593,0.0030540667074354655,0,0,1.0768253968253968e-06,8.119072214077393e-06
0,4.611,5,0.533199999999999,STEADY FLOW,1.0,0.3,0.30000123785157656,0.3011704126363094,0.0012000049514063063,0.0012046816505452377,47.73423613978993,0.45112862309272067,0.021765680525267485,0.0,1.5548266166822806,1.5422817111916034,419.48532091783034,-0.003897233201788591,0.11720665439177738,0.0030540667086953466,0,0,1.0768253968253968e-06,8.119072214077393e-06
0,4.617,5,0.5404,STEADY FLOW,1.0,0.3,0.30000123785159893,0.3011704126447829,0.0012000049514063957,0.0012046816505791316,47.734236139143135,0.4511286231018206,0.02176568052677505,0.0,1.5548266166822793,1.5422817112662421,419.4853209443263,-0.0038972332299586875,0.1172066543941416,0.0030540667086549345,0,0,1.0768253968253968e-06,8.119072214077393e-06
0,4.623,5,0.5476000000000001,STEADY FLOW,1.0,0.3,0.30000123785161653,0.3011704126508278,0.0012000049514064662,0.0012046816506033112,47.73423611928251,0.4511286231086693,0.021765680527237947,0.0,1.5548266166822806,1.5422817112971756,419.48532095941096,-0.0038972332500491194,0.11720665439592094,0.003054066707387948,0,0,1.0768253968253968e-06,8.119072214077393e-06
0,4.6290000000000004,5,0.5548000000000002,STEADY FLOW,1.0,0.3,0.3000012378516238,0.30117041265261213,0.0012000049514064952,0.0012046816506104485,47.73423608748815,0.45112862311115703,0.021765680526550577,0.0,1.5548266166822815,1.5422817112763985,419.48532095898844,-0.003897233255972707,0.1172066543965673,0.003054066705358016,0,0,1.0768253968253968e-06,8.119072214077393e-06
0,4.635,5,0.5619999999999994,STEADY FLOW,1.0,0.3,0.3000012378516189,0.3011704126497481,0.0012000049514064757,0.0012046816505989924,47.734236054549065,0.45112862310867097,0.021765680524989478,0.0,1.5548266166822862,1.5422817112129732,419.4853209436676,-0.0038972332464423595,0.11720665439592137,0.0030540667032552538,0,0,1.0768253968253968e-06,8.119072214077393e-06
0,4.641,5,0.5691999999999995,STEADY FLOW,1.0,0.3,0.30000123785160404,0.3011704126433727,0.0012000049514064163,0.0012046816505734907,47.734236031169274,0.4511286231022433,0.02176568052309638,0.0,1.554826616682283,1.5422817111293128,419.48532091919225,-0.0038972332252407843,0.1172066543942514,0.0030540667017617817,0,0,1.0768253968253968e-06,8.119072214077393e-06
0,4.647,5,0.5764000000000005,STEADY FLOW,1.0,0.3,0.3000012378515845,0.3011704126357003,0.001200004951406338,0.0012046816505428012,47.73423602442393,0.451128623094124,0.021765680521498427,0.0,1.5548266166822802,1.5422817110533016,419.48532089380143,-0.003897233199731623,0.11720665439214198,0.003054066701330127,0,0,1.0768253968253968e-06,8.119072214077393e-06
0,4.6530000000000005,5,0.5836000000000006,STEADY FLOW,1.0,0.3,0.30000123785156674,0.3011704126292681,0.0012000049514062669,0.0012046816505170723,47.73423603576022,0.45112862308701185,0.021765680520698397,0.0,1.5548266166822788,1.5422817110091354,419.4853208758179,-0.0038972331783503787,0.11720665439029417,0.0030540667020531043,0,0,1.0768253968253968e-06,8.119072214077393e-06
0,4.659,5,0.5907999999999998,STEADY FLOW,1.0,0.3,0.3000012378515563,0.30117041262608935,0.0012000049514062252,0.0012046816505043574,47.73423606068185,0.4511286230831594,0.021765680520914415,0.0,1.5548266166822806,1.5422817110096088,419.4853208706059,-0.003897233167789673,0.11720665438929329,0.0030540667036436098,0,0,1.0768253968253968e-06,8.119072214077393e-06
0,4.665,5,0.5979999999999999,STEADY FLOW,1.0,0.3,0.30000123785155625,0.3011704126270493,0.001200004951406225,0.0012046816505081972,47.734236090553495,0.4511286230836559,0.021765680522036816,0.0,1.5548266166822784,1.5422817110525509,419.48532087934774,-0.0038972331709897674,0.11720665438942227,0.0030540667055500847,0,0,1.0768253968253968e-06,8.119072214077393e-06
0,4.671,5,0.6052,STEADY FLOW,1.0,0.3,0.3000012378515664,0.30117041263164546,0.0012000049514062656,0.0012046816505265818,47.73423611548905,0.451128623088149,0.02176568052365723,0.0,1.554826616682282,1.5422817111221563,419.48532089856656,-0.003897233186276159,0.11720665439058962,0.003054066707143255,0,0,1.0768253968253968e-06,8.119072214077393e-06
0,4.6770000000000005,5,0.6124,STEADY FLOW,1.0,0.3,0.3000012378515827,0.3011704126382334,0.0012000049514063308,0.0012046816505529336,47.734236127685826,0.45112862309500257,0.021765680525231274,0.0,1.5548266166822788,1.5422817111947835,419.48532092157427,-0.0038972332081811485,0.11720665439237021,0.0030540667079228534,0,0,1.0768253968253968e-06,8.119072214077393e-06
0,4.683,5,0.6196000000000002,STEADY FLOW,1.0,0.3,0.30000123785160004,0.3011704126445912,0.0012000049514064002,0.0012046816505783648,47.73423612375301,0.4511286231018904,0.021765680526256458,0.0,1.5548266166822817,1.5422817112468408,419.48532094075495,-0.00389723322931593,0.11720665439415973,0.003054066707672609,0,0,1.0768253968253968e-06,8.119072214077393e-06
0,4.689,5,0.6268000000000002,STEADY FLOW,1.0,0.3,0.30000123785161215,0.30117041264868666,0.0012000049514064486,0.0012046816505947467,47.73423610573315,0.45112862310660734,0.021765680526420035,0.0,1.5548266166822844,1.5422817112624727,419.4853209501505,-0.0038972332429269034,0.1172066543953852,0.003054066706522418,0,0,1.0768253968253968e-06,8.119072214077393e-06
0,4.695,5,0.6340000000000003,STEADY FLOW,1.0,0.3,0.30000123785161603,0.3011704126492988,0.0012000049514064642,0.0012046816505971952,47.73423608007698,0.4511286231077356,0.02176568052571515,0.0,1.5548266166822775,1.542281711238302,419.48532094714153,-0.003897233244954111,0.11720665439567836,0.003054066704885061,0,0,1.0768253968253968e-06,8.119072214077393e-06
0,4.7010000000000005,5,0.6412000000000004,STEADY FLOW,1.0,0.3,0.3000012378516102,0.3011704126463848,0.0012000049514064408,0.0012046816505855392,47.73423605538004,0.45112862310504703,0.021765680524404227,0.0,1.5548266166822793,1.542281711183924,419.48532093328123,-0.0038972332352605003,0.11720665439497985,0.00305406670330699,0,0,1.0768253968253968e-06,8.119072214077393e-06
0,4.707,5,0.6483999999999996,STEADY FLOW,1.0,0.3,0.3000012378515973,0.3011704126410485,0.0012000049514063894,0.001204681650564194,47.734236039576174,0.45112862309959934,0.021765680522943007,0.0,1.5548266166822828,1.5422817111182605,419.48532091352155,-0.003897233217515972,0.1172066543935645,0.0030540667022975754,0,0,1.0768253968253968e-06,8.119072214077393e-06
0,4.713,5,0.6556000000000006,STEADY FLOW,1.0,0.3,0.30000123785158167,0.30117041263511873,0.0012000049514063267,0.001204681650540475,47.73423603738718,0.4511286230932721,0.021765680521806215,0.0,1.5548266166822842,1.5422817110629918,419.4853208944586,-0.0038972331978025443,0.11720665439192063,0.0030540667021579093,0,0,1.0768253968253968e-06,8.119072214077393e-06
0,4.719,5,0.6628000000000007,STEADY FLOW,1.0,0.3,0.3000012378515688,0.3011704126305459,0.0012000049514062751,0.0012046816505221836,47.734236048869725,0.4511286230881508,0.021765680521345525,0.0,1.5548266166822804,1.5422817110355116,419.4853208823164,-0.003897233182602933,0.11720665439059008,0.0030540667028902124,0,0,1.0768253968253968e-06,8.119072214077393e-06
0,4.7250000000000005,5,0.6700000000000008,STEADY FLOW,1.0,0.3,0.30000123785156246,0.30117041262872296,0.00120000495140625,0.001204681650514892,47.73423606970404,0.4511286230858191,0.021765680521681055,0.0,1.5548266166822795,1.5422817110433968,419.4853208805805,-0.003897233176547736,0.11720665438998427,0.0030540667042202596,0,0,1.0768253968253968e-06,8.119072214077393e-06
0,4.731,5,0.6772,STEADY FLOW,1.0,0.3,0.3000012378515643,0.3011704126301332,0.0012000049514062571,0.0012046816505205328,47.73423609275711,0.4511286230869221,0.021765680522667863,0.0,1.5548266166822844,1.5422817110825076,419.48532088942994,-0.0038972331812424563,0.11720665439027084,0.0030540667056919713,0,0,1.0768253968253968e-06,8.119072214077393e-06
0,4.737,5,0.6844000000000001,STEADY FLOW,1.0,0.3,0.3000012378515732,0.3011704126341693,0.0012000049514062927,0.0012046816505366772,47.73423611046555,0.45112862309094015,0.02176568052395617,0.0,1.5548266166822855,1.5422817111387914,419.4853209055068,-0.0038972331946665103,0.11720665439131477,0.0030540667068228444,0,0,1.0768253968253968e-06,8.119072214077393e-06
0,4.743,5,0.6916000000000002,STEADY FLOW,1.0,0.3,0.3000012378515865,0.30117041263940714,0.001200004951406346,0.0012046816505576286,47.73423611740398,0.45112862309644697,0.021765680525118597,0.0,1.5548266166822793,1.5422817111933445,419.4853209232699,-0.0038972332120810757,0.11720665439274548,0.0030540667072662675,0,0,1.0768253968253968e-06,8.119072214077393e-06
0,4.7490000000000006,5,0.6988000000000012,STEADY FLOW,1.0,0.3,0.3000012378515994,0.30117041264410027,0.0012000049514063976,0.0012046816505764011,47.734236111771686,0.4511286231015888,0.02176568052578482,0.0,1.5548266166822784,1.5422817112286098,419.4853209369305,-0.0038972332276816977,0.11720665439408136,0.0030540667069074434,0,0,1.0768253968253968e-06,8.119072214077393e-06
0,4.755,5,0.7060000000000004,STEADY FLOW,1.0,0.3,0.30000123785160776,0.30117041264675976,0.001200004951406431,0.001204681650587039,47.73423609598629,0.4511286231047222,0.021765680525772282,0.0,1.5548266166822795,1.5422817112340834,419.4853209421869,-0.0038972332365186315,0.11720665439489547,0.003054066705900027,0,0,1.0768253968253968e-06,8.119072214077393e-06
0,4.761,5,0.7132000000000005,STEADY FLOW,1.0,0.3,0.30000123785160915,0.30117041264662114,0.0012000049514064367,0.0012046816505864846,47.734236075594126,0.4511286231049364,0.021765680525097687,0.0,1.5548266166822842,1.542281711209395,419.48532093787196,-0.003897233236052026,0.11720665439495109,0.0030540667045984016,0,0,1.0768253968253968e-06,8.119072214077393e-06
0,4.767,5,0.7204000000000006,STEADY FLOW,1.0,0.3,0.3000012378516031,0.3011704126438538,0.0012000049514064124,0.0012046816505754151,47.7342360573923,0.45112862310229024,0.021765680524020305,0.0,1.5548266166822833,1.5422817111638345,419.48532092574015,-0.0038972332268476535,0.11720665439426359,0.003054066703435776,0,0,1.0768253968253968e-06,8.119072214077393e-06
0,4.773,5,0.7275999999999989,STEADY FLOW,1.0,0.3,0.3000012378515927,0.30117041263947875,0.001200004951406371,0.001204681650557915,47.73423604712767,0.45112862309778784,0.021765680522908948,0.0,1.5548266166822813,1.5422817111130718,419.48532091002704,-0.0038972332122990416,0.11720665439309384,0.0030540667027800783,0,0,1.0768253968253968e-06,8.119072214077393e-06
0,4.779,5,0.734799999999999,STEADY FLOW,1.0,0.3,0.3000012378515808,0.3011704126349669,0.0012000049514063233,0.0012046816505398676,47.7342360477836,0.45112862309293106,0.021765680522115312,0.0,1.5548266166822815,1.5422817110737106,419.48532089602116,-0.003897233197299553,0.11720665439183202,0.0030540667028213786,0,0,1.0768253968253968e-06,8.119072214077393e-06
0,4.785,5,0.742,STEADY FLOW,1.0,0.3,0.3000012378515714,0.301170412631793,0.0012000049514062855,0.001204681650527172,47.734236058656,0.45112862308932394,0.02176568052189161,0.0,1.5548266166822793,1.5422817110579647,419.48532088810185,-0.003897233186751416,0.11720665439089487,0.003054066703515046,0,0,1.0768253968253968e-06,8.119072214077393e-06
0,4.791,5,0.7492000000000001,STEADY FLOW,1.0,0.3,0.3000012378515678,0.30117041263090866,0.0012000049514062712,0.0012046816505236347,47.7342360757172,0.45112862308807106,0.021765680522275437,0.0,1.5548266166822853,1.5422817110697815,419.48532088859673,-0.0038972331838156007,0.11720665439056936,0.0030540667046043968,0,0,1.0768253968253968e-06,8.119072214077393e-06
0,4.797,5,0.7563999999999993,STEADY FLOW,1.0,0.3,0.30000123785157046,0.301170412632506,0.0012000049514062818,0.001204681650530024,47.734236093255774,0.4511286230894777,0.02176568052311685,0.0,1.5548266166822837,1.5422817111041498,419.48532089699023,-0.003897233189130996,0.11720665439093479,0.0030540667057239457,0,0,1.0768253968253968e-06,8.119072214077393e-06
0,4.803,5,0.7635999999999994,STEADY FLOW,1.0,0.3,0.30000123785157834,0.30117041263594696,0.0012000049514063133,0.0012046816505437879,47.73423610553274,0.45112862309294993,0.02176568052412249,0.0,1.55482661668228,1.5422817111489044,419.48532091015016,-0.003897233200574433,0.11720665439183693,0.0030540667065082072,0,0,1.0768253968253968e-06,8.119072214077393e-06
0,4.809,5,0.7707999999999995,STEADY FLOW,1.0,0.3,0.3000012378515891,0.3011704126400486,0.0012000049514063564,0.0012046816505601945,47.73423610886247,0.45112862309729157,0.021765680524971458,0.0,1.5548266166822824,1.5422817111892204,419.4853209236331,-0.0038972332142107363,0.11720665439296492,0.003054066706721592,0,0,1.0768253968253968e-06,8.119072214077393e-06
0,4.815,5,0.7780000000000005,STEADY FLOW,1.0,0.3,0.30000123785159843,0.3011704126434458,0.0012000049514063937,0.0012046816505737832,47.73423610254668,0.4511286231010456,0.021765680525380398,0.0,1.5548266166822793,1.5422817112122094,419.48532093310877,-0.0038972332255033135,0.11720665439394023,0.003054066706318359,0,0,1.0768253968253968e-06,8.119072214077393e-06
0,4.821,5,0.7851999999999997,STEADY FLOW,1.0,0.3,0.300001237851604,0.30117041264509115,0.001200004951406416,0.0012046816505803645,47.73423608910268,0.4511286231030487,0.021765680525243893,0.0,1.554826616682283,1.5422817112112603,419.48532093567377,-0.003897233230969217,0.11720665439446064,0.0030540667054606008,0,0,1.0768253968253968e-06,8.119072214077393e-06
0,4.827,5,0.7923999999999998,STEADY FLOW,1.0,0.3,0.3000012378516038,0.3011704126445161,0.0012000049514064152,0.0012046816505780645,47.73423607315523,0.4511286231027178,0.02176568052463599,0.0,1.5548266166822833,1.5422817111877984,419.48532093081826,-0.003897233229052982,0.11720665439437468,0.0030540667044425263,0,0,1.0768253968253968e-06,8.119072214077393e-06
0,4.833,5,0.7995999999999999,STEADY FLOW,1.0,0.3,0.30000123785159805,0.3011704126420188,0.0012000049514063922,0.0012046816505680753,47.73423605998827,0.4511286231002735,0.02176568052376492,0.0,1.5548266166822853,1.542281711150402,419.4853209204257,-0.003897233220748031,0.11720665439373963,0.0030540667036011993,0,0,1.0768253968253968e-06,8.119072214077393e-06
0,4.839,5,0.8068,STEADY FLOW,1.0,0.3,0.3000012378515894,0.3011704126384915,0.0012000049514063575,0.001204681650553966,47.734236053701466,0.45112862309659957,0.021765680522928064,0.0,1.5548266166822788,1.5422817111117348,419.48532090814126,-0.003897233209019203,0.11720665439278512,0.0030540667031999646,0,0,1.0768253968253968e-06,8.119072214077393e-06
0,4.845,5,0.8139999999999992,STEADY FLOW,1.0,0.3,0.3000012378515803,0.30117041263511574,0.001200004951406321,0.001204681650540463,47.734236056013124,0.4511286230929345,0.02176568052238903,0.0,1.5548266166822813,1.5422817110843587,419.4853208980337,-0.0038972331977973817,0.1172066543918329,0.003054066703346958,0,0,1.0768253968253968e-06,8.119072214077393e-06
0,4.851,5,0.8212000000000002,STEADY FLOW,1.0,0.3,0.30000123785157407,0.30117041263297084,0.0012000049514062964,0.0012046816505318833,47.734236065803096,0.45112862309045176,0.02176568052231318,0.0,1.5548266166822793,1.5422817110766356,419.4853208931207,-0.003897233190668528,0.11720665439118788,0.0030540667039713476,0,0,1.0768253968253968e-06,8.119072214077393e-06
0,4.857,5,0.8284000000000002,STEADY FLOW,1.0,0.3,0.3000012378515722,0.3011704126327017,0.0012000049514062888,0.001204681650530807,47.7342360795593,0.4511286230899184,0.021765680522697176,0.0,1.5548266166822833,1.5422817110900624,419.48532089493386,-0.003897233189777713,0.11720665439104931,0.003054066704849534,0,0,1.0768253968253968e-06,8.119072214077393e-06
0,4.863,5,0.8356000000000003,STEADY FLOW,1.0,0.3,0.3000012378515751,0.30117041263431554,0.0012000049514063005,0.0012046816505372623,47.734236092682096,0.4511286230914197,0.021765680523404395,0.0,1.5548266166822837,1.5422817111194267,419.485320902503,-0.0038972331951472833,0.11720665439143936,0.0030540667056877524,0,0,1.0768253968253968e-06,8.119072214077393e-06
0,4.869,5,0.8427999999999995,STEADY FLOW,1.0,0.3,0.3000012378515821,0.30117041263718336,0.0012000049514063285,0.0012046816505487336,47.73423610094883,0.4511286230943514,0.021765680524179716,0.0,1.55482661668228,1.542281711154533,419.4853209130941,-0.0038972332046832286,0.11720665439220104,0.0030540667062157745,0,0,1.0768253968253968e-06,8.119072214077393e-06
0,4.875,5,0.8499999999999996,STEADY FLOW,1.0,0.3,0.30000123785159055,0.30117041264034494,0.0012000049514063623,0.0012046816505613797,47.73423610192547,0.4511286230977226,0.02176568052478182,0.0,1.55482661668228,1.5422817111837517,419.48532092321597,-0.0038972332151934828,0.1172066543930769,0.003054066706278391,0,0,1.0768253968253968e-06,8.119072214077393e-06
0,4.881,5,0.8572000000000006,STEADY FLOW,1.0,0.3,0.3000012378515975,0.30117041264276223,0.00120000495140639,0.001204681650571049,47.73423609557432,0.4511286231004342,0.02176568052501463,0.0,1.55482661668228,1.5422817111979037,419.48532092964075,-0.0038972332232278216,0.1172066543937814,0.0030540667058736037,0,0,1.0768253968253968e-06,8.119072214077393e-06
0,4.8870000000000005,5,0.8644000000000007,STEADY FLOW,1.0,0.3,0.30000123785160054,0.30117041264368266,0.0012000049514064022,0.0012046816505747306,47.734236084383696,0.45112862310162793,0.021765680524823045,0.0,1.5548266166822844,1.5422817111932026,419.4853209303421,-0.0038972332262857674,0.11720665439409153,0.00305406670515862,0,0,1.0768253968253968e-06,8.119072214077393e-06
0,4.893,5,0.8715999999999999,STEADY FLOW,1.0,0.3,0.3000012378515996,0.3011704126428803,0.0012000049514063985,0.0012046816505715213,47.734236072078346,0.45112862310098517,0.02176568052428716,0.0,1.5548266166822824,1.5422817111719487,419.48532092544576,-0.003897233223614298,0.11720665439392454,0.0030540667043734704,0,0,1.0768253968253968e-06,8.119072214077393e-06
0,4.899,5,0.8788,STEADY FLOW,1.0,0.3,0.30000123785159444,0.3011704126407025,0.0012000049514063777,0.00120468165056281,47.73423606273321,0.4511286230988091,0.021765680523600346,0.0,1.5548266166822864,1.5422817111417357,419.48532091683006,-0.0038972332163723367,0.11720665439335917,0.0030540667037766145,0,0,1.0768253968253968e-06,8.119072214077393e-06
0,4.905,5,0.8860000000000001,STEADY FLOW,1.0,0.3,0.3000012378515874,0.30117041263790256,0.0012000049514063495,0.0012046816505516102,47.73423605922655,0.45112862309585927,0.02176568052298513,0.0,1.5548266166822833,1.5422817111127753,419.48532090735904,-0.0038972332070628768,0.1172066543925928,0.0030540667035521274,0,0,1.0768253968253968e-06,8.119072214077393e-06
0,4.9110000000000005,5,0.8932000000000011,STEADY FLOW,1.0,0.3,0.30000123785158045,0.30117041263540895,0.0012000049514063217,0.0012046816505416357,47.73423606243015,0.4511286230931295,0.021765680522632634,0.0,1.5548266166822853,1.5422817110943081,419.4853209001483,-0.0038972331987740757,0.1172066543918836,0.0030540667037564084,0,0,1.0768253968253968e-06,8.119072214077393e-06
0,4.917,5,0.9004000000000003,STEADY FLOW,1.0,0.3,0.3000012378515762,0.30117041263402766,0.0012000049514063048,0.0012046816505361106,47.73423607095468,0.4511286230914965,0.02176568052265743,0.0,1.554826616682284,1.5422817110918652,419.48532089745277,-0.003897233194184192,0.1172066543914593,0.003054066704300862,0,0,1.0768253968253968e-06,8.119072214077393e-06
0,4.923,5,0.9076000000000004,STEADY FLOW,1.0,0.3,0.30000123785157573,0.301170412634136,0.0012000049514063029,0.001204681650536544,47.734236081865696,0.45112862309141616,0.02176568052302676,0.0,1.554826616682279,1.5422817111054334,419.4853208998727,-0.003897233194546869,0.11720665439143844,0.0030540667049971937,0,0,1.0768253968253968e-06,8.119072214077393e-06
0,4.929,5,0.9148000000000005,STEADY FLOW,1.0,0.3,0.3000012378515785,0.30117041263564676,0.0012000049514063141,0.001204681650542587,47.73423609151463,0.45112862309286467,0.02176568052360581,0.0,1.5548266166822828,1.5422817111299774,419.48532090649144,-0.0038972331995733105,0.11720665439181477,0.0030540667056129234,0,0,1.0768253968253968e-06,8.119072214077393e-06
0,4.9350000000000005,5,0.9220000000000006,STEADY FLOW,1.0,0.3,0.3000012378515848,0.3011704126379953,0.001200004951406339,0.0012046816505519814,47.734236096841414,0.4511286230952899,0.021765680524198926,0.0,1.55482661668228,1.542281711157053,419.485320914844,-0.0038972332073807284,0.11720665439244485,0.003054066705953762,0,0,1.0768253968253968e-06,8.119072214077393e-06
0,4.941,5,0.9291999999999998,STEADY FLOW,1.0,0.3,0.300001237851591,0.30117041264039635,0.001200004951406364,0.0012046816505615855,47.73423609634493,0.4511286230978799,0.02176568052462179,0.0,1.554826616682282,1.5422817111778266,419.48532092228385,-0.0038972332153634145,0.11720665439311777,0.0030540667059220095,0,0,1.0768253968253968e-06,8.119072214077393e-06
0,4.947,5,0.9364000000000008,STEADY FLOW,1.0,0.3,0.3000012378515959,0.3011704126420737,0.0012000049514063835,0.001204681650568295,47.73423609040683,0.4511286230997911,0.02176568052473244,0.0,1.5548266166822793,1.5422817111858174,419.48532092647275,-0.003897233220938276,0.11720665439361433,0.0030540667055432014,0,0,1.0768253968253968e-06,8.119072214077393e-06
0,4.953,5,0.9436000000000009,STEADY FLOW,1.0,0.3,0.30000123785159766,0.3011704126425103,0.0012000049514063907,0.0012046816505700414,47.734236081244426,0.4511286231004196,0.021765680524522647,0.0,1.5548266166822855,1.5422817111791443,419.4853209260171,-0.003897233222387606,0.1172066543937776,0.003054066704958558,0,0,1.0768253968253968e-06,8.119072214077393e-06
0,4.9590000000000005,5,0.950800000000001,STEADY FLOW,1.0,0.3,0.3000012378515962,0.30117041264162137,0.0012000049514063848,0.0012046816505664854,47.73423607191489,0.4511286230996307,0.021765680524066057,0.0,1.5548266166822777,1.5422817111605458,419.48532092148093,-0.003897233219429263,0.11720665439357264,0.00305406670436259,0,0,1.0768253968253968e-06,8.119072214077393e-06
0,4.965,5,0.9580000000000002,STEADY FLOW,1.0,0.3,0.3000012378515919,0.30117041263976385,0.0012000049514063675,0.0012046816505590554,47.734236065433876,0.45112862309775215,0.02176568052352788,0.0,1.5548266166822793,1.5422817111365494,419.4853209143977,-0.0038972332132520635,0.11720665439308457,0.003054066703948699,0,0,1.0768253968253968e-06,8.119072214077393e-06
0,4.971,5,0.9652000000000003,STEADY FLOW,1.0,0.3,0.3000012378515862,0.3011704126375724,0.001200004951406345,0.0012046816505502896,47.73423606380736,0.4511286230954224,0.02176568052308284,0.0,1.5548266166822853,1.542281711115169,419.4853209072297,-0.0038972332059662917,0.11720665439247929,0.0030540667038450042,0,0,1.0768253968253968e-06,8.119072214077393e-06
0,4.977,5,0.9724000000000013,STEADY FLOW,1.0,0.3,0.30000123785158117,0.3011704126357659,0.0012000049514063248,0.0012046816505430636,47.73423606731768,0.4511286230934309,0.021765680522868616,0.0,1.5548266166822862,1.542281711103224,419.48532090221926,-0.003897233199961556,0.11720665439196187,0.003054066704068603,0,0,1.0768253968253968e-06,8.119072214077393e-06
0,4.9830000000000005,5,0.9796000000000014,STEADY FLOW,1.0,0.3,0.3000012378515783,0.30117041263492456,0.001200004951406313,0.0012046816505396983,47.73423607455693,0.4511286230923929,0.02176568052294749,0.0,1.5548266166822857,1.5422817111040492,419.4853209009346,-0.0038972331971666553,0.11720665439169217,0.003054066704530678,0,0,1.0768253968253968e-06,8.119072214077393e-06
0,4.989,5,0.9867999999999997,STEADY FLOW,1.0,0.3,0.30000123785157856,0.301170412635265,0.0012000049514063144,0.00120468165054106,47.7342360830693,0.45112862309260393,0.0217656805232814,0.0,1.5548266166822857,1.5422817111168305,419.48532090365603,-0.0038972331983005547,0.11720665439174703,0.003054066705074021,0,0,1.0768253968253968e-06,8.119072214077393e-06
0,4.995,5,0.9939999999999998,STEADY FLOW,1.0,0.3,0.30000123785158145,0.30117041263661287,0.0012000049514063259,0.0012046816505464515,47.73423609008712,0.4511286230939213,0.021765680523743957,0.0,1.5548266166822793,1.5422817111369422,419.4853209092688,-0.0038972332027837273,0.1172066543920893,0.003054066705521885,0,0,1.0768253968253968e-06,8.119072214077393e-06
0,5.0000100000000005,6,1.2000000000789157e-05,STEADY FLOW,1.0,0.3,0.30000123785158567,0.3011704126381782,0.0012000049514063428,0.0012046816505527128,47.734236093100726,0.4511286230955531,0.021765680524124822,0.0,1.5548266166822813,1.54228171115444,419.4853209147507,-0.0038972332079873404,0.11720665439251325,0.0030540667057143978,0,0,1.0768253968253968e-06,8.119072214077393e-06
