epoch,time_s,cycle_index,phase_fraction,phase,pulse_factor,inlet_speed_m_s,mean_inlet_velocity_m_s,mean_outlet_velocity_m_s,inlet_flow_per_depth_m2_s,outlet_flow_per_depth_m2_s,delta_p_pa,max_velocity_m_s,min_axial_velocity_m_s,backflow_percent,max_wss_pa,mean_abs_wss_pa,max_vorticity_s_1,flux_error,mach,density_variation,particle_count,particles_recycled,particle_relaxation_time_s,particle_stokes_number
0,0.0015,0,0.0018,STEADY FLOW,1.0,0.3,0.29999988464027894,0.30006204130057984,0.0011999995385611158,0.0012002481652023194,47.641258025961676,0.45000298720302645,0.011117721404167748,0.0,1.5650339817201735,1.5568370692287878,433.6447124418045,-0.00020718894734058407,0.11691420560901136,0.003041501898509491,0,0,1.0768253968253968e-06,8.119072214077393e-06
0,0.007500000000000001,0,0.009000000000000001,STEADY FLOW,1.0,0.3,0.29999985515634675,0.3003949469824203,0.001199999420625387,0.0012015797879296813,49.08238092987502,0.4503743859769724,0.011116735283745406,0.0,1.566224092244224,1.5593839595347692,435.2533133135817,-0.0013169733894293132,0.11701069784096284,0.003130988543280422,0,0,1.0768253968253968e-06,8.119072214077393e-06
0,0.0135,0,0.0162,STEADY FLOW,1.0,0.3,0.29999987192561767,0.30071735735061195,0.0011999994877024706,0.001202869429402448,50.50562293136046,0.450721981885548,0.011117954473026765,0.0,1.5708992745662185,1.5637819574713894,436.38581794888,-0.0023916191043313975,0.11710100590708623,0.003221402877341628,0,0,1.0768253968253968e-06,8.119072214077393e-06
0,0.0195,0,0.023399999999999997,STEADY FLOW,1.0,0.3,0.3000012052550429,0.3010885707004686,0.0012000048210201717,0.0012043542828018745,50.92690703274693,0.4511307998893689,0.011128900026938046,0.0,1.5748867713661687,1.5685489964226647,437.5655649667427,-0.0036245369231143647,0.11720721994013623,0.0032491244276835474,0,0,1.0768253968253968e-06,8.119072214077393e-06
0,0.025500000000000002,0,0.030600000000000002,STEADY FLOW,1.0,0.3,0.30000127269646243,0.30140945534961744,0.0012000050907858498,0.0012056378213984697,49.75094961578847,0.45149737516740973,0.011129057202762525,0.0,1.5776706872589643,1.569748298521928,438.3571567665323,-0.004693922264055759,0.11730245899109104,0.0031743138696354034,0,0,1.0768253968253968e-06,8.119072214077393e-06
0,0.0315,0,0.03779999999999999,STEADY FLOW,1.0,0.3,0.30000174614178327,0.3017098353143363,0.001200006984567133,0.0012068393412573452,48.4577868166824,0.45184993234998244,0.011131537857730911,0.0,1.5792455616306815,1.5686670212308196,438.9742577075179,-0.005693597435748979,0.11739405603400943,0.0030916233550073446,0,0,1.0768253968253968e-06,8.119072214077393e-06
0,0.0375,0,0.045,STEADY FLOW,1.0,0.3,0.3000013235508984,0.3014832560383436,0.0012000052942035936,0.0012059330241533744,47.051090619663746,0.45165456731551257,0.011129194484785066,0.0,1.5695134551624528,1.5656472610487213,436.8906519747307,-0.004939753164768028,0.1173432987091508,0.0030017964631507965,0,0,1.0768253968253968e-06,8.119072214077393e-06
0,0.043500000000000004,0,0.0522,STEADY FLOW,1.0,0.3,0.30000131960629095,0.30120498806867124,0.0012000052784251639,0.001204819952274685,45.74262881598792,0.45138294857269873,0.011127435721149602,0.0,1.5650339817201746,1.5615583839259914,435.38798002364774,-0.0040122105594732485,0.11727273008972457,0.00291854560595195,0,0,1.0768253968253968e-06,8.119072214077393e-06
0,0.0495,0,0.0594,STEADY FLOW,1.0,0.3,0.3000004124309404,0.3008912557185698,0.0012000016497237616,0.001203565022874279,44.7125067617372,0.45108100080476765,0.011090013744415447,0.0,1.565033981720184,1.5566591271736547,434.0245271948467,-0.0029694735430888745,0.11719428175843127,0.0028528087979324823,0,0,1.0768253968253968e-06,8.119072214077393e-06
0,0.0555,0,0.0666,STEADY FLOW,1.0,0.3,0.3000000937209516,0.30060231031768325,0.0012000003748838064,0.001202409241270733,45.53656943116459,0.4507690911614055,0.011066307945799197,0.0,1.5650339817201757,1.5542526223165232,433.6428169233462,-0.00200738802865764,0.11711324525598019,0.002905185239696184,0,0,1.0768253968253968e-06,8.119072214077393e-06
0,0.0615,0,0.0738,STEADY FLOW,1.0,0.3,0.30000004249124484,0.3003154526274853,0.0012000001699649795,0.0012012618105099414,46.58384848866523,0.45044904520082124,0.01104526711196721,0.0,1.565033981720179,1.5543078675139128,433.6421224538432,-0.0010513669718887004,0.1170300948763068,0.0029718649568577504,0,0,1.0768253968253968e-06,8.119072214077393e-06
0,0.0675,0,0.081,STEADY FLOW,1.0,0.3,0.29999998631736285,0.30035056532844523,0.0011999999452694515,0.001201402261313781,47.86180340551545,0.45045817182928627,0.011094820538960512,0.0,1.5650339817201744,1.5562771975160146,433.6413456714445,-0.0011685967569062747,0.11703246604393729,0.0030535387073771236,0,0,1.0768253968253968e-06,8.119072214077393e-06
0,0.0735,0,0.0882,STEADY FLOW,1.0,0.3,0.29999998723371396,0.3005805804802237,0.0011999999489348558,0.0012023223219208947,49.05510750374521,0.45068455778988914,0.01111969561592122,0.0,1.5650339817201744,1.559485902109045,434.72463150257295,-0.0019353109040548407,0.11709128284181995,0.0031295557091222115,0,0,1.0768253968253968e-06,8.119072214077393e-06
0,0.0795,0,0.0954,STEADY FLOW,1.0,0.3,0.3000001046278973,0.3008594910370064,0.0012000004185115892,0.0012034379641480254,50.23833493080793,0.45097484366598967,0.01112238992349881,0.0,1.5686829924081842,1.563665544976092,435.9681923392494,-0.002864620364632974,0.11716670132473883,0.0032049465878274397,0,0,1.0768253968253968e-06,8.119072214077393e-06
0,0.0855,0,0.10260000000000001,STEADY FLOW,1.0,0.3,0.3000010125906606,0.30113120922139575,0.0012000040503626424,0.001204524836885583,49.98244328713536,0.45126945315135586,0.011127848295859832,0.0,1.5718866227833235,1.5668297006037895,436.8742636194641,-0.0037673093866429715,0.11724324311429572,0.00318878838906711,0,0,1.0768253968253968e-06,8.119072214077393e-06
0,0.0915,0,0.1098,STEADY FLOW,1.0,0.3,0.30000111188335554,0.30139839339735036,0.0012000044475334222,0.0012055935735894015,49.14103944087466,0.4515675446166349,0.011128235067014864,0.0,1.5747037497525482,1.5675317867974408,437.64619981666937,-0.004657587784334986,0.11732068954877062,0.0031352323010496175,0,0,1.0768253968253968e-06,8.119072214077393e-06
0,0.0975,0,0.117,STEADY FLOW,1.0,0.3,0.30000120353577714,0.30151046839313256,0.0012000048141431086,0.0012060418735725302,48.06098367256049,0.4517117181771717,0.011128645238207807,0.0,1.571996560984174,1.5664288277237783,437.4478413289385,-0.005030862675107444,0.1173581469385643,0.003066249248739883,0,0,1.0768253968253968e-06,8.119072214077393e-06
0,0.10350000000000001,0,0.12420000000000002,STEADY FLOW,1.0,0.3,0.30000120099728045,0.30134243727658305,0.0012000048039891218,0.0012053697491063323,46.98280488843764,0.45155687902424396,0.01112864684643065,0.0,1.566091832776779,1.5639668601507226,436.13282933255454,-0.004470769699734364,0.11731791854658352,0.0029975345303359102,0,0,1.0768253968253968e-06,8.119072214077393e-06
0,0.1095,0,0.13140000000000002,STEADY FLOW,1.0,0.3,0.3000012075292019,0.30111971634237933,0.0012000048301168077,0.0012044788653695173,45.893275629278165,0.4513322792004504,0.011112073566305638,0.0,1.5650339817201773,1.5605266472428863,435.0203459242225,-0.0037283477036290924,0.1172595658006563,0.002928101422019491,0,0,1.0768253968253968e-06,8.119072214077393e-06
0,0.1155,0,0.1386,STEADY FLOW,1.0,0.3,0.3000004046622342,0.30086905045349527,0.0012000016186489368,0.001203476201813981,45.57096994260734,0.4510671186219725,0.01108664581012613,0.0,1.5650339817201746,1.557050781686716,434.05127336438443,-0.0028954820652293506,0.11719067506154308,0.002907473790160875,0,0,1.0768253968253968e-06,8.119072214077393e-06
0,0.1215,0,0.14579999999999999,STEADY FLOW,1.0,0.3,0.3000002300533579,0.30062609126450784,0.0012000009202134316,0.0012025043650580314,46.18187034412815,0.4508009048081009,0.011066158684254165,0.0,1.565033981720172,1.5556797084680178,433.6446938368483,-0.00208620243737346,0.11712151068384774,0.002946339877629933,0,0,1.0768253968253968e-06,8.119072214077393e-06
0,0.1275,0,0.153,STEADY FLOW,1.0,0.3,0.3000000855853947,0.30043119830953435,0.0012000003423415788,0.0012017247932381374,47.054889885850045,0.4505768514598233,0.011062961687845454,0.0,1.565033981720166,1.5560139378509548,433.6426354988885,-0.0014370420038328044,0.11706329991642435,0.003002040401467676,0,0,1.0768253968253968e-06,8.119072214077393e-06
0,0.1335,0,0.1602,STEADY FLOW,1.0,0.3,0.3000001054036686,0.3005250479459458,0.0012000004216146745,0.0012021001917837833,48.02525924173035,0.4506532439026721,0.011101751308872263,0.0,1.5650339817201844,1.5577795425613605,433.9642495156013,-0.0017498078594700194,0.1170831472552736,0.0030639355223351927,0,0,1.0768253968253968e-06,8.119072214077393e-06
0,0.1395,0,0.16740000000000002,STEADY FLOW,1.0,0.3,0.3000000921147861,0.3006973107553742,0.0012000003684591446,0.001202789243021497,49.01046555995035,0.45082217256334794,0.011120988434229867,0.0,1.5650339817201742,1.5605321933156018,434.9534892821305,-0.0023240614216923153,0.11712703620874537,0.0031267044472504946,0,0,1.0768253968253968e-06,8.119072214077393e-06
0,0.1455,0,0.17459999999999998,STEADY FLOW,1.0,0.3,0.3000006320509905,0.3009206313204398,0.0012000025282039618,0.0012036825252817593,49.69704694074087,0.4510540656050129,0.011125880416838325,0.0,1.5680018644139513,1.563870384332755,435.91554592698213,-0.0030666577705507317,0.11718728378825816,0.003170520395487264,0,0,1.0768253968253968e-06,8.119072214077393e-06
0,0.1515,0,0.1818,STEADY FLOW,1.0,0.3,0.3000009159660609,0.30114036921103887,0.0012000036638642436,0.0012045614768441556,49.350711500597164,0.45129109656562044,0.011127264516354119,0.0,1.5707576830604715,1.5657779318559244,436.6571614955771,-0.003798165886623164,0.11724886623826904,0.003148520420225953,0,0,1.0768253968253968e-06,8.119072214077393e-06
0,0.1575,0,0.189,STEADY FLOW,1.0,0.3,0.3000010725111789,0.30135660587809665,0.0012000042900447156,0.0012054264235123867,48.68990175978439,0.4515315857974184,0.011128115499483695,0.0,1.572826444312429,1.5660803152365175,437.26879367596024,-0.004518428402842699,0.11731134717349113,0.003106434109362066,0,0,1.0768253968253968e-06,8.119072214077393e-06
0,0.1635,0,0.1962,STEADY FLOW,1.0,0.3,0.3000010843260296,0.3013544922763323,0.0012000043373041184,0.0012054179691053293,47.82854947695106,0.4515490602881566,0.011128069776899976,0.0,1.5688968095090516,1.5649713039569606,436.66194022532017,-0.004511343528451533,0.11731588717936041,0.0030514358579913914,0,0,1.0768253968253968e-06,8.119072214077393e-06
0,0.1695,0,0.2034,STEADY FLOW,1.0,0.3,0.30000110294849847,0.30122622821944095,0.0012000044117939938,0.0012049049128777637,46.94760062882631,0.45142727991545906,0.011128165480870584,0.0,1.5650339817201684,1.562849387848608,435.77205955206637,-0.004083735889306946,0.11728424771042886,0.002995302712323955,0,0,1.0768253968253968e-06,8.119072214077393e-06
0,0.17550000000000002,0,0.2106,STEADY FLOW,1.0,0.3,0.3000008667806421,0.30104180875500164,0.0012000034671225683,0.0012041672350200066,46.11395006712737,0.4512382242358196,0.011106726513594947,0.0,1.5650339817201708,1.5599390326085123,434.887213698195,-0.0034697965560235603,0.1172351296040396,0.0029421542968250947,0,0,1.0768253968253968e-06,8.119072214077393e-06
0,0.1815,0,0.2178,STEADY FLOW,1.0,0.3,0.3000004414445117,0.3008456845464969,0.001200001765778047,0.0012033827381859876,46.15733419790764,0.4510284302502808,0.011087306167844818,0.0,1.5650339817201693,1.5576703440500066,434.16464121755064,-0.0028174728607575413,0.11718062352772826,0.002944842396524372,0,0,1.0768253968253968e-06,8.119072214077393e-06
0,0.1875,0,0.225,STEADY FLOW,1.0,0.3,0.3000003094135038,0.30064439529936343,0.0012000012376540152,0.0012025775811974537,46.634421824977906,0.4508064169708845,0.011070453301112546,0.0,1.5650339817201786,1.5568663985124986,433.64579935546567,-0.0021469507385469128,0.11712294278574789,0.0029751967838129723,0,0,1.0768253968253968e-06,8.119072214077393e-06
0,0.1935,0,0.23220000000000002,STEADY FLOW,1.0,0.3,0.3000002205022713,0.30056143808383184,0.0012000008820090852,0.0012022457523353275,47.35167135196946,0.4507018164046061,0.011083217374469196,0.0,1.5650339817201806,1.5573712717431498,433.64563766369514,-0.001870723896872225,0.11709576676145367,0.003020991259594208,0,0,1.0768253968253968e-06,8.119072214077393e-06
0,0.1995,0,0.2394,STEADY FLOW,1.0,0.3,0.30000019699493785,0.30064329092624476,0.0012000007879797514,0.001202573163704979,48.12953624808309,0.4507726758670715,0.011108493859143342,0.0,1.565033981720178,1.5589220511757267,434.4008157912732,-0.002143645030065615,0.11711417658983171,0.0030705730007691834,0,0,1.0768253968253968e-06,8.119072214077393e-06
0,0.20550000000000002,0,0.2466,STEADY FLOW,1.0,0.3,0.3000002227535629,0.30078755921978995,0.0012000008910142516,0.0012031502368791598,48.94134089294608,0.4509162713133262,0.011122612961923588,0.0,1.5650339817201828,1.5612949727864032,435.1823941760995,-0.002624452938735916,0.117151483781129,0.003122307552140713,0,0,1.0768253968253968e-06,8.119072214077393e-06
0,0.2115,0,0.25379999999999997,STEADY FLOW,1.0,0.3,0.3000006888791296,0.30096040587216266,0.0012000027555165184,0.0012038416234886507,49.2049892327381,0.4510976095704103,0.011126028450030618,0.0,1.567597660203021,1.563692012751896,435.8881187733672,-0.0031990492975825313,0.11719859684232285,0.0031391742107020892,0,0,1.0768253968253968e-06,8.119072214077393e-06
0,0.2175,0,0.261,STEADY FLOW,1.0,0.3,0.3000008541887465,0.3011409662297348,0.001200003416754986,0.0012045638649189393,48.90407403160923,0.4512937765818515,0.011126889126718258,0.0,1.569894006093399,1.5648889306738742,436.4956116110864,-0.003800362649204365,0.11724956252691066,0.003120047452364716,0,0,1.0768253968253968e-06,8.119072214077393e-06
0,0.2235,0,0.2682,STEADY FLOW,1.0,0.3,0.30000097044577984,0.3012759019031277,0.0012000038817831194,0.0012051036076125108,48.344419040178565,0.45144854692298453,0.011127489897615271,0.0,1.5701066515465583,1.5649018530531873,436.74542544845696,-0.004249757777294572,0.11728977304106272,0.0030843426123778883,0,0,1.0768253968253968e-06,8.119072214077393e-06
0,0.2295,0,0.27540000000000003,STEADY FLOW,1.0,0.3,0.3000009994142718,0.3012437769527957,0.0012000039976570872,0.0012049751078111828,47.66837032103023,0.4514295505480452,0.011127633659924955,0.0,1.5671211444087172,1.563866616400001,436.18420031850707,-0.004142577994574539,0.11728483763807955,0.0030412296349833223,0,0,1.0768253968253968e-06,8.119072214077393e-06
0,0.23550000000000001,0,0.2826,STEADY FLOW,1.0,0.3,0.30000102177295707,0.3011388330391585,0.0012000040870918283,0.001204555332156634,46.94013355440022,0.4513285498635741,0.011125574666985018,0.0,1.5650339817201668,1.5620165221226545,435.5185409416896,-0.0037926913031066565,0.11725859689051404,0.0029948217594077953,0,0,1.0768253968253968e-06,8.119072214077393e-06
0,0.2415,0,0.28979999999999995,STEADY FLOW,1.0,0.3,0.30000068159262,0.3009905538806904,0.00120000272637048,0.0012039622155227616,46.45595543538183,0.45117554103461527,0.011106253787132711,0.0,1.5650339817201842,1.5597382214910251,434.8423109367428,-0.0032995667970333814,0.11721884403064955,0.002963925899747588,0,0,1.0768253968253968e-06,8.119072214077393e-06
0,0.2475,0,0.297,STEADY FLOW,1.0,0.3,0.30000047163301524,0.3008308795325431,0.0012000018865320609,0.0012033235181301725,46.57564620444552,0.4510041411433351,0.011090463785015223,0.0,1.5650339817201664,1.5582597637369218,434.2629072290406,-0.0027680219801245157,0.11717431303263322,0.0029715042352198573,0,0,1.0768253968253968e-06,8.119072214077393e-06
0,0.2535,0,0.30419999999999997,STEADY FLOW,1.0,0.3,0.30000034065189707,0.3006776116994241,0.0012000013626075883,0.0012027104467976963,46.98075126802106,0.4508336645068145,0.01108082636877946,0.0,1.5650339817201706,1.557827704930762,433.8269715625296,-0.0022575675949410364,0.11713002190323962,0.0029973156715423777,0,0,1.0768253968253968e-06,8.119072214077393e-06
0,0.2595,0,0.3114,STEADY FLOW,1.0,0.3,0.30000029888589586,0.30065854586000185,0.0012000011955435835,0.0012026341834400075,47.55437781145116,0.4507999402531035,0.011096239647079599,0.0,1.5650339817201697,1.55840094617993,434.1338570287986,-0.002194154394347373,0.1171212600851084,0.003033917349178905,0,0,1.0768253968253968e-06,8.119072214077393e-06
0,0.2655,0,0.3186,STEADY FLOW,1.0,0.3,0.30000026891308945,0.30072771642192864,0.0012000010756523579,0.0012029108656877146,48.19316046484242,0.4508622801523407,0.011114283484786753,0.0,1.5650339817201817,1.5597775709004393,434.68756753677013,-0.0024248228559086357,0.11713745646603106,0.0030746262656229373,0,0,1.0768253968253968e-06,8.119072214077393e-06
0,0.2715,0,0.32580000000000003,STEADY FLOW,1.0,0.3,0.30000044837429585,0.30084776333548097,0.0012000017934971833,0.0012033910533419238,48.77607346646685,0.4509833952648242,0.011124462853518757,0.0,1.5651013278269734,1.5617611444187003,435.3024862403492,-0.0028243789826873098,0.11716892309528894,0.0031117953098735995,0,0,1.0768253968253968e-06,8.119072214077393e-06
0,0.2775,0,0.333,STEADY FLOW,1.0,0.3,0.3000006977255957,0.30098671951306405,0.0012000027909023828,0.0012039468780522561,48.83754533860958,0.4511302983795898,0.011126005878383234,0.0,1.5672381425956796,1.5633969922004605,435.8510747722986,-0.0032867316474384733,0.11720708964407356,0.003115759939966267,0,0,1.0768253968253968e-06,8.119072214077393e-06
0,0.28350000000000003,0,0.34020000000000006,STEADY FLOW,1.0,0.3,0.3000008283076264,0.30113425866583104,0.0012000033132305056,0.0012045370346633242,48.57584608682318,0.45129152830350544,0.011126750607536064,0.0,1.5690326033596231,1.564148011518327,436.3364115759153,-0.0037780907626108087,0.11724897840706189,0.003099113334286141,0,0,1.0768253968253968e-06,8.119072214077393e-06
0,0.28950000000000004,0,0.34740000000000004,STEADY FLOW,1.0,0.3,0.3000008991011016,0.301199303487688,0.0012000035964044064,0.001204797213950752,48.11100214071574,0.4513711910162032,0.01112709908239564,0.0,1.568122943374446,1.5639818587305139,436.30141206488776,-0.0039946693165825164,0.1172696753869411,0.0030694464640890207,0,0,1.0768253968253968e-06,8.119072214077393e-06
0,0.2955,0,0.35459999999999997,STEADY FLOW,1.0,0.3,0.3000009345488809,0.30116360467403613,0.0012000037381955236,0.0012046544186961445,47.56027710589643,0.4513441704326115,0.011127286798967228,0.0,1.5659809739730766,1.563027443468683,435.86786375823726,-0.003875555010865512,0.11726265523339645,0.003034341925650663,0,0,1.0768253968253968e-06,8.119072214077393e-06
0,0.3015,0,0.36179999999999995,STEADY FLOW,1.0,0.3,0.30000088473424363,0.30107337063879575,0.0012000035389369745,0.001204293482555183,46.97732742618311,0.4512556971706058,0.011121463350889956,0.0,1.5650339817201708,1.561420080695754,435.33795210315475,-0.003574942472260292,0.11723966920566065,0.0029971847061618373,0,0,1.0768253968253968e-06,8.119072214077393e-06
0,0.3075,0,0.369,STEADY FLOW,1.0,0.3,0.30000062717580256,0.3009550169701402,0.0012000025087032103,0.001203820067880561,46.74992120534054,0.45113251538110577,0.011106911956639003,0.0,1.5650339817201842,1.5597622434801592,434.8238417257922,-0.003181292663692868,0.11720766563796348,0.0029826519548412644,0,0,1.0768253968253968e-06,8.119072214077393e-06
0,0.3135,0,0.3762,STEADY FLOW,1.0,0.3,0.3000004923231313,0.30082328964474125,0.0012000019692925252,0.001203293158578965,46.881853077359835,0.45099036278790977,0.011093991023711225,0.0,1.5650339817201668,1.558784754755466,434.3532136245968,-0.00274265323779439,0.11717073331088698,0.0029910234932191138,0,0,1.0768253968253968e-06,8.119072214077393e-06
0,0.3195,0,0.3834,STEADY FLOW,1.0,0.3,0.3000003981342128,0.3007273402046542,0.0012000015925368512,0.0012029093608186168,47.231587950184945,0.4508808575712332,0.011092862229220913,0.0,1.5650339817201782,1.558608736550371,434.1677191544139,-0.0024231370190254823,0.11714228302104032,0.00301333342291632,0,0,1.0768253968253968e-06,8.119072214077393e-06
0,0.3255,0,0.3906,STEADY FLOW,1.0,0.3,0.30000035641844336,0.30073052310470616,0.0012000014256737734,0.0012029220924188247,47.69603497337995,0.4508740809449656,0.011104943174193112,0.0,1.5650339817201757,1.5591912697450354,434.4615003233504,-0.0024338860626029898,0.11714052240189043,0.003042947832845533,0,0,1.0768253968253968e-06,8.119072214077393e-06
0,0.3315,0,0.39780000000000004,STEADY FLOW,1.0,0.3,0.3000003416064084,0.300792015642474,0.0012000013664256338,0.001203168062569896,48.22374967164623,0.45093146714852145,0.011119142788624688,0.0,1.5650339817201835,1.5604168955896354,434.897721570978,-0.002638910448656167,0.11715543177492227,0.003076580167105769,0,0,1.0768253968253968e-06,8.119072214077393e-06
0,0.3375,0,0.405,STEADY FLOW,1.0,0.3,0.30000054818972616,0.3008895969740759,0.0012000021927589047,0.0012035583878963036,48.57424184320393,0.4510310394039828,0.011125056863067818,0.0,1.5651859060719193,1.5619636725677049,435.37011954404693,-0.002963490532649009,0.11718130140574476,0.0030989449719844853,0,0,1.0768253968253968e-06,8.119072214077393e-06
0,0.3435,0,0.41220000000000007,STEADY FLOW,1.0,0.3,0.30000069606052115,0.30100380044017283,0.0012000027842420846,0.0012040152017606914,48.56301060477988,0.4511525975786614,0.011125955809466091,0.0,1.5669172229404444,1.5630815910396092,435.8105606233539,-0.0033436735075086537,0.11721288314593754,0.0030982636674976582,0,0,1.0768253968253968e-06,8.119072214077393e-06
0,0.34950000000000003,0,0.41940000000000005,STEADY FLOW,1.0,0.3,0.30000079933518825,0.30111179632248253,0.001200003197340753,0.00120444718528993,48.32547574720091,0.45127210274721774,0.011126548660437798,0.0,1.5678778591910802,1.5635263834318955,436.12400954868843,-0.003703313423685111,0.11724393149949357,0.003083127698164212,0,0,1.0768253968253968e-06,8.119072214077393e-06
0,0.3555,0,0.4266,STEADY FLOW,1.0,0.3,0.3000008494055328,0.30113882171730594,0.0012000033976221312,0.0012045552868692239,47.94592467438448,0.45130949711394575,0.011126817922909054,0.0,1.5668112726393548,1.5632664361023603,435.9863098232966,-0.0037932302992744146,0.11725364684095704,0.0030589185059912705,0,0,1.0768253968253968e-06,8.119072214077393e-06
0,0.3615,0,0.43379999999999996,STEADY FLOW,1.0,0.3,0.30000088204134556,0.30110367519077064,0.0012000035281653824,0.0012044147007630825,47.48981380097703,0.45128006748084964,0.011126989180084472,0.0,1.5651777600739216,1.5623896935118209,435.6456969092311,-0.0036759663569026157,0.11724600079799145,0.0030298486356916676,0,0,1.0768253968253968e-06,8.119072214077393e-06
0,0.3675,0,0.441,STEADY FLOW,1.0,0.3,0.30000076149671695,0.3010274135908936,0.0012000030459868678,0.0012041096543635743,47.07981001261905,0.4512041248398054,0.011119428180295097,0.0,1.565033981720171,1.5610556420945252,435.2276233133012,-0.003422164960697336,0.11722627032107902,0.0030037033686363124,0,0,1.0768253968253968e-06,8.119072214077393e-06
0,0.3735,0,0.4482,STEADY FLOW,1.0,0.3,0.3000006056497528,0.3009305201490014,0.001200002422599011,0.0012037220805960057,46.98064510839593,0.45110248230172706,0.011107860117202915,0.0,1.5650339817201684,1.5598820488018368,434.8214767491105,-0.003099708739702548,0.11719986281505469,0.0029973527458535543,0,0,1.0768253968253968e-06,8.119072214077393e-06
0,0.3795,0,0.4554,STEADY FLOW,1.0,0.3,0.3000005006683067,0.30082529674034364,0.0012000020026732268,0.0012033011869613745,47.11499239208554,0.45098810880859014,0.01109854877129013,0.0,1.5650339817201766,1.559242142626037,434.4627774149484,-0.0027493156518057517,0.11717014770988188,0.00300589639916371,0,0,1.0768253968253968e-06,8.119072214077393e-06
0,0.3855,0,0.4626,STEADY FLOW,1.0,0.3,0.30000043904006246,0.30077296541565396,0.0012000017561602499,0.001203091861662616,47.410276280671745,0.45092567956092033,0.011101662012438132,0.0,1.5650339817201757,1.559228991335789,434.4441137365879,-0.00257508415008801,0.11715392811555554,0.0030247339360658376,0,0,1.0768253968253968e-06,8.119072214077393e-06
0,0.3915,0,0.46980000000000005,STEADY FLOW,1.0,0.3,0.3000004009831071,0.3007845134485695,0.0012000016039324284,0.001203138053794278,47.79439127101283,0.4509304180321369,0.011110927158936119,0.0,1.5650339817201695,1.5597994365379388,434.68898036136966,-0.0026137047247033244,0.11715515920649011,0.003049218191370384,0,0,1.0768253968253968e-06,8.119072214077393e-06
0,0.3975,0,0.47700000000000004,STEADY FLOW,1.0,0.3,0.30000044382099955,0.3008392282620098,0.0012000017752839983,0.0012033569130480393,48.2053646126922,0.45098289542340353,0.01112219383520805,0.0,1.5650339817201808,1.5608687311504064,435.0405147441859,-0.002795944000372014,0.11716879323267848,0.0030754167203770333,0,0,1.0768253968253968e-06,8.119072214077393e-06
0,0.4035,0,0.4842000000000001,STEADY FLOW,1.0,0.3,0.3000005927538595,0.30091921398408583,0.001200002371015438,0.0012036768559363434,48.39750988746877,0.45106533959465933,0.011125304298402958,0.0,1.565206724640709,1.5620151646427665,435.4092328361995,-0.003062064717252224,0.11719021285668892,0.003087687829104402,0,0,1.0768253968253968e-06,8.119072214077393e-06
0,0.40950000000000003,0,0.4914,STEADY FLOW,1.0,0.3,0.30000069620877745,0.30101342342655424,0.0012000027848351098,0.0012040536937062169,48.354653597086916,0.4511662849720414,0.011125941726418188,0.0,1.566585631273203,1.5627809106421509,435.7627869655669,-0.003375749558500974,0.11721643923505118,0.0030849810246889042,0,0,1.0768253968253968e-06,8.119072214077393e-06
0,0.41550000000000004,0,0.49860000000000004,STEADY FLOW,1.0,0.3,0.3000007693001124,0.3010827170057381,0.0012000030772004496,0.0012043308680229523,48.14278746240947,0.4512446855564815,0.011126359484276321,0.0,1.5668286178987005,1.5630156675517393,435.9097964872165,-0.0036064831038594277,0.11723680830439015,0.0030714686363748633,0,0,1.0768253968253968e-06,8.119072214077393e-06
0,0.4215,0,0.5058,STEADY FLOW,1.0,0.3,0.30000081168019804,0.3010921798832946,0.0012000032467207923,0.0012043687195331784,47.82821793851675,0.4512614648446042,0.0111265956701417,0.0,1.5659165334861667,1.5627088821837765,435.7633056309765,-0.0036378841676601536,0.11724116769132169,0.0030514133981855984,0,0,1.0768253968253968e-06,8.119072214077393e-06
0,0.4275,0,0.513,STEADY FLOW,1.0,0.3,0.30000081835188397,0.3010579741969678,0.0012000032734075358,0.0012042318967878712,47.45423020656297,0.4512309021516579,0.01112658991327732,0.0,1.5650339817201755,1.561911564391511,435.4846987545647,-0.003523843204466958,0.11723322727077183,0.0030275763572313874,0,0,1.0768253968253968e-06,8.119072214077393e-06
0,0.4335,0,0.5202,STEADY FLOW,1.0,0.3,0.30000069784295375,0.30099449216054935,0.001200002791371815,0.0012039779686421974,47.196148696880556,0.45116685306228865,0.011118291139798826,0.0,1.565033981720172,1.5608666925819807,435.15760668112955,-0.0033126400196437835,0.11721658682922691,0.003011109937324674,0,0,1.0768253968253968e-06,8.119072214077393e-06
0,0.4395,0,0.5274,STEADY FLOW,1.0,0.3,0.3000005954170086,0.3009140169889112,0.0012000023816680343,0.0012036560679556448,47.159449081148175,0.45108180487062816,0.011108940436786386,0.0,1.5650339817201773,1.5600379322177373,434.8302987494724,-0.003044732530056941,0.11719449066086972,0.0030087472686055605,0,0,1.0768253968253968e-06,8.119072214077393e-06
0,0.4455,0,0.5346,STEADY FLOW,1.0,0.3,0.30000051671841865,0.30083796201781476,0.0012000020668736747,0.0012033518480712591,47.29174471009179,0.4509980854178277,0.011104019027960868,0.0,1.565033981720177,1.5596352964323672,434.6021214718343,-0.0027914795232908286,0.11717273970899489,0.003017176599778404,0,0,1.0768253968253968e-06,8.119072214077393e-06
0,0.4515,0,0.5418000000000001,STEADY FLOW,1.0,0.3,0.30000046969599575,0.3008104198549201,0.001200001878783983,0.0012032416794196803,47.53956827009857,0.45096319174706934,0.011107859029113874,0.0,1.5650339817201735,1.5597200338577546,434.64931194857854,-0.002699829636083805,0.11716367406740247,0.0030329796754349214,0,0,1.0768253968253968e-06,8.119072214077393e-06
0,0.4575,0,0.5489999999999999,STEADY FLOW,1.0,0.3,0.3000004414239016,0.30082610623458345,0.0012000017656956063,0.0012033044249383337,47.86011615073426,0.4509742603268369,0.011115310685141674,0.0,1.5650339817201708,1.5602664183094284,434.8545017237654,-0.002752211985965575,0.11716654976878123,0.0030534101560715232,0,0,1.0768253968253968e-06,8.119072214077393e-06
0,0.4635,0,0.5562,STEADY FLOW,1.0,0.3,0.3000005165325764,0.3008735073946581,0.0012000020661303058,0.0012034940295786326,48.14950383019856,0.45102066551527836,0.011124100416016879,0.0,1.5650339817201842,1.561153582258217,435.1348107458424,-0.002909964529967271,0.11717860619039855,0.0030718645855378757,0,0,1.0768253968253968e-06,8.119072214077393e-06
0,0.46950000000000003,0,0.5634,STEADY FLOW,1.0,0.3,0.3000006156022218,0.30094012954727556,0.0012000024624088871,0.0012037605181891022,48.253435639209165,0.4510899693332955,0.011125424540184689,0.0,1.5651865918660226,1.561988248216212,435.4298893785691,-0.0031317067238937363,0.11719661185049317,0.0030785089314560032,0,0,1.0768253968253968e-06,8.119072214077393e-06
0,0.47550000000000003,0,0.5706000000000001,STEADY FLOW,1.0,0.3,0.3000006941661689,0.3010140314464216,0.0012000027766646756,0.0012040561257856863,48.1930848426536,0.4511698409289566,0.011125910869877888,0.0,1.566139642719487,1.5625055992406347,435.69068660465825,-0.0033777831183663767,0.11721736309975818,0.003074674051367854,0,0,1.0768253968253968e-06,8.119072214077393e-06
0,0.48150000000000004,0,0.5778000000000001,STEADY FLOW,1.0,0.3,0.3000007461417059,0.3010556248397255,0.0012000029845668236,0.001204222499358902,48.009034044419685,0.45121834535667027,0.011126212124416694,0.0,1.5660346872439486,1.562602214118072,435.73559899099587,-0.0035162535813204076,0.11722996491973697,0.003062936504256264,0,0,1.0768253968253968e-06,8.119072214077393e-06
0,0.4875,0,0.5850000000000001,STEADY FLOW,1.0,0.3,0.3000007813340323,0.3010560031771342,0.0012000031253361291,0.001204224012708537,47.74480521143883,0.45122387474709835,0.011126414517975589,0.0,1.5652790735704618,1.5622743687687575,435.6017611989172,-0.0035173969827996814,0.11723140149751045,0.003046094495665397,0,0,1.0768253968253968e-06,8.119072214077393e-06
0,0.4935,0,0.5922,STEADY FLOW,1.0,0.3,0.30000075211561944,0.30102405319841585,0.0012000030084624777,0.0012040962127936635,47.45775971475029,0.45119411646500407,0.0111254910396498,0.0,1.565033981720176,1.5615747843831445,435.3734678815591,-0.0034109950577792107,0.11722367006903045,0.003027794894678193,0,0,1.0768253968253968e-06,8.119072214077393e-06
0,0.4995,0,0.5993999999999999,STEADY FLOW,1.0,0.3,0.30000066329203484,0.300970750941634,0.0012000026531681393,0.0012038830037665361,47.301383713952944,0.45113970695676775,0.011117687039963173,0.0,1.5650339817201793,1.5607852706981058,435.1130381833789,-0.0032336183492194786,0.11720953406412844,0.003017812132684261,0,0,1.0768253968253968e-06,8.119072214077393e-06
0,0.5055000000000001,0,0.6066,STEADY FLOW,1.0,0.3,0.30000058811093067,0.30090466377112096,0.0012000023524437228,0.0012036186550844839,47.29956537818589,0.4510693325501718,0.011110462682954942,0.0,1.5650339817201766,1.5602025424493395,434.85445654335643,-0.003013579626237293,0.1171912502569619,0.0030176804662309653,0,0,1.0768253968253968e-06,8.119072214077393e-06
0,0.5115000000000001,0,0.6138,STEADY FLOW,1.0,0.3,0.30000053180340686,0.3008542047854196,0.0012000021272136274,0.0012034168191416784,47.423328492012644,0.4510127686570049,0.011108732525953966,0.0,1.5650339817201835,1.5599646759529013,434.7347640733041,-0.0028455715624267873,0.11717655452643605,0.0030255715511127157,0,0,1.0768253968253968e-06,8.119072214077393e-06
0,0.5175,0,0.621,STEADY FLOW,1.0,0.3,0.30000049376395543,0.3008403343511346,0.0012000019750558217,0.0012033613374045384,47.633390458297214,0.4509935786008802,0.011112285408978672,0.0,1.5650339817201804,1.560108387192886,434.80040585872575,-0.0027994640163492004,0.11717156880360485,0.0030389624125739534,0,0,1.0768253968253968e-06,8.119072214077393e-06
0,0.5235,0,0.6282,STEADY FLOW,1.0,0.3,0.3000004896535099,0.3008579495127322,0.0012000019586140395,0.0012034317980509288,47.89389063608934,0.4510081384574882,0.011118389580454548,0.0,1.565033981720172,1.5606164890204821,434.9741441323401,-0.0028581948656570934,0.11717535156531426,0.0030555669863652213,0,0,1.0768253968253968e-06,8.119072214077393e-06
0,0.5295,0,0.6354,STEADY FLOW,1.0,0.3,0.3000005594379787,0.30089860067032614,0.0012000022377519149,0.0012035944026813046,48.08454368857828,0.451048602652715,0.011125041264445785,0.0,1.5650339817201673,1.5613182864138528,435.19805655244835,-0.002993465192297692,0.11718586447161729,0.003067729907525907,0,0,1.0768253968253968e-06,8.119072214077393e-06
0,0.5355,0,0.6426,STEADY FLOW,1.0,0.3,0.3000006295247929,0.3009544308500508,0.0012000025180991716,0.0012038177234002033,48.13792853690708,0.45110717839578446,0.01112549952548456,0.0,1.5651267923065406,1.5619225020472367,435.43628941431234,-0.0031793310793004144,0.1172010828960804,0.003071148175922689,0,0,1.0768253968253968e-06,8.119072214077393e-06
0,0.5415,0,0.6498,STEADY FLOW,1.0,0.3,0.3000006877174695,0.3010079614850324,0.0012000027508698781,0.0012040318459401295,48.06970296811363,0.45116573782554154,0.011125857722933435,0.0,1.5656656108031373,1.5622622080578055,435.6040645209782,-0.0033575715283409037,0.11721629708222063,0.003066802430791382,0,0,1.0768253968253968e-06,8.119072214077393e-06
0,0.5475,0,0.657,STEADY FLOW,1.0,0.3,0.30000072785439813,0.3010325993352877,0.0012000029114175926,0.0012041303973411507,47.91050064150205,0.45119552696149995,0.01112609649632198,0.0,1.5654512269356398,1.5622692233102051,435.60190897867807,-0.003439563257961151,0.11722403652676967,0.0030566526381474723,0,0,1.0768253968253968e-06,8.119072214077393e-06
0,0.5535,0,0.6641999999999999,STEADY FLOW,1.0,0.3,0.30000075009763283,0.3010276426943631,0.0012000030003905314,0.0012041105707774524,47.6889808689251,0.4511941557533288,0.011126211546609343,0.0,1.5650339817201706,1.5619381203298774,435.48213229506706,-0.00342296676390337,0.11722368027643663,0.0030425336337656095,0,0,1.0768253968253968e-06,8.119072214077393e-06
0,0.5595,0,0.6714,STEADY FLOW,1.0,0.3,0.30000070621046304,0.30099888623216414,0.0012000028248418523,0.0012039955449286567,47.48438763422959,0.45116659612105464,0.01112373654135873,0.0,1.5650339817201744,1.5613544055503057,435.29672919223077,-0.0033272589065201953,0.11721652007393611,0.0030294866158928624,0,0,1.0768253968253968e-06,8.119072214077393e-06
0,0.5655,0,0.6786,STEADY FLOW,1.0,0.3,0.30000064290862793,0.3009537072779378,0.0012000025716345118,0.0012038148291117511,47.39034449982717,0.45111998862789615,0.011117440675326527,0.0,1.565033981720172,1.5607665111849058,435.0858992435169,-0.003176874422899625,0.11720441109201153,0.0030234791864314214,0,0,1.0768253968253968e-06,8.119072214077393e-06
0,0.5715,0,0.6858000000000001,STEADY FLOW,1.0,0.3,0.30000058613625774,0.3009023166013489,0.0012000023445450309,0.0012036092664053956,47.40953085766978,0.4510647599635922,0.011112550133583796,0.0,1.5650339817201737,1.560362575133547,434.89803695137084,-0.00300576234434958,0.11719006226412025,0.003024694514812243,0,0,1.0768253968253968e-06,8.119072214077393e-06
0,0.5775,0,0.693,STEADY FLOW,1.0,0.3,0.3000005443162368,0.30086994851958615,0.0012000021772649472,0.0012034797940783447,47.52156123839372,0.451027680235084,0.011112389948218723,0.0,1.565033981720179,1.5602367815741245,434.8445238194371,-0.0028980087530537154,0.11718042866806419,0.0030318370004283057,0,0,1.0768253968253968e-06,8.119072214077393e-06
0,0.5835,0,0.7002,STEADY FLOW,1.0,0.3,0.3000005147982764,0.30086424871684353,0.0012000020591931056,0.0012034569948673741,47.70073224739654,0.45101815450327826,0.011115546699933785,0.0,1.5650339817201782,1.5604146998323163,434.9134156718226,-0.002879108121357598,0.11717795381034414,0.0030432569065168558,0,0,1.0768253968253968e-06,8.119072214077393e-06
0,0.5895,0,0.7074,STEADY FLOW,1.0,0.3,0.3000005319130725,0.3008820085660011,0.0012000021276522901,0.0012035280342640045,47.899919165532594,0.4510339669725095,0.011120501465702851,0.0,1.5650339817201735,1.5608649829952441,435.05893110589176,-0.0029382503001161575,0.11718206201035943,0.0030559558021769906,0,0,1.0768253968253968e-06,8.119072214077393e-06
0,0.5955,0,0.7146000000000001,STEADY FLOW,1.0,0.3,0.3000005854625321,0.30091700693295403,0.0012000023418501284,0.0012036680277318162,48.023112268481874,0.4510693061646312,0.011125201030480458,0.0,1.5650339817201786,1.561405063060926,435.24034834303336,-0.0030547322733021826,0.11719124340179739,0.0030638182074769205,0,0,1.0768253968253968e-06,8.119072214077393e-06
0,0.6015,0,0.7218,STEADY FLOW,1.0,0.3,0.3000006382440275,0.30096265392190824,0.0012000025529761101,0.001203850615687633,48.04510529185915,0.4511176101978441,0.01112554445968794,0.0,1.5650339817201664,1.5618389666445927,435.4260935939903,-0.0032067121040530644,0.11720379315775767,0.003065230048216794,0,0,1.0768253968253968e-06,8.119072214077393e-06
0,0.6075,0,0.729,STEADY FLOW,1.0,0.3,0.30000068097640037,0.3009993695824424,0.0012000027239056014,0.0012039974783297695,47.97613772771862,0.4511583811905826,0.01112580768127487,0.0,1.5652568067387091,1.5620531418890846,435.5226883631137,-0.0033289544636753068,0.1172143857723924,0.0030608342536055932,0,0,1.0768253968253968e-06,8.119072214077393e-06
0,0.6135,0,0.7362000000000001,STEADY FLOW,1.0,0.3,0.30000071278466567,0.3010135844314045,0.0012000028511386627,0.001204054337725618,47.83792824235651,0.4511764039902676,0.011125999488916809,0.0,1.5650339817201717,1.5620019857741092,435.500169129796,-0.0033762308007110058,0.11721906823310475,0.0030520247702223724,0,0,1.0768253968253968e-06,8.119072214077393e-06
0,0.6195,0,0.7434000000000001,STEADY FLOW,1.0,0.3,0.3000007169357463,0.30100569204510486,0.0012000028677429852,0.0012040227681804194,47.65884049135602,0.45117095787474765,0.01112599794163455,0.0,1.56503398172017,1.5616856347100747,435.3947550994209,-0.003349909025629935,0.11721765329078708,0.0030406091875716523,0,0,1.0768253968253968e-06,8.119072214077393e-06
0,0.6255000000000001,0,0.7506,STEADY FLOW,1.0,0.3,0.30000067670681735,0.3009801515474404,0.0012000027068272694,0.0012039206061897616,47.51879332121229,0.45114593605263387,0.011122567951499391,0.0,1.5650339817201684,1.561217691724031,435.24349335444566,-0.003264908770790131,0.11721115243070722,0.0030316755783736937,0,0,1.0768253968253968e-06,8.119072214077393e-06
0,0.6315000000000001,0,0.7578,STEADY FLOW,1.0,0.3,0.30000062953199086,0.30094203348849274,0.0012000025181279634,0.001203768133953971,47.46407476718297,0.4511062298760983,0.011117557186234056,0.0,1.5650339817201835,1.5607835005552586,435.0734276129811,-0.0031380066034211356,0.11720083646343712,0.0030281777392857645,0,0,1.0768253968253968e-06,8.119072214077393e-06
0,0.6375000000000001,0,0.7650000000000001,STEADY FLOW,1.0,0.3,0.3000005872443735,0.3009044212862124,0.001200002348977494,0.0012036176851448496,47.49470823781649,0.45106535305537265,0.011114664801439142,0.0,1.565033981720175,1.5605095539606644,434.94952442572134,-0.003012774242014045,0.11719021635388484,0.003030127530762483,0,0,1.0768253968253968e-06,8.119072214077393e-06
0,0.6435,0,0.7721999999999999,STEADY FLOW,1.0,0.3,0.30000055476612075,0.3008838699993412,0.001200002219064483,0.0012035354799973647,47.59505785601559,0.45104122157607784,0.01111516323832119,0.0,1.5650339817201684,1.560459828964807,434.9312750911325,-0.002944378665929656,0.11718394681165478,0.003036523981691186,0,0,1.0768253968253968e-06,8.119072214077393e-06
0,0.6495,0,0.7794,STEADY FLOW,1.0,0.3,0.3000005375253272,0.30088327925184216,0.0012000021501013087,0.0012035331170073688,47.74575207387236,0.45103791138338356,0.011117942941467665,0.0,1.5650339817201768,1.5606531610564056,434.99818374915264,-0.002942467149547837,0.11718308679836537,0.0030461287685510374,0,0,1.0768253968253968e-06,8.119072214077393e-06
0,0.6555,0,0.7866,STEADY FLOW,1.0,0.3,0.30000056189365376,0.30090018124178913,0.001200002247574615,0.0012036007249671566,47.890163739148505,0.4510536442468778,0.01112196066174937,0.0,1.5650339817201697,1.561032992043902,435.1191171656621,-0.002998725543901769,0.11718717431620347,0.0030553377689157557,0,0,1.0768253968253968e-06,8.119072214077393e-06
0,0.6615,0,0.7938,STEADY FLOW,1.0,0.3,0.3000006022479485,0.30093036931452927,0.001200002408991794,0.0012037214772581172,47.96904437493193,0.45108450986671744,0.011125303607619761,0.0,1.565033981720172,1.5614429040968572,435.2674414531762,-0.0030992173336116926,0.11719519343946885,0.0030603742709451875,0,0,1.0768253968253968e-06,8.119072214077393e-06
0,0.6675,0,0.801,STEADY FLOW,1.0,0.3,0.30000064231191037,0.30096583325394777,0.0012000025692476416,0.001203863333015791,47.971247296392285,0.45112239372681434,0.01112556175439867,0.0,1.5650339817201735,1.5617502870011588,435.402092423538,-0.003217296251765652,0.11720503595504007,0.003060519812636331,0,0,1.0768253968253968e-06,8.119072214077393e-06
0,0.6735,0,0.8081999999999999,STEADY FLOW,1.0,0.3,0.3000006747842622,0.3009905006190491,0.0012000026991370487,0.0012039620024761964,47.90513575014837,0.4511502455456925,0.011125763600794883,0.0,1.565033981720172,1.561876565312541,435.4539047352226,-0.003299412027985317,0.11721227206984708,0.0030563061035349115,0,0,1.0768253968253968e-06,8.119072214077393e-06
0,0.6795,0,0.8154,STEADY FLOW,1.0,0.3,0.3000006981415906,0.30099799862354076,0.0012000027925663623,0.001203991994494163,47.78551454401041,0.4511605340304202,0.011125900589938457,0.0,1.5650339817201722,1.561788865511018,435.42230268417705,-0.003324327203663627,0.11721494509658927,0.003048682142120729,0,0,1.0768253968253968e-06,8.119072214077393e-06
0,0.6855,0,0.8226,STEADY FLOW,1.0,0.3,0.3000006897020699,0.3009888251598395,0.0012000027588082796,0.001203955300639358,47.648078329639176,0.45115298386656943,0.011125721117226914,0.0,1.5650339817201773,1.56150401799789,435.3314097672279,-0.0032937772868151844,0.11721298350648002,0.0030399200127413373,0,0,1.0768253968253968e-06,8.119072214077393e-06
0,0.6915,0,0.8298,STEADY FLOW,1.0,0.3,0.30000065744431403,0.3009662174989257,0.001200002629777256,0.0012038648699957029,47.55352317347943,0.4511304333985616,0.011121804668238675,0.0,1.5650339817201742,1.5611375991590664,435.2067928648763,-0.0032185264620326766,0.11720712472303141,0.0030338864388068654,0,0,1.0768253968253968e-06,8.119072214077393e-06
0,0.6975,0,0.837,STEADY FLOW,1.0,0.3,0.3000006212314767,0.30093509053168355,0.0012000024849259069,0.0012037403621267342,47.524618732110326,0.45109770496649215,0.0111180642883884,0.0,1.5650339817201817,1.5608200827986738,435.07517665404646,-0.0031148912171278294,0.11719862162695198,0.0030320376403645266,0,0,1.0768253968253968e-06,8.119072214077393e-06
0,0.7035,0,0.8442000000000001,STEADY FLOW,1.0,0.3,0.3000005894247703,0.30090853685615954,0.0012000023576990812,0.0012036341474246381,47.5603940020603,0.4510684800157062,0.011116500645006048,0.0,1.5650339817201822,1.5606397516062391,434.998574502032,-0.0030264854916789473,0.11719102876201047,0.0030343167533135595,0,0,1.0768253968253968e-06,8.119072214077393e-06
0,0.7095,0,0.8514,STEADY FLOW,1.0,0.3,0.3000005641399007,0.300895775173511,0.001200002256559603,0.001203583100694044,47.64983518154963,0.4510530244904759,0.011117276413316873,0.0,1.5650339817201695,1.5606415038134098,434.999170605541,-0.002984031167330768,0.117187013298767,0.00304001708181878,0,0,1.0768253968253968e-06,8.119072214077393e-06
0,0.7155,0,0.8586000000000001,STEADY FLOW,1.0,0.3,0.3000005594259035,0.3008982352723328,0.0012000022377036139,0.001203592941089331,47.771627535359606,0.45105358356822844,0.011119677861280507,0.0,1.5650339817201806,1.5608331783860865,435.0610764520807,-0.002992247241629026,0.11718715855142789,0.003047780544389589,0,0,1.0768253968253968e-06,8.119072214077393e-06
0,0.7215,0,0.8658,STEADY FLOW,1.0,0.3,0.3000005823007238,0.30091391477753,0.0012000023292028951,0.00120365565911012,47.87354381389382,0.4510686399813751,0.011122968271843892,0.0,1.5650339817201784,1.5611424155316749,435.1619061682289,-0.0030444356800968706,0.11719107032231037,0.00305428126162699,0,0,1.0768253968253968e-06,8.119072214077393e-06
0,0.7275,0,0.873,STEADY FLOW,1.0,0.3,0.30000061351911095,0.3009395469860704,0.001200002454076444,0.0012037581879442815,47.922733736694845,0.45109513837539694,0.011125371985961642,0.0,1.565033981720184,1.56145042504004,435.2814131254852,-0.003129771822615364,0.1171979548070251,0.003057423120444991,0,0,1.0768253968253968e-06,8.119072214077393e-06
0,0.7335,0,0.8802000000000001,STEADY FLOW,1.0,0.3,0.3000006438135843,0.30096587259130336,0.0012000025752543374,0.0012038634903652134,47.91310341811191,0.4511235546308983,0.011125565258686626,0.0,1.565033981720167,1.5616643130895376,435.3727005933874,-0.003217422354329445,0.11720533756676847,0.0030568117352502977,0,0,1.0768253968253968e-06,8.119072214077393e-06
0,0.7395,0,0.8874,STEADY FLOW,1.0,0.3,0.3000006691344993,0.3009822658549754,0.0012000026765379972,0.0012039290634199016,47.85127486058145,0.45114241060635535,0.011125724172827612,0.0,1.5650339817201735,1.5617290758910847,435.3980252204126,-0.0032719817702674884,0.11721023649289616,0.0030528714673632162,0,0,1.0768253968253968e-06,8.119072214077393e-06
0,0.7455,0,0.8946000000000001,STEADY FLOW,1.0,0.3,0.30000068258809554,0.3009853920976286,0.0012000027303523822,0.0012039415683905144,47.75023212430628,0.45114755768117654,0.011125796110402868,0.0,1.565033981720178,1.5616219497847117,435.3630850138343,-0.0032823575634494855,0.11721157374216125,0.0030464314164304618,0,0,1.0768253968253968e-06,8.119072214077393e-06
0,0.7515000000000001,0,0.9018,STEADY FLOW,1.0,0.3,0.30000066982494494,0.30097588354645655,0.0012000026792997798,0.0012039035341858263,47.64877390001909,0.45113908083234805,0.011124549756746583,0.0,1.5650339817201717,1.5613778525350288,435.285456580218,-0.0032507051470274675,0.11720937139223242,0.0030399617270655543,0,0,1.0768253968253968e-06,8.119072214077393e-06
0,0.7575000000000001,0,0.9090000000000001,STEADY FLOW,1.0,0.3,0.30000064433749835,0.3009560358074042,0.0012000025773499935,0.0012038241432296168,47.58563701882098,0.45111898471530265,0.011121365731160375,0.0,1.5650339817201795,1.5610949598303292,435.1827309835557,-0.003184631393094797,0.11720415026786878,0.003035931750876353,0,0,1.0768253968253968e-06,8.119072214077393e-06
0,0.7635000000000001,0,0.9162000000000001,STEADY FLOW,1.0,0.3,0.3000006165312556,0.30093173578102267,0.0012000024661250224,0.0012037269431240908,47.57360675639057,0.451093189650195,0.011118780285101531,0.0,1.5650339817201708,1.5608657320861532,435.0867097779782,-0.003103724454079731,0.11719744851336614,0.0030351613698531565,0,0,1.0768253968253968e-06,8.119072214077393e-06
0,0.7695000000000001,0,0.9234000000000001,STEADY FLOW,1.0,0.3,0.30000059198369555,0.3009132820109591,0.0012000023679347822,0.0012036531280438364,47.61098829304745,0.45107260254160864,0.01111800228515623,0.0,1.5650339817201677,1.5607525313819774,435.04117970309676,-0.0030422940875834423,0.11719209982565826,0.0030375431224356486,0,0,1.0768253968253968e-06,8.119072214077393e-06
0,0.7755,0,0.9306,STEADY FLOW,1.0,0.3,0.30000057405886565,0.30090577058264745,0.0012000022962354627,0.0012036230823305898,47.68955276891347,0.4510630844574837,0.011118886327437226,0.0,1.565033981720166,1.5607878909452924,435.0521015561142,-0.003017315972216065,0.11718962695486398,0.0030425500661497296,0,0,1.0768253968253968e-06,8.119072214077393e-06
0,0.7815,0,0.9378,STEADY FLOW,1.0,0.3,0.30000057710799616,0.300909917125393,0.0012000023084319847,0.001203639668501572,47.7838078972368,0.4510659316351152,0.011120932728309666,0.0,1.5650339817201662,1.5609645985315848,435.10756063980057,-0.003031127560363041,0.11719036667331138,0.0030485591583668814,0,0,1.0768253968253968e-06,8.119072214077393e-06
0,0.7875,0,0.945,STEADY FLOW,1.0,0.3,0.3000005963478386,0.30092424631900216,0.0012000023853913544,0.0012036969852760088,47.854857408802594,0.45108001909029777,0.011123646418063392,0.0,1.5650339817201757,1.5612108723123348,435.1919912878386,-0.003078827117039042,0.11719402670153022,0.003053092181643402,0,0,1.0768253968253968e-06,8.119072214077393e-06
0,0.7935,0,0.9521999999999999,STEADY FLOW,1.0,0.3,0.3000006207471138,0.3009452349906627,0.0012000024829884554,0.001203780939962651,47.883850572301945,0.4511019376599039,0.011125413780080721,0.0,1.565033981720175,1.5614398151258506,435.284328761436,-0.0031487076299925036,0.11719972131295829,0.003054944400390891,0,0,1.0768253968253968e-06,8.119072214077393e-06
0,0.7995,0,0.9594,STEADY FLOW,1.0,0.3,0.3000006439871431,0.3009642764257308,0.0012000025759485724,0.0012038571057029232,47.86754608629523,0.45112271950891186,0.011125562030765753,0.0,1.5650339817201762,1.5615851054203782,435.3437768947159,-0.003212101233452761,0.11720512059571181,0.003053906585450239,0,0,1.0768253968253968e-06,8.119072214077393e-06
0,0.8055,0,0.9666,STEADY FLOW,1.0,0.3,0.3000006633689515,0.3009749552962481,0.001200002653475806,0.0012038998211849924,47.81077062378727,0.45113528153972865,0.011125683125006598,0.0,1.565033981720184,1.561607116553807,435.3532206561987,-0.0032476325763933873,0.11720838430705498,0.0030502885838334937,0,0,1.0768253968253968e-06,8.119072214077393e-06
0,0.8115,0,0.9738,STEADY FLOW,1.0,0.3,0.300000668370962,0.3009753173787325,0.001200002673483848,0.00120390126951493,47.728755850364635,0.45113708556548043,0.011125702891001612,0.0,1.5650339817201746,1.5614948883038526,435.3184161676979,-0.0032488227878389245,0.11720885300669402,0.003045060734753635,0,0,1.0768253968253968e-06,8.119072214077393e-06
0,0.8175,0,0.981,STEADY FLOW,1.0,0.3,0.3000006557102088,0.30096597037954453,0.0012000026228408353,0.0012038638815181782,47.65536582094872,0.45112834560074233,0.011123722795113615,0.0,1.5650339817201733,1.56129268283708,435.2521707803642,-0.003217708531504607,0.1172065822972466,0.003040379891943834,0,0,1.0768253968253968e-06,8.119072214077393e-06
0,0.8235,0,0.9882000000000001,STEADY FLOW,1.0,0.3,0.3000006353890189,0.300948985343376,0.0012000025415560755,0.001203795941373504,47.61413512498519,0.45111093020464255,0.01112121836397743,0.0,1.5650339817201844,1.5610767584192007,435.1693578404492,-0.0031611598193028332,0.11720205764461479,0.003037747671789548,0,0,1.0768253968253968e-06,8.119072214077393e-06
0,0.8295,0,0.9954000000000001,STEADY FLOW,1.0,0.3,0.3000006139823874,0.30093066831485316,0.0012000024559295497,0.0012037226732594126,47.61283429764203,0.45109129438387763,0.011119523830639669,0.0,1.5650339817201746,1.5609138399018117,435.10250755568813,-0.003100174763376775,0.11719695610873282,0.0030376627363044584,0,0,1.0768253968253968e-06,8.119072214077393e-06
0,0.8355,1,0.0025999999999999357,STEADY FLOW,1.0,0.3,0.3000005948118333,0.3009179946184171,0.0012000023792473331,0.0012036719784736685,47.6498426068067,0.4510769436041852,0.011119206650043494,0.0,1.5650339817201828,1.560848702628134,435.0767803357077,-0.00305799329217737,0.11719322766679949,0.0030400206990559564,0,0,1.0768253968253968e-06,8.119072214077393e-06
0,0.8415,1,0.009800000000000031,STEADY FLOW,1.0,0.3,0.30000058426177156,0.3009140105387305,0.0012000023370470863,0.0012036560421549221,47.71667000602985,0.451071482075618,0.01112010101595353,0.0,1.5650339817201773,1.5609033896966755,435.0929720203975,-0.0030447483267628866,0.11719180872005469,0.003044279874392375,0,0,1.0768253968253968e-06,8.119072214077393e-06
0,0.8475,1,0.017000000000000126,STEADY FLOW,1.0,0.3,0.30000059035249355,0.3009190142880015,0.0012000023614099741,0.001203676057152006,47.78747410120359,0.4510756273591466,0.011121840759373327,0.0,1.5650339817201846,1.5610579844922454,435.1418922158059,-0.0030614070939953514,0.11719288569630718,0.0030487946736115212,0,0,1.0768253968253968e-06,8.119072214077393e-06
0,0.8535,1,0.0242,STEADY FLOW,1.0,0.3,0.30000060621281543,0.3009318370958815,0.0012000024248512617,0.001203727348383526,47.836402901621135,0.4510884666052383,0.011124052117036574,0.0,1.5650339817201755,1.5612511908223046,435.21202532847195,-0.003104096671076403,0.11719622143029142,0.003051917022169448,0,0,1.0768253968253968e-06,8.119072214077393e-06
0,0.8595,1,0.031400000000000095,STEADY FLOW,1.0,0.3,0.30000062524809384,0.3009483657416022,0.0012000025009923753,0.001203793462966409,47.851776958388854,0.45110589572687476,0.011125439048064966,0.0,1.5650339817201828,1.561419280299069,435.2801183881233,-0.0031591283942313405,0.11720074964892226,0.0030528994873297854,0,0,1.0768253968253968e-06,8.119072214077393e-06
0,0.8655,1,0.03859999999999997,STEADY FLOW,1.0,0.3,0.3000006434029071,0.3009619483411442,0.0012000025736116284,0.0012038477933645768,47.83195772286508,0.4511208926149353,0.01112555501724674,0.0,1.5650339817201733,1.5615143911216447,435.31780455919846,-0.0032043429218451464,0.11720464595473372,0.0030516373079780834,0,0,1.0768253968253968e-06,8.119072214077393e-06
0,0.8715,1,0.04580000000000006,STEADY FLOW,1.0,0.3,0.30000065693073535,0.3009686541393002,0.0012000026277229415,0.0012038746165572009,47.78124599652579,0.45112902268277283,0.011125636993566555,0.0,1.5650339817201768,1.561507811956122,435.3176809533148,-0.0032266502962635577,0.11720675820831825,0.0030484056633612866,0,0,1.0768253968253968e-06,8.119072214077393e-06
0,0.8775000000000001,1,0.05300000000000016,STEADY FLOW,1.0,0.3,0.3000006568694826,0.3009673207584253,0.0012000026274779302,0.0012038692830337013,47.7170577923396,0.4511286982962422,0.01112501073179228,0.0,1.5650339817201757,1.5614007502598826,435.28483278241214,-0.0032222059079133466,0.11720667393022541,0.0030443135373063868,0,0,1.0768253968253968e-06,8.119072214077393e-06
0,0.8835000000000001,1,0.06020000000000003,STEADY FLOW,1.0,0.3,0.30000064561891543,0.30095844424072266,0.0012000025824756618,0.0012038337769628906,47.66460795859077,0.4511201265446917,0.01112315768019403,0.0,1.5650339817201784,1.5612369435957691,435.22845629247183,-0.003192655201895459,0.11720444692384613,0.0030409675963918303,0,0,1.0768253968253968e-06,8.119072214077393e-06
0,0.8895000000000001,1,0.06740000000000013,STEADY FLOW,1.0,0.3,0.3000006294318513,0.30094444327160313,0.0012000025177274051,0.0012037777730864127,47.63868541107133,0.45110561247569453,0.011121282378770716,0.0,1.5650339817201795,1.5610740076895406,435.16424845155717,-0.0031460395317811007,0.11720067605810694,0.003039312522794546,0,0,1.0768253968253968e-06,8.119072214077393e-06
0,0.8955000000000001,1,0.0746,STEADY FLOW,1.0,0.3,0.3000006127286642,0.3009309186242334,0.0012000024509146567,0.0012037236744969336,47.64405700620382,0.45109096800662163,0.011120205478428265,0.0,1.5650339817201717,1.5609605970046996,435.1190062462028,-0.003101013318298155,0.11719687131343433,0.0030396535776413547,0,0,1.0768253968253968e-06,8.119072214077393e-06
0,0.9015,1,0.0818000000000001,STEADY FLOW,1.0,0.3,0.3000005982411123,0.3009223699695196,0.0012000023929644493,0.0012036894798780784,47.679277905699806,0.451081117371077,0.011120163634856878,0.0,1.5650339817201748,1.560929491472875,435.1059735650752,-0.003072566300906081,0.11719431204324678,0.0030418976973025647,0,0,1.0768253968253968e-06,8.119072214077393e-06
0,0.9075,1,0.08899999999999997,STEADY FLOW,1.0,0.3,0.3000005933897616,0.3009207151785668,0.0012000023735590465,0.0012036828607142672,47.73396823351114,0.45107838962940444,0.011121012972399407,0.0,1.5650339817201686,1.5609922107012395,435.12430530744774,-0.0030670665627975506,0.11719360335517179,0.0030453837220427715,0,0,1.0768253968253968e-06,8.119072214077393e-06
0,0.9135,1,0.09619999999999984,STEADY FLOW,1.0,0.3,0.30000060007711155,0.3009260687107493,0.0012000024003084463,0.0012037042748429972,47.78625000823994,0.4510832068968842,0.011122492642028123,0.0,1.565033981720166,1.561122805296704,435.16713343453335,-0.003084889274887642,0.11719485491797607,0.003048718053239252,0,0,1.0768253968253968e-06,8.119072214077393e-06
0,0.9195,1,0.10339999999999994,STEADY FLOW,1.0,0.3,0.3000006130820652,0.30093716062783765,0.001200002452328261,0.0012037486425113507,47.81930730942127,0.4510944756266317,0.011124232727440304,0.0,1.5650339817201657,1.5612724823625905,435.22384719362964,-0.0031218187728045293,0.11719778261984498,0.003050827813356083,0,0,1.0768253968253968e-06,8.119072214077393e-06
0,0.9255,1,0.11060000000000003,STEADY FLOW,1.0,0.3,0.3000006280068078,0.3009498125412152,0.0012000025120272313,0.001203799250164861,47.82562980817253,0.45110794415412525,0.011125454068165713,0.0,1.5650339817201766,1.5613941268915603,435.2723746689422,-0.0031639418247681266,0.11720128184593327,0.0030512323962141874,0,0,1.0768253968253968e-06,8.119072214077393e-06
0,0.9315,1,0.1177999999999999,STEADY FLOW,1.0,0.3,0.3000006421798328,0.30095938180854087,0.0012000025687193313,0.0012038375272341636,47.804327922612195,0.45111864334750995,0.011125544265605896,0.0,1.565033981720171,1.561452661123884,435.29545276824297,-0.0031957919214499818,0.11720406157791464,0.0030498755506094266,0,0,1.0768253968253968e-06,8.119072214077393e-06
0,0.9375,1,0.125,STEADY FLOW,1.0,0.3,0.30000065043633517,0.30096334490972126,0.0012000026017453408,0.0012038533796388852,47.760733868290714,0.451123671151648,0.011125441290705232,0.0,1.5650339817201775,1.5614287454099038,435.289795753666,-0.003208974620507971,0.11720536783974728,0.003047097254457176,0,0,1.0768253968253968e-06,8.119072214077393e-06
0,0.9435,1,0.1322000000000001,STEADY FLOW,1.0,0.3,0.3000006480488685,0.3009610037526671,0.001200002592195474,0.0012038440150106684,47.71171488597947,0.4511220162428676,0.011124323288820678,0.0,1.5650339817201726,1.561332546274284,435.25964160449826,-0.0032011787642610015,0.11720493788183382,0.0030439717027528346,0,0,1.0768253968253968e-06,8.119072214077393e-06
0,0.9495,1,0.13939999999999997,STEADY FLOW,1.0,0.3,0.30000063837430185,0.3009528781610444,0.0012000025534972074,0.0012038115126441775,47.67470173845818,0.45111398724315205,0.011122808000114962,0.0,1.565033981720178,1.5612019968848359,435.212422353091,-0.003174125868207136,0.11720285188651766,0.003041610169726372,0,0,1.0768253968253968e-06,8.119072214077393e-06
0,0.9555,1,0.14660000000000006,STEADY FLOW,1.0,0.3,0.3000006255100215,0.3009417270710652,0.001200002502040086,0.0012037669082842607,47.65938589672075,0.45110231118088284,0.01112146059544915,0.0,1.5650339817201708,1.5610805238999717,435.16446115624075,-0.0031369986627321454,0.11719981835655525,0.0030406321551363913,0,0,1.0768253968253968e-06,8.119072214077393e-06
0,0.9615,1,0.15380000000000016,STEADY FLOW,1.0,0.3,0.3000006123352572,0.30093187286318657,0.001200002449341029,0.0012037274914527463,47.668780682130915,0.45109153015445314,0.011120796745265218,0.0,1.5650339817201835,1.561003954126134,435.13448350804543,-0.0031041954237367693,0.11719701736372516,0.003041229963446357,0,0,1.0768253968253968e-06,8.119072214077393e-06
0,0.9675,1,0.16100000000000003,STEADY FLOW,1.0,0.3,0.300000602236482,0.30092626284560087,0.001200002408945928,0.0012037050513824035,47.70090121218225,0.4510849211447695,0.011120915551426146,0.0,1.5650339817201675,1.5609960358828203,435.1295480389934,-0.003085529169668726,0.11719530029264119,0.0030432766866730354,0,0,1.0768253968253968e-06,8.119072214077393e-06
0,0.9735,1,0.1681999999999999,STEADY FLOW,1.0,0.3,0.30000060085057534,0.3009261247025352,0.0012000024034023013,0.0012037044988101409,47.744261760054556,0.4510840174903769,0.011121696313970558,0.0,1.565033981720181,1.5610589616394495,435.1482338485608,-0.0030850733276393044,0.11719506551634311,0.0030460409179942083,0,0,1.0768253968253968e-06,8.119072214077393e-06
0,0.9795,1,0.1754,STEADY FLOW,1.0,0.3,0.3000006072223099,0.30093146824549927,0.0012000024288892398,0.0012037258729819971,47.782396674052166,0.45108905742459837,0.011122943491623516,0.0,1.5650339817201726,1.5611666674566411,435.1853042611476,-0.0031028637968707035,0.1171963749296639,0.003048473407680996,0,0,1.0768253968253968e-06,8.119072214077393e-06
0,0.9855,1,0.1826000000000001,STEADY FLOW,1.0,0.3,0.30000061780373,0.30094070597386036,0.00120000247121492,0.0012037628238954414,47.804110363411525,0.45109855644099606,0.01112425793496937,0.0,1.5650339817201695,1.5612812426181526,435.22957845665275,-0.0031336207805592515,0.11719884284651728,0.0030498592810404013,0,0,1.0768253968253968e-06,8.119072214077393e-06
0,0.9915,1,0.1898000000000002,STEADY FLOW,1.0,0.3,0.3000006296287774,0.3009502176371465,0.0012000025185151095,0.001203800870548586,47.804483355568784,0.4511087779218139,0.011125103516655676,0.0,1.5650339817201808,1.5613676412981135,435.2634128009672,-0.0031652867180451487,0.11720149846513307,0.0030498841666199983,0,0,1.0768253968253968e-06,8.119072214077393e-06
0,0.9975,1,0.19700000000000006,STEADY FLOW,1.0,0.3,0.3000006402665124,0.3009568505110822,0.0012000025610660497,0.0012038274020443288,47.783243846942966,0.45111630113187495,0.011125268929491875,0.0,1.5650339817201824,1.5613999018601963,435.27669735557834,-0.00318736067936483,0.11720345305244234,0.0030485311200518783,0,0,1.0768253968253968e-06,8.119072214077393e-06
0,1.0035,1,0.20420000000000016,STEADY FLOW,1.0,0.3,0.3000006446404747,0.3009589400476858,0.0012000025785618988,0.0012038357601907434,47.74715198772143,0.4511191760837667,0.011124793915349308,0.0,1.565033981720172,1.5613672501832834,435.26807641694734,-0.0031943111600961486,0.1172041999868542,0.0030462306715295373,0,0,1.0768253968253968e-06,8.119072214077393e-06
0,1.0095,1,0.21140000000000003,STEADY FLOW,1.0,0.3,0.300000641394205,0.3009560498085548,0.0012000025655768201,0.0012038241992342192,47.71030285669471,0.45111673267833985,0.011123823800014228,0.0,1.5650339817201724,1.5612841215075566,435.2408948864151,-0.003184687905697963,0.11720356517150278,0.0030438807253478917,0,0,1.0768253968253968e-06,8.119072214077393e-06
0,1.0155,1,0.2185999999999999,STEADY FLOW,1.0,0.3,0.3000006332234652,0.30094891663418166,0.001200002532893861,0.0012037956665367268,47.68461818948068,0.4511095622947834,0.011122626393670964,0.0,1.56503398172017,1.5611814985619894,435.2024838991964,-0.00316093803045437,0.11720170225120832,0.0030422418535231976,0,0,1.0768253968253968e-06,8.119072214077393e-06
0,1.0215,1,0.2258,STEADY FLOW,1.0,0.3,0.3000006229522104,0.3009402506246634,0.0012000024918088416,0.0012037610024986537,47.676590437075156,0.4511004021720763,0.011121683602698614,0.0,1.565033981720173,1.5610921790581591,435.16759673257843,-0.0031320857377107863,0.1171993223815185,0.0030417289621134103,0,0,1.0768253968253968e-06,8.119072214077393e-06
0,1.0275,1,0.2330000000000001,STEADY FLOW,1.0,0.3,0.3000006126721103,0.3009331606559804,0.0012000024506884414,0.0012037326426239216,47.688169071212165,0.45109255939711923,0.01112129527144589,0.0,1.5650339817201668,1.5610428612657619,435.1482561203014,-0.003108486931289588,0.11719728476881379,0.003042466168718949,0,0,1.0768253968253968e-06,8.119072214077393e-06
0,1.0335,1,0.2402000000000002,STEADY FLOW,1.0,0.3,0.30000060626494307,0.30092962809627144,0.0012000024250597722,0.0012037185123850859,47.71619479425495,0.4510882693849152,0.011121501247996402,0.0,1.5650339817201782,1.5610495926760208,435.14835631186435,-0.0030967331796254226,0.11719617019094845,0.00304425216841131,0,0,1.0768253968253968e-06,8.119072214077393e-06
0,1.0395,1,0.24740000000000006,STEADY FLOW,1.0,0.3,0.3000006067003827,0.3009304586338481,0.001200002426801531,0.0012037218345353924,47.74983347873451,0.4510885671120991,0.011122206144655873,0.0,1.5650339817201793,1.5611081568873066,435.1664306621473,-0.003099500176658255,0.11719624754273983,0.0030463969451430817,0,0,1.0768253968253968e-06,8.119072214077393e-06
0,1.0455,1,0.25460000000000016,STEADY FLOW,1.0,0.3,0.3000006124490208,0.300935494837039,0.0012000024497960833,0.001203741979348156,47.77729939212478,0.4510934623489614,0.011123231704114198,0.0,1.565033981720167,1.5611953898606263,435.1977915564438,-0.003116268264875838,0.11719751936258391,0.003048149088502372,0,0,1.0768253968253968e-06,8.119072214077393e-06
0,1.0515,1,0.26180000000000025,STEADY FLOW,1.0,0.3,0.30000062103046277,0.3009429498703704,0.001200002484121851,0.0012037717994814816,47.790964923822884,0.45110120976768486,0.01112419365508101,0.0,1.5650339817201662,1.5612820333572823,435.23131516565746,-0.0031410896306508884,0.1171995322010124,0.0030490213819494016,0,0,1.0768253968253968e-06,8.119072214077393e-06
0,1.0575,1,0.26900000000000035,STEADY FLOW,1.0,0.3,0.3000006304308948,0.30095000700836133,0.0012000025217235792,0.0012038000280334455,47.78751540114332,0.45110886635804254,0.011124742101293097,0.0,1.5650339817201726,1.5613418036675057,435.25447917492403,-0.0031645819413875786,0.11720152144153922,0.003048802358074587,0,0,1.0768253968253968e-06,8.119072214077393e-06
0,1.0635000000000001,1,0.2762,STEADY FLOW,1.0,0.3,0.3000006379023641,0.3009545043224754,0.0012000025516094564,0.0012038180172899017,47.76760416992592,0.45111405646608355,0.011124763979352631,0.0,1.5650339817201684,1.5613558634447229,435.26125706789543,-0.0031795479729003788,0.11720286987116281,0.0030475337569328964,0,0,1.0768253968253968e-06,8.119072214077393e-06
0,1.0695000000000001,1,0.2834000000000001,STEADY FLOW,1.0,0.3,0.30000063983100106,0.3009553248665784,0.0012000025593240044,0.0012038212994663136,47.73857946050251,0.45111544684485155,0.01112430161794084,0.0,1.56503398172017,1.5613203936917635,435.25124420156794,-0.0031822766648601807,0.117203231102163,0.0030456835092915746,0,0,1.0768253968253968e-06,8.119072214077393e-06
0,1.0755000000000001,1,0.2906000000000002,STEADY FLOW,1.0,0.3,0.3000006364001258,0.3009522268672021,0.0012000025456005033,0.0012038089074688084,47.71122293979946,0.4511126206820483,0.011123474272176083,0.0,1.5650339817201744,1.561250481384238,435.2272670660795,-0.0031719614947985815,0.11720249684352817,0.003043938698832127,0,0,1.0768253968253968e-06,8.119072214077393e-06
0,1.0815000000000001,1,0.29780000000000006,STEADY FLOW,1.0,0.3,0.3000006295888686,0.3009462039048981,0.0012000025183554744,0.0012037848156195925,47.69379764632004,0.4511064833158785,0.01112255978199882,0.0,1.5650339817201664,1.5611708246362057,435.19699950989525,-0.0031519077720781967,0.11720090230902352,0.003042826782923891,0,0,1.0768253968253968e-06,8.119072214077393e-06
0,1.0875000000000001,1,0.30500000000000016,STEADY FLOW,1.0,0.3,0.3000006213356806,0.30093958141807237,0.0012000024853427225,0.0012037583256722896,47.69073775848667,0.4510994189170637,0.01112191245949279,0.0,1.5650339817201733,1.561106283487351,435.17208662349276,-0.003129860458992679,0.1171990669243727,0.0030426308713848993,0,0,1.0768253968253968e-06,8.119072214077393e-06
0,1.0935000000000001,1,0.31220000000000026,STEADY FLOW,1.0,0.3,0.3000006136289805,0.3009345558245311,0.001200002454515922,0.0012037382232981243,47.703083368986796,0.4510937911601111,0.011121707104204914,0.0,1.565033981720172,1.5610767830441878,435.1601131968183,-0.0031131342841372285,0.11719760479022653,0.0030434171512561115,0,0,1.0768253968253968e-06,8.119072214077393e-06
0,1.0995,1,0.3193999999999997,STEADY FLOW,1.0,0.3,0.300000609896771,0.3009324813541844,0.001200002439587084,0.0012037299254167376,47.72662916207892,0.4510911498894267,0.01112195501201449,0.0,1.5650339817201773,1.5610917551700698,435.1632379932349,-0.003106231876441888,0.11719691856797324,0.0030449178534885935,0,0,1.0768253968253968e-06,8.119072214077393e-06
0,1.1055,1,0.3265999999999998,STEADY FLOW,1.0,0.3,0.30000061121461724,0.3009338942034637,0.001200002444858469,0.001203735576813855,47.75232946363336,0.45109220478485496,0.011122580334175052,0.0,1.5650339817201733,1.5611437611012462,435.1801147398374,-0.003110936957987919,0.11719719263784499,0.003046556711716608,0,0,1.0768253968253968e-06,8.119072214077393e-06
0,1.1115,1,0.3337999999999999,STEADY FLOW,1.0,0.3,0.3000006162399314,0.30093840437849473,0.0012000024649597256,0.0012037536175139789,47.771813519316765,0.45109668160149663,0.011123396698679225,0.0,1.5650339817201708,1.5612133528470835,435.20584818142015,-0.0031259540407520257,0.11719835574892691,0.0030477997391198386,0,0,1.0768253968253968e-06,8.119072214077393e-06
0,1.1175,1,0.34099999999999997,STEADY FLOW,1.0,0.3,0.30000062321757914,0.30094428611336277,0.0012000024928703165,0.001203777144453451,47.77980275158563,0.45110285339355755,0.011124085878166554,0.0,1.5650339817201726,1.5612779888844501,435.23067919737696,-0.003145536451433304,0.11719995922754045,0.0030483098597060554,0,0,1.0768253968253968e-06,8.119072214077393e-06
0,1.1235,1,0.34819999999999984,STEADY FLOW,1.0,0.3,0.3000006305587656,0.3009494564801107,0.0012000025222350624,0.0012037978259204427,47.7740769005571,0.45110851930392853,0.011124428887244325,0.0,1.5650339817201684,1.5613178105371772,435.2461938857348,-0.0031627464234921686,0.11720143127423548,0.003047945557494103,0,0,1.0768253968253968e-06,8.119072214077393e-06
0,1.1295,1,0.35539999999999994,STEADY FLOW,1.0,0.3,0.3000006354706757,0.3009524119799996,0.0012000025418827027,0.0012038096479199984,47.75635197069977,0.45111200726215794,0.011124364280047363,0.0,1.5650339817201686,1.5613199771027229,435.2487204858164,-0.0031725816441377317,0.11720233747236566,0.0030468160888621476,0,0,1.0768253968253968e-06,8.119072214077393e-06
0,1.1355,1,0.36260000000000003,STEADY FLOW,1.0,0.3,0.3000006359789198,0.300952387292369,0.0012000025439156791,0.001203809549169476,47.733485709975625,0.4511123869401555,0.01112392994003378,0.0,1.565033981720179,1.5612853217032865,435.2382843454022,-0.003172497652691901,0.117202436115603,0.0030453582248826105,0,0,1.0768253968253968e-06,8.119072214077393e-06
0,1.1415,1,0.36980000000000013,STEADY FLOW,1.0,0.3,0.30000063268245747,0.30094934821970976,0.0012000025307298298,0.001203797392878839,47.713429894723426,0.451109495623157,0.011123244061087025,0.0,1.565033981720181,1.5612277217794623,435.21774376757133,-0.0031623784549030497,0.1172016849294117,0.0030440789466650298,0,0,1.0768253968253968e-06,8.119072214077393e-06
0,1.1475,1,0.377,STEADY FLOW,1.0,0.3,0.30000062703555785,0.30094441472143246,0.0012000025081422313,0.0012037776588857299,47.70198728894459,0.4511044103626983,0.011122563328846277,0.0,1.565033981720175,1.5611666627433478,435.19450763667174,-0.003145952377501904,0.11720036373998904,0.0030433487230672185,0,0,1.0768253968253968e-06,8.119072214077393e-06
0,1.1535,1,0.3841999999999999,STEADY FLOW,1.0,0.3,0.3000006204288689,0.300939420840038,0.0012000024817154756,0.001203757683360152,47.702241406542015,0.45109903455780237,0.011122127814707705,0.0,1.5650339817201748,1.561121100764618,435.1770073762949,-0.0031293282321450617,0.11719896706490736,0.003043364250378877,0,0,1.0768253968253968e-06,8.119072214077393e-06
0,1.1595,1,0.39139999999999997,STEADY FLOW,1.0,0.3,0.3000006149494443,0.3009359246724133,0.0012000024597977773,0.0012037436986896532,47.714267750175026,0.4510950632322749,0.011122042128887502,0.0,1.5650339817201797,1.5611055448341737,435.17008609640146,-0.003117692685818725,0.1171979352842693,0.003044130367723774,0,0,1.0768253968253968e-06,8.119072214077393e-06
0,1.1655,1,0.39859999999999984,STEADY FLOW,1.0,0.3,0.30000061296827857,0.3009348663046032,0.0012000024518731144,0.0012037394652184127,47.733498768275496,0.4510935874465065,0.011122304793371833,0.0,1.565033981720166,1.5611243173550968,435.1749350139581,-0.003114171424787741,0.1171975518638795,0.003045356233952523,0,0,1.0768253968253968e-06,8.119072214077393e-06
0,1.1715,1,0.40579999999999994,STEADY FLOW,1.0,0.3,0.30000061466453437,0.3009365690424147,0.0012000024586581374,0.0012037462761696589,47.75288438014569,0.45109506146677575,0.011122845535881004,0.0,1.5650339817201755,1.561169037752285,435.19016327074485,-0.0031198415340812583,0.1171979348255792,0.0030465925514790992,0,0,1.0768253968253968e-06,8.119072214077393e-06
0,1.1775,1,0.41300000000000003,STEADY FLOW,1.0,0.3,0.3000006189741359,0.30094044404884324,0.0012000024758965435,0.001203761776195373,47.76644260497994,0.4510989692013479,0.011123476652283658,0.0,1.5650339817201737,1.561223807654398,435.21066930534505,-0.003132743785400005,0.11719895008480241,0.003047457568498446,0,0,1.0768253968253968e-06,8.119072214077393e-06
0,1.1835,1,0.42020000000000013,STEADY FLOW,1.0,0.3,0.30000062465531346,0.30094500849622,0.0012000024986212538,0.00120378003398488,47.77046009815098,0.451103802701009,0.011123962204848509,0.0,1.565033981720166,1.5612712317089135,435.2287600040475,-0.003147939581764504,0.11720020586485111,0.0030477143054001843,0,0,1.0768253968253968e-06,8.119072214077393e-06
0,1.1895,1,0.4274,STEADY FLOW,1.0,0.3,0.3000006301771422,0.30094874406328814,0.0012000025207085686,0.0012037949762531525,47.763645290860616,0.4511079409109761,0.011124164315999524,0.0,1.5650339817201695,1.5612963811197662,435.2388392315822,-0.003160372981837051,0.11720128100333843,0.003047280430154453,0,0,1.0768253968253968e-06,8.119072214077393e-06
0,1.1955,1,0.4345999999999999,STEADY FLOW,1.0,0.3,0.3000006332323616,0.3009505930568383,0.0012000025329294464,0.0012038023722273532,47.748483552699895,0.4511101937091472,0.011124049986098354,0.0,1.565033981720172,1.5612913589661828,435.23864166359584,-0.0031665260644332164,0.11720186629747215,0.0030463141515164605,0,0,1.0768253968253968e-06,8.119072214077393e-06
0,1.2015,1,0.44179999999999997,STEADY FLOW,1.0,0.3,0.3000006329466862,0.30095003309858487,0.001200002531786745,0.0012038001323943395,47.73074489592797,0.4511099123192357,0.011123654555499463,0.0,1.5650339817201664,1.5612595080083318,435.2284425526127,-0.0031646604961242143,0.11720179319022861,0.0030451830636977206,0,0,1.0768253968253968e-06,8.119072214077393e-06
0,1.2075,1,0.44900000000000007,STEADY FLOW,1.0,0.3,0.30000062993599774,0.30094723719429983,0.001200002519743991,0.0012037889487771993,47.716247258201285,0.45110717998351807,0.01112310322069498,0.0,1.5650339817201664,1.5612128461301171,435.21139503972995,-0.0031553509021098303,0.11720108330858568,0.003044258270684441,0,0,1.0768253968253968e-06,8.119072214077393e-06
0,1.2135,1,0.45619999999999994,STEADY FLOW,1.0,0.3,0.30000062525842314,0.30094328463362996,0.0012000025010336925,0.0012037731385345198,47.70911481630284,0.45110306416473,0.01112260569232697,0.0,1.565033981720167,1.5611666789093936,435.19389935677293,-0.0031421913684173777,0.11720001398749735,0.003043803008655477,0,0,1.0768253968253968e-06,8.119072214077393e-06
0,1.2195,1,0.46340000000000003,STEADY FLOW,1.0,0.3,0.3000006200841322,0.30093956608513367,0.0012000024803365287,0.0012037582643405348,47.71144730053208,0.4510990237087276,0.011122320676540823,0.0,1.56503398172017,1.5611354994862647,435.18183546945255,-0.0031298135341791744,0.11719896424623505,0.00304395116371059,0,0,1.0768253968253968e-06,8.119072214077393e-06
0,1.2255,1,0.47060000000000013,STEADY FLOW,1.0,0.3,0.3000006163694721,0.30093719505641353,0.0012000024654778886,0.0012037487802256542,47.72244426136273,0.45109628261582435,0.011122311736076147,0.0,1.565033981720181,1.5611293172963308,435.1783376879694,-0.0031219225422788074,0.11719825208940855,0.0030446518392794886,0,0,1.0768253968253968e-06,8.119072214077393e-06
0,1.2315,1,0.4778,STEADY FLOW,1.0,0.3,0.3000006154806935,0.3009368327930913,0.001200002461922774,0.0012037473311723652,47.73783133331586,0.45109561910572693,0.01112257170684945,0.0,1.5650339817201782,1.561149044313799,435.18404596544667,-0.0031207179721870243,0.11719807970442854,0.0030456328062800075,0,0,1.0768253968253968e-06,8.119072214077393e-06
0,1.2375,1,0.4850000000000001,STEADY FLOW,1.0,0.3,0.30000061727603394,0.30093860472770484,0.0012000024691041359,0.0012037544189108195,47.7522720763751,0.4510972552246409,0.011123024908725018,0.0,1.5650339817201737,1.561186587627902,435.19730168299475,-0.0031266184056142543,0.11719850478059148,0.003046553831379306,0,0,1.0768253968253968e-06,8.119072214077393e-06
0,1.2435,1,0.4922000000000002,STEADY FLOW,1.0,0.3,0.300000620937029,0.30094183243762307,0.0012000024837481161,0.0012037673297504922,47.76145833899368,0.4511005522782339,0.011123502192953221,0.0,1.5650339817201828,1.5612291275009345,435.21326381318727,-0.003137365174959621,0.11719936138024223,0.003047139964435397,0,0,1.0768253968253968e-06,8.119072214077393e-06
0,1.2495,1,0.49940000000000007,STEADY FLOW,1.0,0.3,0.30000062551689055,0.3009453266605304,0.0012000025020675621,0.0012037813066421218,47.76275722901715,0.45110428555317417,0.011123838232685129,0.0,1.5650339817201793,1.561263197615194,435.2262446123299,-0.003148997246296347,0.11720033131352349,0.0030472232654439324,0,0,1.0768253968253968e-06,8.119072214077393e-06
0,1.2555,1,0.5065999999999999,STEADY FLOW,1.0,0.3,0.3000006294990408,0.30094798089364644,0.0012000025179961633,0.0012037919235745858,47.75573168393208,0.45110726207762863,0.01112394485878631,0.0,1.5650339817201806,1.5612778670120036,435.2324985145847,-0.003157831355846042,0.11720110463726127,0.0030467758084349317,0,0,1.0768253968253968e-06,8.119072214077393e-06
0,1.2615,1,0.5138,STEADY FLOW,1.0,0.3,0.30000063129529,0.30094904175605697,0.00120000252518116,0.0012037961670242278,47.74313481704241,0.45110862443644195,0.01112380462728789,0.0,1.5650339817201708,1.5612689581271768,435.23060936013485,-0.0031613615500477067,0.1172014585884637,0.0030459728774856476,0,0,1.0768253968253968e-06,8.119072214077393e-06
0,1.2675,1,0.5210000000000001,STEADY FLOW,1.0,0.3,0.30000063058966797,0.3009481821254734,0.0012000025223586719,0.0012037927285018938,47.72955428571115,0.4511079493935249,0.011123456761695572,0.0,1.5650339817201688,1.5612408372571311,435.22113823587233,-0.003158498480296499,0.11720128320716923,0.0030451068465995323,0,0,1.0768253968253968e-06,8.119072214077393e-06
0,1.2735,1,0.5282000000000002,STEADY FLOW,1.0,0.3,0.30000062791748544,0.30094572717814516,0.0012000025116699418,0.0012037829087125807,47.719253194031616,0.4511055038898926,0.011123024990652824,0.0,1.5650339817201786,1.5612035930826922,435.2073795066713,-0.0031503242750535237,0.11720064784668807,0.003044449716175679,0,0,1.0768253968253968e-06,8.119072214077393e-06
0,1.2795,1,0.5354000000000001,STEADY FLOW,1.0,0.3,0.3000006240595307,0.30094261347809204,0.0012000024962381228,0.0012037704539123683,47.71519778952276,0.45110223103152786,0.011122666933462595,0.0,1.5650339817201697,1.561169242920752,435.1944082215397,-0.003139958196801522,0.11719979753314198,0.0030441907373814914,0,0,1.0768253968253968e-06,8.119072214077393e-06
0,1.2855,1,0.5426000000000002,STEADY FLOW,1.0,0.3,0.30000062014198886,0.30093988128532007,0.0012000024805679554,0.0012037595251412803,47.71866606388962,0.4510992328416564,0.011122487862905778,0.0,1.5650339817201693,1.5611487595179843,435.18629127546467,-0.003130864005836578,0.1171990185805638,0.0030444114182859305,0,0,1.0768253968253968e-06,8.119072214077393e-06
0,1.2915,1,0.5498000000000001,STEADY FLOW,1.0,0.3,0.3000006177197744,0.3009383330897172,0.0012000024708790976,0.0012037533323588688,47.72828213555351,0.4510974003696546,0.01112252687768351,0.0,1.5650339817201757,1.561148538678572,435.1850823651417,-0.0031257114637634137,0.1171985424903722,0.003045024214827219,0,0,1.0768253968253968e-06,8.119072214077393e-06
0,1.2975,1,0.5569999999999999,STEADY FLOW,1.0,0.3,0.3000006174958259,0.3009384271739015,0.0012000024699833037,0.001203753708695606,47.74039790638207,0.4510972825086701,0.011122771393932933,0.0,1.5650339817201773,1.5611675241514327,435.1910329363544,-0.0031260258258923976,0.1171985118691902,0.0030457967152730525,0,0,1.0768253968253968e-06,8.119072214077393e-06
0,1.3035,1,0.5642,STEADY FLOW,1.0,0.3,0.30000061923834853,0.3009401189283544,0.0012000024769533942,0.0012037604757134178,47.75101110812793,0.45109890288601107,0.011123140042322026,0.0,1.5650339817201775,1.5611984410852888,435.20219109864087,-0.003131659169208258,0.11719893285557248,0.0030464736547592963,0,0,1.0768253968253968e-06,8.119072214077393e-06
0,1.3095,1,0.5714000000000001,STEADY FLOW,1.0,0.3,0.30000062233027985,0.30094274669394727,0.0012000024893211194,0.0012037709867757892,47.75699082951018,0.4511016168652464,0.011123495018131842,0.0,1.5650339817201695,1.5612310223069172,435.21439465413897,-0.003140408030987994,0.11719963796806145,0.0030468552559781426,0,0,1.0768253968253968e-06,8.119072214077393e-06
0,1.3155000000000001,1,0.5786000000000002,STEADY FLOW,1.0,0.3,0.3000006259353839,0.300945387770215,0.0012000025037415356,0.00120378155108086,47.75652262988893,0.45110446395660014,0.011123722426837046,0.0,1.5650339817201744,1.5612548612762016,435.2235544195915,-0.0031491995454523873,0.1172003776640932,0.0030468258048230723,0,0,1.0768253968253968e-06,8.119072214077393e-06
0,1.3215000000000001,1,0.5858000000000001,STEADY FLOW,1.0,0.3,0.30000062870631045,0.30094723285194724,0.0012000025148252418,0.001203788931407789,47.749859102570646,0.45110656339913996,0.011123765175060689,0.0,1.5650339817201702,1.5612623133341195,435.2271415397809,-0.0031553405395144084,0.11720092311526518,0.0030464012942079677,0,0,1.0768253968253968e-06,8.119072214077393e-06
0,1.3275000000000001,1,0.5930000000000002,STEADY FLOW,1.0,0.3,0.3000006296759001,0.300947742348598,0.0012000025187036004,0.001203790969394392,47.739616703685826,0.45110729381349196,0.011123615483009252,0.0,1.5650339817201817,1.561251710777288,435.2242817592935,-0.0031570356159622364,0.11720111288248043,0.003045748352959343,0,0,1.0768253968253968e-06,8.119072214077393e-06
0,1.3335000000000001,1,0.6002000000000003,STEADY FLOW,1.0,0.3,0.30000062877634304,0.30094675745686855,0.0012000025151053721,0.0012037870298274743,47.72934986527894,0.45110642503934295,0.011123319832143517,0.0,1.5650339817201757,1.5612275927564117,435.21586706982623,-0.003153755658395182,0.11720088716833547,0.00304509359382088,0,0,1.0768253968253968e-06,8.119072214077393e-06
0,1.3395000000000001,1,0.6074000000000004,STEADY FLOW,1.0,0.3,0.3000006264424278,0.30094467301988337,0.0012000025057697112,0.0012037786920795334,47.72219662352252,0.45110431751929125,0.011122988374656414,0.0,1.5650339817201804,1.5611982824514496,435.2050053740664,-0.0031468153538563278,0.11720033961856435,0.0030446372370120933,0,0,1.0768253968253968e-06,8.119072214077393e-06
0,1.3455000000000001,1,0.6146,STEADY FLOW,1.0,0.3,0.30000062330779925,0.30094225462510893,0.0012000024932311971,0.0012037690185004357,47.72028948079122,0.45110175269731373,0.011122734809558816,0.0,1.5650339817201686,1.5611732149097697,435.19552607938334,-0.0031387645363109822,0.11719967325826772,0.0030445152982452317,0,0,1.0768253968253968e-06,8.119072214077393e-06
0,1.3515,1,0.6217999999999999,STEADY FLOW,1.0,0.3,0.3000006204408115,0.3009402779332021,0.001200002481763246,0.0012037611117328084,47.724208046592125,0.4510995598805753,0.011122629593814846,0.0,1.5650339817201744,1.561160482150511,435.1902486038001,-0.0031321851635169842,0.11719910354776733,0.003044764794584154,0,0,1.0768253968253968e-06,8.119072214077393e-06
0,1.3575,1,0.629,STEADY FLOW,1.0,0.3,0.3000006189216923,0.30093932625914627,0.0012000024756867692,0.0012037573050365851,47.7323530827866,0.4510983931808791,0.011122696897638257,0.0,1.5650339817201742,1.5611637911763703,435.1905329592622,-0.0031290180027894717,0.11719880043029465,0.003045283927693543,0,0,1.0768253968253968e-06,8.119072214077393e-06
0,1.3635,1,0.6361999999999999,STEADY FLOW,1.0,0.3,0.30000061908865044,0.3009396944028767,0.0012000024763546017,0.001203758777611507,47.741762601301346,0.45109861681360236,0.011122916766837932,0.0,1.5650339817201722,1.56118111308266,435.1962762157287,-0.0031302445877578636,0.11719885853178053,0.003045883929062576,0,0,1.0768253968253968e-06,8.119072214077393e-06
0,1.3695,1,0.6434,STEADY FLOW,1.0,0.3,0.30000062070471384,0.3009412213841135,0.0012000024828188554,0.001203764885536454,47.74943943504525,0.45110011532817657,0.011123209414737862,0.0,1.565033981720172,1.5612061548863085,435.2054113266964,-0.0031353291109537124,0.11719924785728725,0.003046373603361463,0,0,1.0768253968253968e-06,8.119072214077393e-06
0,1.3755,1,0.6506000000000001,STEADY FLOW,1.0,0.3,0.300000623289153,0.3009433230060644,0.001200002493156612,0.0012037732920242576,47.753092257701304,0.45110230746677626,0.011123469594630777,0.0,1.5650339817201782,1.5612307173505038,435.21460322805683,-0.003142325861112546,0.11719981739160204,0.00304660678536961,0,0,1.0768253968253968e-06,8.119072214077393e-06
0,1.3815,1,0.6577999999999997,STEADY FLOW,1.0,0.3,0.30000062604255573,0.300945293303491,0.0012000025041702229,0.0012037811732139641,47.751579079759246,0.4511044511972739,0.011123618823467298,0.0,1.5650339817201806,1.5612468631335656,435.22093598809755,-0.003148884298665661,0.11720037434912299,0.0030465106279591314,0,0,1.0768253968253968e-06,8.119072214077393e-06
0,1.3875,1,0.6649999999999998,STEADY FLOW,1.0,0.3,0.30000062791468485,0.3009465368652472,0.0012000025116587394,0.0012037861474609888,47.74558965624323,0.45110589263748063,0.011123619640103511,0.0,1.5650339817201695,1.5612495470738625,435.2226849246896,-0.0031530232357757015,0.11720074884627411,0.003046128982837626,0,0,1.0768253968253968e-06,8.119072214077393e-06
0,1.3935,1,0.6721999999999999,STEADY FLOW,1.0,0.3,0.30000062835215185,0.3009466752392527,0.0012000025134086074,0.0012037867009570108,47.73740265477298,0.4511061893068113,0.011123472536727446,0.0,1.5650339817201706,1.5612386354817143,435.21937979566974,-0.0031534830186766933,0.11720082592322718,0.0030456070147280023,0,0,1.0768253968253968e-06,8.119072214077393e-06
0,1.3995,1,0.6794,STEADY FLOW,1.0,0.3,0.3000006273919257,0.3009456831684084,0.0012000025095677026,0.0012037827326736336,47.7297428347001,0.4511052649241558,0.011123228687047727,0.0,1.5650339817201748,1.5612184124523751,435.2121732609567,-0.00315017933361887,0.11720058576156843,0.0030451184919215724,0,0,1.0768253968253968e-06,8.119072214077393e-06
0,1.4055,1,0.6865999999999999,STEADY FLOW,1.0,0.3,0.3000006253789741,0.3009439565857997,0.0012000025015158964,0.0012037758263431988,47.7249344090005,0.45110349759612123,0.011122978235724631,0.0,1.565033981720166,1.5611956790740376,435.20374680128987,-0.00314443080121554,0.117200126596276,0.003044811686327753,0,0,1.0768253968253968e-06,8.119072214077393e-06
0,1.4115,1,0.6938,STEADY FLOW,1.0,0.3,0.30000062289388896,0.3009421025693964,0.0012000024915755558,0.0012037684102775856,47.72446317019968,0.4511015139996813,0.01112280206870369,0.0,1.5650339817201835,1.5611778010929072,435.19692468011925,-0.0031382590690168114,0.11719961124280368,0.003044781359274218,0,0,1.0768253968253968e-06,8.119072214077393e-06
0,1.4175,1,0.7010000000000001,STEADY FLOW,1.0,0.3,0.30000062085406654,0.30094070016909147,0.0012000024834162661,0.0012037628006763659,47.728379273219105,0.4510999386927205,0.011122747816403789,0.0,1.5650339817201695,1.561170519136298,435.19367280955436,-0.0031335912317400987,0.11719920196604963,0.003045030793582315,0,0,1.0768253968253968e-06,8.119072214077393e-06
0,1.4235,1,0.7082000000000002,STEADY FLOW,1.0,0.3,0.30000061995078897,0.30094017298398995,0.001200002479803156,0.0012037606919359598,47.73511717207883,0.45109925172112936,0.011122829314221044,0.0,1.5650339817201768,1.5611756952960734,435.1948765328268,-0.0031318369720539623,0.11719902348559473,0.0030454602982155077,0,0,1.0768253968253968e-06,8.119072214077393e-06
0,1.4295,1,0.7154,STEADY FLOW,1.0,0.3,0.3000006203337251,0.3009406813504063,0.0012000024813349005,0.0012037627254016252,47.74233108046926,0.4510996653527268,0.011123019483609765,0.0,1.565033981720171,1.5611909320194537,435.2001168147042,-0.0031335302428223857,0.11719913095023611,0.0030459203240911226,0,0,1.0768253968253968e-06,8.119072214077393e-06
0,1.4355,1,0.7225999999999999,STEADY FLOW,1.0,0.3,0.3000006217925367,0.3009420073990615,0.001200002487170147,0.001203768029596246,47.74777149307104,0.451100990169367,0.011123247428898428,0.0,1.5650339817201702,1.5612109054268508,435.2074339372536,-0.003137945517912145,0.11719947514769583,0.0030462673714299893,0,0,1.0768253968253968e-06,8.119072214077393e-06
0,1.4415,1,0.7298,STEADY FLOW,1.0,0.3,0.30000062391191384,0.3009436632689276,0.0012000024956476554,0.0012037746530757104,47.74977261668701,0.4511027333007369,0.011123435305252819,0.0,1.5650339817201762,1.5612290903923036,435.21426179005425,-0.0031434579859093642,0.11719992802651037,0.0030463951968540126,0,0,1.0768253968253968e-06,8.119072214077393e-06
0,1.4475,1,0.7369999999999999,STEADY FLOW,1.0,0.3,0.30000062595636295,0.3009451116668875,0.0012000025038254518,0.00120378044666755,47.7477370859275,0.4511043249004165,0.011123528752416003,0.0,1.5650339817201773,1.561239583850785,435.2185214408654,-0.003148279132797225,0.11720034153623694,0.003046265660379799,0,0,1.0768253968253968e-06,8.119072214077393e-06
0,1.4535,1,0.7442,STEADY FLOW,1.0,0.3,0.3000006271844221,0.30094591257146974,0.0012000025087376884,0.001203783650285879,47.74254862397786,0.4511052773715953,0.011123503211057952,0.0,1.5650339817201706,1.561239271854714,435.2190307612023,-0.003150944702747413,0.1172005889955081,0.0030459349953280146,0,0,1.0768253968253968e-06,8.119072214077393e-06
0,1.4595,1,0.7514000000000001,STEADY FLOW,1.0,0.3,0.30000062728777477,0.3009458169048026,0.001200002509151099,0.0012037832676192104,47.736099433175546,0.45110529219533624,0.011123367074324608,0.0,1.5650339817201842,1.5612288747417156,435.21565904918526,-0.0031506254689298223,0.11720059284682896,0.003045523789216187,0,0,1.0768253968253968e-06,8.119072214077393e-06
0,1.4655,1,0.7586000000000002,STEADY FLOW,1.0,0.3,0.30000062634174374,0.30094488843417483,0.001200002505366975,0.0012037795537366994,47.730470752527395,0.4511043982448701,0.011123170699100444,0.0,1.5650339817201713,1.5612122354634093,435.20966347207,-0.0031475337366644466,0.11720036059168491,0.0030451647884572886,0,0,1.0768253968253968e-06,8.119072214077393e-06
0,1.4715,1,0.7658,STEADY FLOW,1.0,0.3,0.3000006246344034,0.30094348564030016,0.0012000024985376137,0.0012037739425612007,47.72738799996493,0.4511029468890482,0.011122984110767344,0.0,1.5650339817201817,1.5611948786850331,435.20322202579973,-0.003142863475853678,0.11719998351838143,0.003044968045349483,0,0,1.0768253968253968e-06,8.119072214077393e-06
0,1.4775,1,0.7729999999999999,STEADY FLOW,1.0,0.3,0.30000062271702255,0.30094208278719564,0.0012000024908680902,0.0012037683311487827,47.727813108053596,0.45110143260129065,0.011122864732928816,0.0,1.5650339817201795,1.5611824674818855,435.198399832318,-0.0031381937198880394,0.11719959009488144,0.0030449949244357732,0,0,1.0768253968253968e-06,8.119072214077393e-06
0,1.4835,1,0.7802,STEADY FLOW,1.0,0.3,0.30000062129987526,0.300941113612511,0.0012000024851995012,0.0012037644544500442,47.73146126087715,0.4511003271942873,0.011122845067569907,0.0,1.565033981720167,1.5611788957417052,435.1965772704105,-0.0031349678829353327,0.1171993029017175,0.0030452273536887287,0,0,1.0768253968253968e-06,8.119072214077393e-06
0,1.4895,1,0.7874000000000001,STEADY FLOW,1.0,0.3,0.3000006208092724,0.300940878466617,0.0012000024832370898,0.0012037635138664679,47.73693194519058,0.4510999756726933,0.011122930456169208,0.0,1.5650339817201806,1.5611848442850602,435.19827766950766,-0.003134185705376697,0.11719921157372837,0.003045576117161275,0,0,1.0768253968253968e-06,8.119072214077393e-06
0,1.4955,1,0.7946,STEADY FLOW,1.0,0.3,0.3000006212988676,0.3009414355190415,0.0012000024851954705,0.001203765742076166,47.742389807730376,0.4511004738195648,0.01112308984801205,0.0,1.5650339817201793,1.5611978850648653,435.2028616300405,-0.003136040905850758,0.11719934099608205,0.0030459241788225455,0,0,1.0768253968253968e-06,8.119072214077393e-06
0,1.5015,1,0.8018000000000001,STEADY FLOW,1.0,0.3,0.3000006225873809,0.300942555241158,0.0012000024903495237,0.0012037702209646318,47.74614102386653,0.4511016085062998,0.011123264659021203,0.0,1.5650339817201828,1.5612135735898507,435.2086207278521,-0.00313976899665496,0.11719963579634339,0.0030461634989242814,0,0,1.0768253968253968e-06,8.119072214077393e-06
0,1.5075,1,0.8090000000000002,STEADY FLOW,1.0,0.3,0.3000006242827313,0.3009438422915602,0.0012000024971309251,0.0012037753691662408,47.747012117121436,0.4511029753791029,0.011123398039662408,0.0,1.565033981720176,1.561226763972956,435.2136199712487,-0.003144053486835358,0.11719999092031476,0.0030462192336717653,0,0,1.0768253968253968e-06,8.119072214077393e-06
0,1.5135,1,0.8162,STEADY FLOW,1.0,0.3,0.30000062576568215,0.3009448880462687,0.0012000025030627286,0.0012037795521850747,47.74480582024467,0.45110413734723115,0.011123452056299846,0.0,1.5650339817201782,1.5612332081469706,435.21637186387443,-0.0031475343698917106,0.11720029280849001,0.0030460787435624415,0,0,1.0768253968253968e-06,8.119072214077393e-06
0,1.5195,1,0.8234000000000001,STEADY FLOW,1.0,0.3,0.3000006265415209,0.30094536925272364,0.0012000025061660836,0.0012037814770108947,47.74043082011925,0.45110473269083906,0.011123411559218461,0.0,1.5650339817201653,1.5612311418328226,435.21608314645835,-0.0031491357937946623,0.11720044748329651,0.0030457998820767607,0,0,1.0768253968253968e-06,8.119072214077393e-06
0,1.5255,1,0.8306000000000002,STEADY FLOW,1.0,0.3,0.3000006264423653,0.30094514011882173,0.0012000025057694612,0.0012037805604752868,47.73541865438693,0.4511045783064994,0.011123291193568478,0.0,1.5650339817201657,1.561221705772904,435.21289487810907,-0.003148372347275281,0.11720040737306851,0.003045480282380053,0,0,1.0768253968253968e-06,8.119072214077393e-06
0,1.5315,1,0.8378000000000001,STEADY FLOW,1.0,0.3,0.30000062555226714,0.30094431141482986,0.0012000025022090685,0.0012037772456593196,47.73135930117689,0.45110376222002113,0.011123136006055917,0.0,1.565033981720183,1.5612082468464128,435.20801829478177,-0.0031456129827245713,0.11720019534758194,0.00304522135612606,0,0,1.0768253968253968e-06,8.119072214077393e-06
0,1.5375,1,0.845,STEADY FLOW,1.0,0.3,0.3000006241366403,0.3009431899296487,0.0012000024965465612,0.0012037727597185948,47.729519695747996,0.4511025906166306,0.011122998947433753,0.0,1.5650339817201768,1.5611952213195532,435.2031612246192,-0.0031418794401542535,0.11719989095609214,0.0030451039044261385,0,0,1.0768253968253968e-06,8.119072214077393e-06
0,1.5435,1,0.8522000000000001,STEADY FLOW,1.0,0.3,0.3000006226927473,0.30094214359576615,0.0012000024907709893,0.0012037685743830646,47.73044966308544,0.451101450619911,0.011122920896968954,0.0,1.5650339817201757,1.5611868805470634,435.1998309593501,-0.0031383964958736936,0.11719959477625631,0.0030451630242924743,0,0,1.0768253968253968e-06,8.119072214077393e-06
0,1.5495,1,0.8594000000000002,STEADY FLOW,1.0,0.3,0.3000006217314576,0.30094149750013777,0.0012000024869258303,0.001203765990000551,47.733697001918294,0.4511006988713551,0.011122923867794144,0.0,1.5650339817201835,1.5611857406987009,435.19899631473925,-0.0031362460625911563,0.11719939946625231,0.003045369958851074,0,0,1.0768253968253968e-06,8.119072214077393e-06
0,1.5555,1,0.8666000000000003,STEADY FLOW,1.0,0.3,0.3000006215121182,0.3009414534653977,0.0012000024860484729,0.0012037658138615908,47.73806914374067,0.4511005719714856,0.011123006057680195,0.0,1.565033981720167,1.5611917710122776,435.20088949778466,-0.003136100013850968,0.1171993664966991,0.0030456487111965025,0,0,1.0768253968253968e-06,8.119072214077393e-06
0,1.5615,1,0.8738000000000001,STEADY FLOW,1.0,0.3,0.3000006220412536,0.30094200170515395,0.0012000024881650144,0.001203768006820616,47.7421378095498,0.45110108642049107,0.011123136412272467,0.0,1.565033981720175,1.5612026877332805,435.204774001525,-0.0031379257066035666,0.11719950015447142,0.003045908194155844,0,0,1.0768253968253968e-06,8.119072214077393e-06
0,1.5675000000000001,1,0.8810000000000002,STEADY FLOW,1.0,0.3,0.3000006231526663,0.3009429269532542,0.0012000024926106653,0.0012037717078130167,47.74462995196499,0.451102035288966,0.011123268620024142,0.0,1.5650339817201806,1.5612148161370651,435.20923953558855,-0.0031410061442052523,0.11719974667773266,0.003046067216426751,0,0,1.0768253968253968e-06,8.119072214077393e-06
0,1.5735000000000001,1,0.8882000000000001,STEADY FLOW,1.0,0.3,0.3000006244754468,0.3009439140331324,0.0012000024979017872,0.0012037756561325296,47.744766664607575,0.45110309277110633,0.01112336131482286,0.0,1.5650339817201717,1.5612241653368772,435.2128402091954,-0.0031442919805083885,0.11720002141965191,0.003046076089473271,0,0,1.0768253968253968e-06,8.119072214077393e-06
0,1.5795000000000001,1,0.8954,STEADY FLOW,1.0,0.3,0.3000006255295151,0.3009446519232192,0.0012000025021180606,0.0012037786076928767,47.74260757889882,0.45110392343150135,0.0111233879031593,0.0,1.5650339817201673,1.5612277853188148,435.21450782603256,-0.003146748084400916,0.11720023723155311,0.003045938555229055,0,0,1.0768253968253968e-06,8.119072214077393e-06
0,1.5855000000000001,1,0.9026000000000001,STEADY FLOW,1.0,0.3,0.3000006259928257,0.3009449089584998,0.0012000025039713028,0.0012037796358339993,47.73899529041675,0.45110426484472443,0.011123340774638234,0.0,1.5650339817201693,1.5612248088265963,435.21374865448365,-0.0031476033176568437,0.11720032593331044,0.003045708283754056,0,0,1.0768253968253968e-06,8.119072214077393e-06
0,1.5915000000000001,1,0.9098000000000002,STEADY FLOW,1.0,0.3,0.30000062577723086,0.30094461613822787,0.0012000025031089234,0.0012037784645529115,47.735152322496226,0.45110402063412774,0.011123237973626892,0.0,1.5650339817201735,1.5612165353065142,435.2108847480225,-0.0031466279730296615,0.11720026248553626,0.0030454632247918223,0,0,1.0768253968253968e-06,8.119072214077393e-06
0,1.5975000000000001,1,0.9170000000000003,STEADY FLOW,1.0,0.3,0.3000006249683148,0.3009439006936235,0.0012000024998732592,0.001203775602774494,47.73229365002195,0.45110330399523413,0.011123117242005078,0.0,1.5650339817201757,1.5612058258644257,435.20698990071844,-0.0031442458675154587,0.11720007629729008,0.0030452808655332397,0,0,1.0768253968253968e-06,8.119072214077393e-06
0,1.6035000000000001,1,0.9242000000000001,STEADY FLOW,1.0,0.3,0.3000006238237387,0.3009430169578043,0.001200002495294955,0.001203772067831217,47.731321932654076,0.4511023723573305,0.011123018126523408,0.0,1.5650339817201695,1.5611962318756754,435.2033780978279,-0.0031413039148187136,0.11719983425066262,0.003045218776799974,0,0,1.0768253968253968e-06,8.119072214077393e-06
0,1.6095,1,0.9314,STEADY FLOW,1.0,0.3,0.30000062275828776,0.30094224963803595,0.0012000024910331511,0.0012037689985521438,47.73248815098303,0.4511015278486891,0.01112296986757444,0.0,1.5650339817201702,1.561190855931904,435.20115122100924,-0.003138749750219239,0.11719961484088146,0.003045293004760641,0,0,1.0768253968253968e-06,8.119072214077393e-06
0,1.6155,1,0.9386000000000001,STEADY FLOW,1.0,0.3,0.3000006221247331,0.3009418400532519,0.0012000024884989324,0.0012037673602130078,47.735287206590584,0.45110103767361825,0.011122986607566148,0.0,1.5650339817201657,1.561191233712753,435.2009735149015,-0.0031373865889100946,0.11719948748966234,0.0030454714003089745,0,0,1.0768253968253968e-06,8.119072214077393e-06
0,1.6215,1,0.9457999999999998,STEADY FLOW,1.0,0.3,0.3000006220796281,0.3009419127729409,0.0012000024883185123,0.0012037676510917637,47.73873157871554,0.4511010528984963,0.01112306135059175,0.0,1.565033981720177,1.5611969347904158,435.20285628147803,-0.0031376291381922257,0.11719949144520167,0.0030456910151683836,0,0,1.0768253968253968e-06,8.119072214077393e-06
0,1.6275,1,0.9529999999999998,STEADY FLOW,1.0,0.3,0.3000006226061831,0.3009424195055652,0.0012000024904247324,0.0012037696780222609,47.74171194488128,0.4511015429390322,0.01112316590175623,0.0,1.565033981720165,1.5612058986601953,435.20606870468964,-0.0031393164827475542,0.11719961876146759,0.0030458811037483713,0,0,1.0768253968253968e-06,8.119072214077393e-06
0,1.6335,1,0.9601999999999999,STEADY FLOW,1.0,0.3,0.30000062353993967,0.3009431705580799,0.0012000024941597586,0.0012037726822323196,47.74328459181598,0.4511023212760044,0.01112326452724546,0.0,1.5650339817201726,1.5612151197369122,435.20948389026273,-0.003141816863639692,0.11719982097934478,0.0030459814814665087,0,0,1.0768253968253968e-06,8.119072214077393e-06
0,1.6395,1,0.9674,STEADY FLOW,1.0,0.3,0.30000062454983767,0.30094391683158983,0.0012000024981993506,0.0012037756673263593,47.742975961097564,0.4511031279382304,0.011123327098736204,0.0,1.5650339817201695,1.5612215716434745,435.21202474787,-0.0031443010599315575,0.11720003055633878,0.0030459619248914827,0,0,1.0768253968253968e-06,8.119072214077393e-06
0,1.6455,1,0.9745999999999999,STEADY FLOW,1.0,0.3,0.3000006252840023,0.30094442228487667,0.0012000025011360091,0.0012037776891395066,47.7409867553521,0.45110370624660856,0.011123335202845003,0.0,1.5650339817201695,1.5612232800765358,435.2129279448076,-0.003145983445804311,0.1172001808052628,0.003045835180355949,0,0,1.0768253968253968e-06,8.119072214077393e-06
0,1.6515,1,0.9818,STEADY FLOW,1.0,0.3,0.30000062553467866,0.3009445282282077,0.0012000025021387146,0.001203778112912831,47.738055948212455,0.45110387332924606,0.01112328718239133,0.0,1.565033981720179,1.56121994883651,435.21193439479833,-0.003146335751289877,0.11720022421460537,0.003045648335511908,0,0,1.0768253968253968e-06,8.119072214077393e-06
0,1.6575,1,0.9890000000000001,STEADY FLOW,1.0,0.3,0.3000006252587985,0.3009442172516768,0.001200002501035194,0.0012037768690067072,47.735152350105245,0.45110359227284974,0.011123201672726464,0.0,1.5650339817201755,1.5612128859477163,435.2094545322231,-0.0031453000875057502,0.11720015119401164,0.0030454631681786637,0,0,1.0768253968253968e-06,8.119072214077393e-06
0,1.6635,1,0.9961999999999998,STEADY FLOW,1.0,0.3,0.3000006245468795,0.30094361488977106,0.0012000024981875179,0.0012037744595590843,47.733199400922395,0.45110298057210246,0.011123109054930214,0.0,1.5650339817201842,1.561204502309471,435.20639167917415,-0.0031432945991892334,0.11719999226949562,0.0030453385682842615,0,0,1.0768253968253968e-06,8.119072214077393e-06
0,1.6695,2,0.0034000000000000696,STEADY FLOW,1.0,0.3,0.3000006236430116,0.30094292814134516,0.0012000024945720464,0.0012037717125653806,47.73280979078133,0.451102250228785,0.01112303872455057,0.0,1.5650339817201695,1.561197578384645,435.2037470877647,-0.0031410084648851506,0.11719980252073571,0.003045313619759904,0,0,1.0768253968253968e-06,8.119072214077393e-06
0,1.6755,2,0.01059999999999972,STEADY FLOW,1.0,0.3,0.30000062287084067,0.30094237691000303,0.0012000024914833626,0.0012037695076400122,47.7340384364999,0.45110163652382695,0.011123011600104264,0.0,1.5650339817201713,1.5611943132315864,435.2023265822992,-0.0031391736128754616,0.11719964307551048,0.003045391864945346,0,0,1.0768253968253968e-06,8.119072214077393e-06
0,1.6815,2,0.017799999999999816,STEADY FLOW,1.0,0.3,0.3000006224695158,0.3009421360190685,0.0012000024898780632,0.001203768544076274,47.73639282080639,0.45110133521807366,0.011123035625905473,0.0,1.5650339817201806,1.561195570869872,435.2025587102479,-0.0031383719867060208,0.11719956479397949,0.0030455419372803494,0,0,1.0768253968253968e-06,8.119072214077393e-06
0,1.6875,2,0.02499999999999991,STEADY FLOW,1.0,0.3,0.3000006225327895,0.3009422730876664,0.001200002490131158,0.0012037690923506657,47.73906833562794,0.45110143362280775,0.011123100913917912,0.0,1.5650339817201662,1.561200719987139,435.20430918882346,-0.0031388286695104217,0.11719959036027935,0.0030457125389249384,0,0,1.0768253968253968e-06,8.119072214077393e-06
0,1.6935,2,0.032200000000000006,STEADY FLOW,1.0,0.3,0.30000062302895897,0.30094272234682606,0.0012000024921158359,0.0012037708893873043,47.74120572684688,0.45110187742984653,0.01112318341949484,0.0,1.5650339817201657,1.5612079502377254,435.20691442303547,-0.003140324537846523,0.11719970566473034,0.0030458488748108525,0,0,1.0768253968253968e-06,8.119072214077393e-06
0,1.6995,2,0.0394000000000001,STEADY FLOW,1.0,0.3,0.30000062379336273,0.3009433225271486,0.001200002495173451,0.0012037732901085945,47.742124790130866,0.45110250537869295,0.01112325591235407,0.0,1.5650339817201757,1.5612148394235426,435.2094906727369,-0.0031423225787530927,0.11719986881062633,0.0030459075630793198,0,0,1.0768253968253968e-06,8.119072214077393e-06
0,1.7055,2,0.0466000000000002,STEADY FLOW,1.0,0.3,0.30000062455031096,0.30094387765896835,0.0012000024982012439,0.0012037755106358735,47.74157295739134,0.4511031111319871,0.011123296404892232,0.0,1.5650339817201773,1.5612191486814566,435.2112359093863,-0.0031441704832158766,0.11720002618994867,0.003045872469803035,0,0,1.0768253968253968e-06,8.119072214077393e-06
0,1.7115,2,0.05380000000000029,STEADY FLOW,1.0,0.3,0.3000006250498154,0.30094421077459427,0.0012000025001992617,0.001203776843098377,47.73981272911324,0.45110350052772896,0.0111232927253576,0.0,1.5650339817201737,1.5612196101456444,435.2116176126479,-0.00314527919607575,0.11720012735793003,0.0030457602947033813,0,0,1.0768253968253968e-06,8.119072214077393e-06
0,1.7175,2,0.06099999999999994,STEADY FLOW,1.0,0.3,0.3000006251582708,0.300944219853394,0.0012000025006330833,0.001203776879413576,47.73747162360012,0.45110355293197285,0.011123247392629652,0.0,1.5650339817201724,1.561216275001745,435.21055015177586,-0.0031453090960239997,0.11720014097295199,0.0030456110345582488,0,0,1.0768253968253968e-06,8.119072214077393e-06
0,1.7235,2,0.06820000000000004,STEADY FLOW,1.0,0.3,0.3000006248596657,0.30094391849563745,0.0012000024994386629,0.00120377567398255,47.73531409699388,0.4511032684528836,0.011123177732134734,0.0,1.5650339817201817,1.5612103788326726,435.2084610259737,-0.003144305570740123,0.11720006706311654,0.003045473436285251,0,0,1.0768253968253968e-06,8.119072214077393e-06
0,1.7295,2,0.07540000000000013,STEADY FLOW,1.0,0.3,0.3000006242519802,0.30094342147807923,0.0012000024970079209,0.001203773685912317,47.734031225308996,0.45110275782125814,0.011123107641504627,0.0,1.5650339817201757,1.561203923104584,435.20608623643005,-0.003142650880976701,0.11719993439712864,0.003045391570903444,0,0,1.0768253968253968e-06,8.119072214077393e-06
0,1.7355,2,0.08260000000000023,STEADY FLOW,1.0,0.3,0.30000062355250573,0.3009428954804338,0.0012000024942100229,0.0012037715819217352,47.73401301673973,0.4511021935204394,0.011123058955533305,0.0,1.5650339817201808,1.561199038855176,435.20418545695725,-0.003140899898040276,0.11719978778747535,0.0030453903259461956,0,0,1.0768253968253968e-06,8.119072214077393e-06
0,1.7415,2,0.08979999999999988,STEADY FLOW,1.0,0.3,0.30000062300281466,0.3009425093351087,0.0012000024920112587,0.0012037700373404348,47.7351986764804,0.45110175767425326,0.01112304640820874,0.0,1.5650339817201815,1.5611972395090907,435.20334312430543,-0.003139614587684382,0.11719967455131453,0.0030454658588272565,0,0,1.0768253968253968e-06,8.119072214077393e-06
0,1.7475,2,0.09699999999999998,STEADY FLOW,1.0,0.3,0.300000622763865,0.30094238495538517,0.0012000024910554601,0.0012037695398215407,47.737140072407875,0.45110158882526746,0.011123073211445038,0.0,1.5650339817201806,1.5611989436679092,435.2038059399062,-0.003139200788464469,0.11719963068306122,0.0030455896176919683,0,0,1.0768253968253968e-06,8.119072214077393e-06
0,1.7535,2,0.10420000000000007,STEADY FLOW,1.0,0.3,0.30000062289060986,0.30094255110375673,0.0012000024915624396,0.0012037702044150268,47.73918783525252,0.4511017300098102,0.011123128566813013,0.0,1.5650339817201684,1.5612034414584368,435.20536189726477,-0.0031397541914115557,0.11719966736388142,0.0030457201988409732,0,0,1.0768253968253968e-06,8.119072214077393e-06
0,1.7595,2,0.11140000000000017,STEADY FLOW,1.0,0.3,0.300000623338348,0.3009429375579714,0.001200002493353392,0.0012037717502318857,47.74068190083178,0.4511021180611603,0.011123192743006684,0.0,1.5650339817201702,1.5612091747193109,435.2074401437787,-0.00314104087230734,0.11719976818257954,0.003045815511168337,0,0,1.0768253968253968e-06,8.119072214077393e-06
0,1.7655,2,0.11859999999999982,STEADY FLOW,1.0,0.3,0.3000006239498409,0.30094341013478215,0.0012000024957993635,0.0012037736405391287,47.74115116215494,0.451102616969343,0.011123245108789667,0.0,1.5650339817201762,1.5612142273978635,435.20935480682874,-0.0031426140803589337,0.11719989780272766,0.003045845503747424,0,0,1.0768253968253968e-06,8.119072214077393e-06
0,1.7715,2,0.1257999999999999,STEADY FLOW,1.0,0.3,0.300000624507894,0.3009438153617149,0.001200002498031576,0.0012037752614468596,47.74049142601521,0.45110306378129483,0.011123269676119147,0.0,1.5650339817201695,1.5612169836502712,435.21051022690705,-0.003143962967970497,0.11720001388787796,0.0030458035057470134,0,0,1.0768253968253968e-06,8.119072214077393e-06
0,1.7775,2,0.133,STEADY FLOW,1.0,0.3,0.30000062483756856,0.30094402362298556,0.0012000024993502744,0.0012037760944919422,47.738979072243815,0.45110331479890653,0.011123259133179034,0.0,1.565033981720178,1.5612166718023168,435.21055302510655,-0.003144656068392509,0.11720007910416651,0.0030457071143861203,0,0,1.0768253968253968e-06,8.119072214077393e-06
0,1.7835,2,0.1402000000000001,STEADY FLOW,1.0,0.3,0.30000062485310586,0.3009439746578384,0.0012000024994124235,0.0012037758986313536,47.737136707361834,0.4511032957518791,0.011123218419765515,0.0,1.5650339817201737,1.5612135418828337,435.2095126011237,-0.0031444927996214203,0.11720007415560361,0.0030455896450769515,0,0,1.0768253968253968e-06,8.119072214077393e-06
0,1.7895,2,0.14739999999999975,STEADY FLOW,1.0,0.3,0.30000062455751714,0.30094369840954405,0.0012000024982300687,0.0012037747936381761,47.73556415625231,0.4511030275345835,0.011123162641511825,0.0,1.5650339817201735,1.5612087161711345,435.20779030955254,-0.0031435729622827304,0.1172000044707061,0.003045489345727903,0,0,1.0768253968253968e-06,8.119072214077393e-06
0,1.7955,2,0.1546000000000003,STEADY FLOW,1.0,0.3,0.30000062405287325,0.30094329536987013,0.001200002496211493,0.0012037731814794805,47.734765405787655,0.4511026091710573,0.011123110354984164,0.0,1.5650339817201653,1.5612038274403472,435.20597435880325,-0.003142231186928262,0.1171998957766736,0.0030454383584521683,0,0,1.0768253968253968e-06,8.119072214077393e-06
0,1.8015,2,0.16179999999999994,STEADY FLOW,1.0,0.3,0.3000006235208677,0.3009428988189267,0.001200002494083471,0.001203771595275707,47.734968586410204,0.45110217988315576,0.011123077767671845,0.0,1.5650339817201686,1.5612004731667362,435.2046397179114,-0.003140911132117933,0.11719978424440512,0.0030454512493316432,0,0,1.0768253968253968e-06,8.119072214077393e-06
0,1.8075,2,0.16900000000000004,STEADY FLOW,1.0,0.3,0.30000062313730186,0.30094263658758535,0.0012000024925492075,0.0012037705463503415,47.736052819749595,0.451101878767444,0.011123074843934912,0.0,1.5650339817201757,1.561199662302639,435.2042003376339,-0.0031400383120283536,0.11719970601224836,0.0030455203361192673,0,0,1.0768253968253968e-06,8.119072214077393e-06
0,1.8135000000000001,2,0.17620000000000013,STEADY FLOW,1.0,0.3,0.3000006230103046,0.30094258964812814,0.0012000024920412185,0.0012037703585925125,47.73762623719333,0.45110179973547926,0.011123101513285926,0.0,1.5650339817201697,1.5612015274934286,435.2047699438719,-0.00313988227214848,0.11719968547914161,0.003045620644609004,0,0,1.0768253968253968e-06,8.119072214077393e-06
0,1.8195000000000001,2,0.18340000000000023,STEADY FLOW,1.0,0.3,0.30000062316928877,0.300942762265561,0.001200002492677155,0.001203771049062244,47.739168393649315,0.45110195714856355,0.011123147376080042,0.0,1.565033981720184,1.5612053533003383,435.20610896832017,-0.0031404571307858363,0.1171997263762606,0.003045718990880575,0,0,1.0768253968253968e-06,8.119072214077393e-06
0,1.8255000000000001,2,0.19060000000000032,STEADY FLOW,1.0,0.3,0.30000062355891727,0.30094308695239713,0.001200002494235669,0.0012037723478095885,47.74018051609798,0.45110228754828063,0.011123196611592934,0.0,1.5650339817201686,1.5612098246619242,435.20774244066007,-0.003141538115152492,0.1171998122166251,0.0030457835687174306,0,0,1.0768253968253968e-06,8.119072214077393e-06
0,1.8315000000000001,2,0.19779999999999998,STEADY FLOW,1.0,0.3,0.3000006240385953,0.3009434535512102,0.0012000024961543812,0.001203773814204841,47.74035180571307,0.45110267797721615,0.01112323362570917,0.0,1.5650339817201815,1.561213456605822,435.20914106125167,-0.00314275850470768,0.11719991365303804,0.0030457945475566017,0,0,1.0768253968253968e-06,8.119072214077393e-06
0,1.8375000000000001,2,0.20500000000000007,STEADY FLOW,1.0,0.3,0.3000006244433646,0.30094374291052384,0.0012000024977734584,0.0012037749716420955,47.73967057884244,0.4511030008726376,0.011123246992348759,0.0,1.5650339817201664,1.561215111119414,435.20986717435,-0.0031437216802769983,0.11719999754372937,0.003045751160013932,0,0,1.0768253968253968e-06,8.119072214077393e-06
0,1.8435000000000001,2,0.21220000000000017,STEADY FLOW,1.0,0.3,0.30000062465158706,0.30094386312488586,0.0012000024986063482,0.0012037754524995435,47.73840101099292,0.4511031530180674,0.011123233047555034,0.0,1.565033981720166,1.5612143561733374,435.20970453982574,-0.003144121697727312,0.11720003707227156,0.0030456702347496645,0,0,1.0768253968253968e-06,8.119072214077393e-06
0,1.8495000000000001,2,0.21940000000000026,STEADY FLOW,1.0,0.3,0.30000062460896504,0.3009437829218361,0.0012000024984358602,0.0012037751316873444,47.73697294281635,0.45110309282461536,0.011123197749551464,0.0,1.5650339817201793,1.5612115444454104,435.2087485536072,-0.003143854497304453,0.11720002143355397,0.0030455791755494843,0,0,1.0768253968253968e-06,8.119072214077393e-06
0,1.8555000000000001,2,0.2265999999999999,STEADY FLOW,1.0,0.3,0.30000062433343877,0.3009435391464136,0.001200002497333755,0.0012037741565856543,47.73585201668024,0.45110285128748445,0.01112315375909258,0.0,1.5650339817201782,1.5612076660512646,435.2073539933716,-0.003143042835560172,0.11719995868036656,0.0030455076738307163,0,0,1.0768253968253968e-06,8.119072214077393e-06
0,1.8615000000000002,2,0.23380000000000045,STEADY FLOW,1.0,0.3,0.30000062392407467,0.3009432174934389,0.0012000024956962986,0.0012037728699737557,47.73539374727632,0.45110251423885883,0.011123115387029953,0.0,1.5650339817201695,1.561204027188203,435.20598556970236,-0.0031419720300408156,0.11719987111256497,0.003045478406002333,0,0,1.0768253968253968e-06,8.119072214077393e-06
0,1.8675,2,0.2410000000000001,STEADY FLOW,1.0,0.3,0.3000006235257182,0.3009429237581566,0.001200002494102873,0.0012037716950326265,47.73571513071953,0.45110219316444283,0.0111230945832696,0.0,1.5650339817201708,1.5612017997811602,435.2050761761764,-0.0031409942464924218,0.11719978769498471,0.0030454988500459024,0,0,1.0768253968253968e-06,8.119072214077393e-06
0,1.8735,2,0.24819999999999975,STEADY FLOW,1.0,0.3,0.30000062326462806,0.3009427526109645,0.0012000024930585123,0.001203771010443858,47.73667045058129,0.4511019920906541,0.011123097622239128,0.0,1.5650339817201795,1.5612016308287782,435.2049070592856,-0.003140424630069355,0.117199735454482,0.0030455597320406813,0,0,1.0768253968253968e-06,8.119072214077393e-06
0,1.8795,2,0.25539999999999985,STEADY FLOW,1.0,0.3,0.30000062321332716,0.30094275471738763,0.0012000024928533087,0.0012037710188695506,47.73792529916494,0.4511019715450207,0.011123122448361864,0.0,1.565033981720167,1.5612034764362563,435.20550253061515,-0.0031404318230050625,0.11719973011656987,0.003045639736305006,0,0,1.0768253968253968e-06,8.119072214077393e-06
0,1.8855,2,0.26259999999999994,STEADY FLOW,1.0,0.3,0.30000062338268807,0.3009429201466257,0.0012000024935307522,0.001203771680586503,47.73906607943744,0.4511021285600882,0.011123159736881313,0.0,1.5650339817201677,1.5612066582789899,435.2066266496056,-0.0031409826863447146,0.11719977091028104,0.0030457124917737666,0,0,1.0768253968253968e-06,8.119072214077393e-06
0,1.8915,2,0.2697999999999996,STEADY FLOW,1.0,0.3,0.30000062371166486,0.30094318761680944,0.0012000024948466595,0.0012037727504672377,47.73972473731302,0.4511024038535914,0.011123196976228511,0.0,1.565033981720184,1.5612100888837757,435.2078923519875,-0.003141873151738812,0.11719984243363121,0.0030457545264046537,0,0,1.0768253968253968e-06,8.119072214077393e-06
0,1.8975,2,0.27700000000000014,STEADY FLOW,1.0,0.3,0.30000062408166317,0.30094346757930984,0.0012000024963266527,0.0012037738703172395,47.73970794818486,0.4511027046540893,0.01112322241798543,0.0,1.5650339817201733,1.5612126406006208,435.20889302431556,-0.0031428051209321972,0.11719992058389302,0.0030457535001569003,0,0,1.0768253968253968e-06,8.119072214077393e-06
0,1.9035,2,0.2841999999999998,STEADY FLOW,1.0,0.3,0.30000062437009184,0.30094366891421387,0.0012000024974803674,0.0012037746756568555,47.739057258886504,0.45110293256995715,0.011123228181919175,0.0,1.5650339817201742,1.5612135323560863,435.20931433981076,-0.0031434752714336544,0.11719997979817245,0.003045712045336879,0,0,1.0768253968253968e-06,8.119072214077393e-06
0,1.9095,2,0.2914000000000003,STEADY FLOW,1.0,0.3,0.3000006244925432,0.3009437289194182,0.0012000024979701728,0.0012037749156776727,47.738012191630226,0.451103015996338,0.011123213138076267,0.0,1.5650339817201817,1.5612125588994867,435.2090401604107,-0.003143674878911366,0.117200001472982,0.0030456454248803944,0,0,1.0768253968253968e-06,8.119072214077393e-06
0,1.9155,2,0.2986,STEADY FLOW,1.0,0.3,0.3000006244165726,0.300943635313657,0.0012000024976662905,0.0012037745412546278,47.736922754566805,0.4511029352138884,0.011123183337113481,0.0,1.565033981720172,1.5612101142820047,435.2081962588613,-0.0031433631143879103,0.11719998048508593,0.0030455759535401583,0,0,1.0768253968253968e-06,8.119072214077393e-06
0,1.9215,2,0.30580000000000007,STEADY FLOW,1.0,0.3,0.30000062417099393,0.3009434262310984,0.0012000024966839758,0.0012037737049243936,47.73614433077352,0.4511027247606582,0.011123149134344229,0.0,1.5650339817201684,1.5612070500988182,435.2070848589016,-0.0031426669951429404,0.11719992580773285,0.003045526292733358,0,0,1.0768253968253968e-06,8.119072214077393e-06
0,1.9275,2,0.31300000000000017,STEADY FLOW,1.0,0.3,0.30000062384538767,0.3009431735006084,0.0012000024953815508,0.0012037726940024335,47.73591832336555,0.45110245755171546,0.011123121520023463,0.0,1.5650339817201695,1.5612043905477444,435.20607043649005,-0.003141825650690912,0.11719985638481309,0.003045511843620785,0,0,1.0768253968253968e-06,8.119072214077393e-06
0,1.9335,2,0.3201999999999998,STEADY FLOW,1.0,0.3,0.3000006235516219,0.3009429601783285,0.0012000024942064875,0.001203771840713314,47.73628943350682,0.4511022218570309,0.011123109147123606,0.0,1.5650339817201835,1.5612029774195526,435.2054748766378,-0.003141115560196316,0.11719979514953777,0.0030455354712284333,0,0,1.0768253968253968e-06,8.119072214077393e-06
0,1.9395,2,0.3273999999999999,STEADY FLOW,1.0,0.3,0.3000006233798218,0.30094285444408575,0.0012000024935192872,0.001203771417776343,47.73710789851316,0.45110209346516905,0.011123115539546488,0.0,1.565033981720172,1.5612032035242338,435.2054780878494,-0.00314076368791745,0.11719976179235357,0.003045587637605651,0,0,1.0768253968253968e-06,8.119072214077393e-06
0,1.9455,2,0.3346,STEADY FLOW,1.0,0.3,0.300000623377988,0.300942885558411,0.001200002493511952,0.001203771542233644,47.738093013899864,0.45110210900631054,0.01112313765266381,0.0,1.5650339817201746,1.5612049221148823,435.2060500815438,-0.003140867408251364,0.11719976583006057,0.003045650448719517,0,0,1.0768253968253968e-06,8.119072214077393e-06
0,1.9515,2,0.3418000000000001,STEADY FLOW,1.0,0.3,0.3000006235429993,0.3009430362528059,0.001200002494171997,0.0012037721450112236,47.73892025534475,0.451102255878161,0.011123167479544924,0.0,1.5650339817201717,1.5612075163814525,435.2069749558907,-0.0031413691700928024,0.11719980398848664,0.0030457032126287586,0,0,1.0768253968253968e-06,8.119072214077393e-06
0,1.9575,2,0.34899999999999975,STEADY FLOW,1.0,0.3,0.3000006238139726,0.3009432527468872,0.0012000024952558903,0.001203773010987549,47.739325606522414,0.4511024809744687,0.011123195206527275,0.0,1.5650339817201768,1.5612101055548027,435.2079414005063,-0.003142089909450156,0.11719986247022288,0.0030457290900012257,0,0,1.0768253968253968e-06,8.119072214077393e-06
0,1.9635,2,0.3562000000000003,STEADY FLOW,1.0,0.3,0.30000062409507056,0.3009434629849489,0.0012000024963802823,0.0012037738519397956,47.739198069146575,0.45110270894304555,0.011123212062783626,0.0,1.5650339817201793,1.561211849837487,435.2086394058246,-0.0031427897615957296,0.11719992169819653,0.0030457209915002448,0,0,1.0768253968253968e-06,8.119072214077393e-06
0,1.9695,2,0.36339999999999995,STEADY FLOW,1.0,0.3,0.30000062429628116,0.30094359872469295,0.0012000024971851246,0.0012037743948987718,47.73860655140322,0.45110286540598926,0.011123212904503401,0.0,1.5650339817201657,1.5612122290664432,435.2088509983346,-0.003143241553659225,0.11719996234846174,0.003045683299070401,0,0,1.0768253968253968e-06,8.119072214077393e-06
0,1.9755,2,0.37060000000000004,STEADY FLOW,1.0,0.3,0.30000062435921215,0.30094361904376965,0.0012000024974368486,0.0012037744761750787,47.737761341500665,0.45110290256976565,0.011123198194972638,0.0,1.565033981720167,1.561211185207469,435.2085284860832,-0.0031433090733451407,0.11719997200389405,0.003045629415193929,0,0,1.0768253968253968e-06,8.119072214077393e-06
0,1.9815,2,0.37780000000000014,STEADY FLOW,1.0,0.3,0.3000006242675239,0.30094352340240815,0.0012000024970700955,0.0012037740936096325,47.73694422655569,0.4511028146456326,0.011123173562806123,0.0,1.5650339817201735,1.5612091149250882,435.2078051954673,-0.00314299057605778,0.11719994916053422,0.003045577305411662,0,0,1.0768253968253968e-06,8.119072214077393e-06
0,1.9875,2,0.3849999999999998,STEADY FLOW,1.0,0.3,0.3000006240560768,0.3009433481461374,0.0012000024962243072,0.0012037733925845495,47.736420556771144,0.4511026359395808,0.011123147349657381,0.0,1.5650339817201706,1.5612067333694333,435.2069326157787,-0.003142407096741105,0.11719990273134002,0.003045543891313951,0,0,1.0768253968253968e-06,8.119072214077393e-06
0,1.9935,2,0.3922000000000003,STEADY FLOW,1.0,0.3,0.3000006238014182,0.30094315268380695,0.0012000024952056728,0.0012037726107352279,47.736347276674856,0.4511024274572681,0.01112312794806855,0.0,1.5650339817201833,1.5612048282943778,435.2061946965964,-0.003141756408522227,0.1171998485660463,0.00304553918864503,0,0,1.0768253968253968e-06,8.119072214077393e-06
0,1.9995,2,0.3994,STEADY FLOW,1.0,0.3,0.3000006235882734,0.3009430011878466,0.0012000024943530935,0.0012037720047513864,47.736724555482574,0.45110225798626763,0.011123121431121402,0.0,1.565033981720175,1.5612039912985387,435.20582566552457,-0.0031412521357508548,0.11719980453618879,0.0030455632193904236,0,0,1.0768253968253968e-06,8.119072214077393e-06
0,2.0055,2,0.4066000000000001,STEADY FLOW,1.0,0.3,0.30000062348079404,0.30094294124151877,0.0012000024939231762,0.001203771764966075,47.737409955679304,0.451102181172199,0.011123129396473627,0.0,1.5650339817201806,1.561204440254623,435.205931194511,-0.00314105267446246,0.11719978457930838,0.0030456069086808313,0,0,1.0768253968253968e-06,8.119072214077393e-06
0,2.0115,2,0.4137999999999997,STEADY FLOW,1.0,0.3,0.3000006235093477,0.3009429876373715,0.0012000024940373908,0.0012037719505494859,47.73817105930137,0.45110221721194255,0.011123148475884038,0.0,1.565033981720172,1.5612059747143854,435.2064524078967,-0.00314120723150568,0.11719979394270844,0.0030456554400122293,0,0,1.0768253968253968e-06,8.119072214077393e-06
0,2.0175,2,0.4209999999999998,STEADY FLOW,1.0,0.3,0.30000062366100766,0.30094312007912233,0.0012000024946440307,0.0012037724803164894,47.73875761221258,0.45110234882235545,0.011123171978063283,0.0,1.5650339817201695,1.561208052113496,435.20720021768847,-0.003141648195970742,0.11719982813609671,0.003045692856343374,0,0,1.0768253968253968e-06,8.119072214077393e-06
0,2.0235,2,0.42819999999999947,STEADY FLOW,1.0,0.3,0.30000062387968846,0.3009432924291841,0.0012000024955187538,0.0012037731697167365,47.73898598881212,0.4511025297043556,0.011123192252887004,0.0,1.565033981720171,1.5612099732990183,435.20792654951794,-0.0031422219637573783,0.11719987513061889,0.0030457074437042486,0,0,1.0768253968253968e-06,8.119072214077393e-06
0,2.0295,2,0.4354,STEADY FLOW,1.0,0.3,0.3000006240901378,0.3009434474681303,0.0012000024963605511,0.0012037737898725211,47.73880057514479,0.45110269948813386,0.01112320287067684,0.0,1.5650339817201782,1.5612111245009808,435.20839825198607,-0.0031427380554689016,0.11719991924173839,0.003045695646324509,0,0,1.0768253968253968e-06,8.119072214077393e-06
0,2.0355,2,0.44259999999999966,STEADY FLOW,1.0,0.3,0.3000006242266761,0.30094353532503526,0.0012000024969067045,0.001203774141300141,47.73828145835405,0.4511028032433427,0.011123200726362189,0.0,1.5650339817201842,1.5612111727699427,435.2084710303954,-0.003143030454652193,0.1171999461981324,0.0030456625627468537,0,0,1.0768253968253968e-06,8.119072214077393e-06
0,2.0415,2,0.4498000000000002,STEADY FLOW,1.0,0.3,0.3000006242494745,0.30094353071740787,0.001200002496997898,0.0012037741228696315,47.7376092157667,0.4511028104807811,0.011123187167874655,0.0,1.5650339817201653,1.5612101520002846,435.2081406694696,-0.003143015019693018,0.11719994807847406,0.003045619702984892,0,0,1.0768253968253968e-06,8.119072214077393e-06
0,2.0475,2,0.45699999999999985,STEADY FLOW,1.0,0.3,0.3000006241541353,0.30094343988019573,0.0012000024966165412,0.0012037737595207829,47.737007423843664,0.4511027238182381,0.011123167170470755,0.0,1.565033981720179,1.5612084372661192,435.20753501194304,-0.0031427125484113257,0.11719992556288493,0.003045581321671431,0,0,1.0768253968253968e-06,8.119072214077393e-06
0,2.0535,2,0.46419999999999995,STEADY FLOW,1.0,0.3,0.3000006239769667,0.30094329585729696,0.0012000024959078668,0.0012037731834291879,47.73666939747723,0.4511025753130164,0.011123147387059787,0.0,1.5650339817201702,1.5612066157633726,435.2068601110011,-0.003142233065497341,0.11719988698009653,0.003045559748048765,0,0,1.0768253968253968e-06,8.119072214077393e-06
0,2.0595,2,0.47140000000000004,STEADY FLOW,1.0,0.3,0.30000062378078507,0.3009431471350069,0.0012000024951231403,0.0012037725885400278,47.73669177239952,0.451102415266877,0.011123134156621771,0.0,1.5650339817201844,1.5612052825221998,435.20633506654696,-0.003141737981553615,0.11719984539888977,0.003045561151508336,0,0,1.0768253968253968e-06,8.119072214077393e-06
0,2.0655,2,0.47860000000000014,STEADY FLOW,1.0,0.3,0.3000006236290248,0.3009430423203704,0.0012000024945160992,0.0012037721692814815,47.7370490610671,0.45110229625374276,0.011123131559761445,0.0,1.565033981720179,1.561204843171927,435.20612528852473,-0.003141389107614037,0.1171998144783705,0.0030455839149481356,0,0,1.0768253968253968e-06,8.119072214077393e-06
0,2.0715,2,0.4857999999999998,STEADY FLOW,1.0,0.3,0.30000062356712287,0.3009430134939521,0.0012000024942684915,0.0012037720539758083,47.73761177569028,0.4511022550929818,0.011123139941190985,0.0,1.565033981720178,1.5612053978201081,435.20628480130455,-0.003141293226740147,0.11719980378449112,0.003045619786779419,0,0,1.0768253968253968e-06,8.119072214077393e-06
0,2.0775,2,0.4930000000000003,STEADY FLOW,1.0,0.3,0.30000062361233615,0.30094306607392024,0.0012000024944493447,0.001203772264295681,47.73819022391905,0.4511023010916587,0.011123156002657134,0.0,1.5650339817201817,1.561206724974263,435.2067426095842,-0.0031414683417522312,0.11719981573529795,0.0030456566738783497,0,0,1.0768253968253968e-06,8.119072214077393e-06
0,2.0835,2,0.5002,STEADY FLOW,1.0,0.3,0.30000062374604375,0.30094317930504577,0.001200002494984175,0.001203772717220183,47.73859533840824,0.45110241533819984,0.011123174249343814,0.0,1.565033981720182,1.5612083607823457,435.20733765474944,-0.0031418453309613515,0.11719984541742001,0.003045682519790205,0,0,1.0768253968253968e-06,8.119072214077393e-06
0,2.0895,2,0.5074000000000001,STEADY FLOW,1.0,0.3,0.3000006239194847,0.3009433143043082,0.0012000024956779387,0.0012037732572172328,47.73870365056382,0.4511025582909299,0.011123188764502995,0.0,1.5650339817201842,1.56120976055702,435.2078740134924,-0.00314229474761522,0.11719988255762874,0.003045689446378841,0,0,1.0768253968253968e-06,8.119072214077393e-06
0,2.0955,2,0.5146000000000002,STEADY FLOW,1.0,0.3,0.3000006240746489,0.30094342638609317,0.0012000024962985957,0.0012037737055443727,47.73849535686157,0.45110268239240564,0.011123194962711035,0.0,1.5650339817201768,1.5612104842359265,435.2081798837112,-0.0031426678339499226,0.11719991480013793,0.003045676183492274,0,0,1.0768253968253968e-06,8.119072214077393e-06
0,2.1015,2,0.5218000000000003,STEADY FLOW,1.0,0.3,0.30000062416379925,0.300943480053985,0.001200002496655197,0.0012037739202159401,47.73805207156964,0.4511027480617735,0.01112319118293263,0.0,1.5650339817201842,1.56121033090295,435.2081653140594,-0.0031428464284494087,0.1171999318615402,0.003045647929617701,0,0,1.0768253968253968e-06,8.119072214077393e-06
0,2.1075,2,0.5290000000000004,STEADY FLOW,1.0,0.3,0.30000062416078077,0.3009434608740603,0.001200002496643123,0.0012037738434962414,47.73752605645896,0.4511027369875286,0.011123179176142726,0.0,1.5650339817201664,1.5612093882142224,435.2078514238657,-0.00314278250559337,0.11719992898436696,0.0030456143904886712,0,0,1.0768253968253968e-06,8.119072214077393e-06
0,2.1135,2,0.5362000000000005,STEADY FLOW,1.0,0.3,0.30000062406946965,0.30094337859861214,0.0012000024962778785,0.0012037735143944487,47.73709159119407,0.4511026565010271,0.011123163202268513,0.0,1.5650339817201657,1.561207995371988,435.20735409043175,-0.0031425085599961575,0.11719990807336046,0.003045586678248835,0,0,1.0768253968253968e-06,8.119072214077393e-06
0,2.1195,2,0.5433999999999997,STEADY FLOW,1.0,0.3,0.3000006239242521,0.30094326235426216,0.0012000024956970083,0.0012037730494170486,47.73688591380498,0.4511025354355707,0.011123148523302989,0.0,1.5650339817201808,1.561206624631065,435.206840177389,-0.00314212156521403,0.11719987661963226,0.003045573546964997,0,0,1.0768253968253968e-06,8.119072214077393e-06
0,2.1255,2,0.5506000000000002,STEADY FLOW,1.0,0.3,0.30000062377528436,0.300943151110725,0.0012000024951011375,0.0012037726044429001,47.736963963589645,0.4511024146022569,0.01112313984155879,0.0,1.5650339817201808,1.561205717741218,435.20647631139286,-0.003141751252312884,0.11719984522621642,0.0030455785060141682,0,0,1.0768253968253968e-06,8.119072214077393e-06
0,2.1315,2,0.5577999999999999,STEADY FLOW,1.0,0.3,0.3000006236697459,0.3009430808856876,0.0012000024946789837,0.0012037723235427504,47.73728694048855,0.4511023333416759,0.011123139747789121,0.0,1.56503398172017,1.5612055443761184,435.2063750607,-0.0031415175222409765,0.11719982411409817,0.0030455990870590366,0,0,1.0768253968253968e-06,8.119072214077393e-06
0,2.1375,2,0.565,STEADY FLOW,1.0,0.3,0.30000062363933855,0.300943072451497,0.0012000024945573542,0.0012037722898059879,47.73774066310463,0.451102316065801,0.01112314783755967,0.0,1.5650339817201702,1.5612061276487268,435.2065564411744,-0.0031414895100065794,0.1171998196256942,0.0030456280130159996,0,0,1.0768253968253968e-06,8.119072214077393e-06
0,2.1435,2,0.5722,STEADY FLOW,1.0,0.3,0.30000062369166847,0.3009431254281139,0.001200002494766674,0.0012037725017124557,47.73817283423524,0.45110236513635743,0.011123161086679318,0.0,1.5650339817201806,1.561207246450486,435.2069475336214,-0.003141665923381981,0.11719983237459873,0.003045655574371642,0,0,1.0768253968253968e-06,8.119072214077393e-06
0,2.1495,2,0.5794000000000001,STEADY FLOW,1.0,0.3,0.30000062380591974,0.3009432200495329,0.001200002495223679,0.0012037728801981315,47.738443703523316,0.4511024618181202,0.011123175037881194,0.0,1.5650339817201842,1.5612085140137069,435.2074137239764,-0.0031419809454229283,0.11719985749325754,0.0030456728585950277,0,0,1.0768253968253968e-06,8.119072214077393e-06
0,2.1555,2,0.5865999999999998,STEADY FLOW,1.0,0.3,0.30000062394137406,0.3009433240936149,0.0012000024957654963,0.0012037732963744597,47.73847349965162,0.45110257296636075,0.011123185171481541,0.0,1.5650339817201842,1.561209513272765,435.20780203855253,-0.00314232730537611,0.11719988637041752,0.0030456747743645707,0,0,1.0768253968253968e-06,8.119072214077393e-06
0,2.1615,2,0.5938000000000003,STEADY FLOW,1.0,0.3,0.30000062405381683,0.30094340332350067,0.0012000024962152674,0.0012037736132940026,47.73826456420854,0.4511026618203137,0.011123188331167261,0.0,1.5650339817201806,1.5612099352970208,435.20798913584275,-0.0031425910284595873,0.11719990945535168,0.0030456614655229863,0,0,1.0768253968253968e-06,8.119072214077393e-06
0,2.1675,2,0.601,STEADY FLOW,1.0,0.3,0.3000006241087905,0.3009434331736067,0.0012000024964351622,0.0012037737326944268,47.73789455056329,0.45110270057968005,0.011123183822955539,0.0,1.5650339817201706,1.5612096705759613,435.2079235151816,-0.0031426903447851263,0.11719991952533045,0.0030456378796521744,0,0,1.0768253968253968e-06,8.119072214077393e-06
0,2.1735,2,0.6082000000000005,STEADY FLOW,1.0,0.3,0.300000624090373,0.30094340649453344,0.001200002496361492,0.0012037736259781337,47.737489585940686,0.4511026792565822,0.011123173501086048,0.0,1.5650339817201822,1.5612088342912727,435.2076393377244,-0.003142601476310362,0.1171999139854271,0.0030456120569402056,0,0,1.0768253968253968e-06,8.119072214077393e-06
0,2.1795,2,0.6154000000000002,STEADY FLOW,1.0,0.3,0.30000062400744976,0.30094333449679056,0.001200002496029799,0.0012037733379871623,47.737182904239354,0.45110260750414904,0.011123160937364112,0.0,1.5650339817201733,1.5612077226769856,435.2072380242596,-0.003142361761612107,0.11719989534359813,0.0030455924930710143,0,0,1.0768253968253968e-06,8.119072214077393e-06
0,2.1855,2,0.6226000000000003,STEADY FLOW,1.0,0.3,0.30000062389059334,0.30094324225257246,0.0012000024955623734,0.0012037729690102898,47.73706929491536,0.45110251053925476,0.011123150252328535,0.0,1.5650339817201664,1.5612067084950856,435.20685318171275,-0.0031420546722692563,0.11719987015137964,0.0030455852354798196,0,0,1.0768253968253968e-06,8.119072214077393e-06
0,2.1915,2,0.6298000000000004,STEADY FLOW,1.0,0.3,0.3000006237791364,0.30094316053999665,0.0012000024951165456,0.0012037726421599865,47.73717573494876,0.45110242088448765,0.01112314484965244,0.0,1.5650339817201706,1.5612061140536142,435.20660909810255,-0.003141782670272552,0.11719984685838784,0.0030455920091927435,0,0,1.0768253968253968e-06,8.119072214077393e-06
0,2.1975000000000002,2,0.6370000000000005,STEADY FLOW,1.0,0.3,0.30000062370798286,0.3009431154458874,0.0012000024948319314,0.0012037724617835496,47.73745793066299,0.4511023673479077,0.011123146251353605,0.0,1.565033981720167,1.5612061111544444,435.2065790262977,-0.00314163259481081,0.11719983294917638,0.0030456099939197845,0,0,1.0768253968253968e-06,8.119072214077393e-06
0,2.2035,2,0.6441999999999997,STEADY FLOW,1.0,0.3,0.300000623698538,0.3009431197242585,0.0012000024947941522,0.001203772478897034,47.73781759991174,0.4511023654333343,0.011123153652678042,0.0,1.565033981720167,1.561206674826343,435.20676189232285,-0.003141646887599751,0.11719983245175562,0.0030456329253831793,0,0,1.0768253968253968e-06,8.119072214077393e-06
0,2.2095000000000002,2,0.6514000000000002,STEADY FLOW,1.0,0.3,0.3000006237517122,0.30094316962307616,0.0012000024950068488,0.0012037726784923047,47.73813467081185,0.45110241327555933,0.011123164388888943,0.0,1.5650339817201768,1.5612075978016033,435.2070885372993,-0.003141813038842229,0.1171998448815303,0.0030456531481175553,0,0,1.0768253968253968e-06,8.119072214077393e-06
0,2.2155,2,0.6585999999999999,STEADY FLOW,1.0,0.3,0.30000062384697274,0.3009432471306347,0.001200002495387891,0.0012037729885225389,47.738308130584805,0.45110249334102187,0.011123174882988187,0.0,1.565033981720167,1.5612085645865463,435.20744809576615,-0.0031420710783014645,0.11719986568314764,0.003045664219252231,0,0,1.0768253968253968e-06,8.119072214077393e-06
0,2.2215000000000003,2,0.6658,STEADY FLOW,1.0,0.3,0.3000006239512345,0.30094332601105467,0.001200002495804938,0.0012037733040442186,47.73828911909517,0.4511025783663726,0.011123181743173,0.0,1.565033981720184,1.5612092610166932,435.2077229281274,-0.003142333663857399,0.11719988777338175,0.003045663019263678,0,0,1.0768253968253968e-06,8.119072214077393e-06
0,2.2275,2,0.673,STEADY FLOW,1.0,0.3,0.30000062403104555,0.30094338055533315,0.0012000024961241822,0.0012037735222213326,47.73809286733146,0.45110264048960064,0.011123182888429827,0.0,1.5650339817201717,1.5612094756420698,435.2078271349637,-0.003142515210868536,0.11719990391346984,0.003045650515367093,0,0,1.0768253968253968e-06,8.119072214077393e-06
0,2.2335000000000003,2,0.6802000000000001,STEADY FLOW,1.0,0.3,0.30000062406191697,0.3009433942901857,0.0012000024962476679,0.0012037735771607428,47.73779011210024,0.4511026607197151,0.011123178234685942,0.0,1.5650339817201806,1.561209160741183,435.207735289835,-0.0031425608903870032,0.11719990916940774,0.0030456312151982967,0,0,1.0768253968253968e-06,8.119072214077393e-06
0,2.2395,2,0.6873999999999998,STEADY FLOW,1.0,0.3,0.3000006240354532,0.3009433647946445,0.0012000024961418129,0.001203773459178578,47.737483420756995,0.4511026345954206,0.011123169568414306,0.0,1.5650339817201684,1.5612084412308387,435.20748675220926,-0.003142462660610693,0.11719990238211697,0.003045611657424674,0,0,1.0768253968253968e-06,8.119072214077393e-06
0,2.2455000000000003,2,0.6946000000000003,STEADY FLOW,1.0,0.3,0.3000006239629307,0.3009433034765495,0.0012000024958517229,0.001203773213906198,47.73727263617102,0.45110257258089265,0.011123159838982554,0.0,1.5650339817201786,1.5612075685169569,435.2071681936675,-0.00314225850988655,0.11719988627026996,0.003045598209155065,0,0,1.0768253968253968e-06,8.119072214077393e-06
0,2.2515,2,0.7018,STEADY FLOW,1.0,0.3,0.30000062387040194,0.30094323146807256,0.0012000024954816077,0.0012037729258722902,47.73722122305484,0.45110249621052667,0.011123152229420544,0.0,1.565033981720176,1.5612068318606176,435.2068851876657,-0.003142018791526977,0.11719986642866685,0.003045594920156214,0,0,1.0768253968253968e-06,8.119072214077393e-06
0,2.2575,2,0.7090000000000001,STEADY FLOW,1.0,0.3,0.3000006237883524,0.3009431726277197,0.0012000024951534097,0.0012037726905108788,47.73733800427372,0.4511024309188603,0.011123149131673862,0.0,1.5650339817201708,1.5612064620695212,435.2067283280544,-0.003141822931782451,0.11719984946539434,0.0030456023566833856,0,0,1.0768253968253968e-06,8.119072214077393e-06
0,2.2635,2,0.7162000000000002,STEADY FLOW,1.0,0.3,0.3000006237423868,0.3009431454074722,0.0012000024949695473,0.0012037725816298889,47.73757801781359,0.4511023973426762,0.01112315133388845,0.0,1.565033981720178,1.5612065616375856,435.20674260064607,-0.003141732351512528,0.11719984074204584,0.0030456176547088987,0,0,1.0768253968253968e-06,8.119072214077393e-06
0,2.2695,2,0.7233999999999998,STEADY FLOW,1.0,0.3,0.30000062374615455,0.30094315702250896,0.0012000024949846183,0.0012037726280900358,47.737858492650254,0.4511024047415173,0.011123157857255756,0.0,1.5650339817201828,1.5612070778936444,435.20691480422636,-0.0031417710556226417,0.11719984266432114,0.003045635538259761,0,0,1.0768253968253968e-06,8.119072214077393e-06
0,2.2755,2,0.7306000000000004,STEADY FLOW,1.0,0.3,0.30000062379636094,0.3009432019512736,0.0012000024951854438,0.0012037728078050944,47.73808653150696,0.4511024488524132,0.011123166414513247,0.0,1.5650339817201782,1.5612078250199568,435.20718235729197,-0.003141920649979955,0.11719985412466803,0.0030456500840023715,0,0,1.0768253968253968e-06,8.119072214077393e-06
0,2.2815,2,0.7378,STEADY FLOW,1.0,0.3,0.300000623874206,0.3009432642984997,0.001200002495496824,0.0012037730571939989,47.73819079433101,0.45110251389451345,0.011123174169476245,0.0,1.565033981720183,1.5612085505817268,435.20745521754327,-0.003142128213336613,0.11719987102310139,0.0030456567410259705,0,0,1.0768253968253968e-06,8.119072214077393e-06
0,2.2875,2,0.7450000000000001,STEADY FLOW,1.0,0.3,0.3000006239532956,0.3009433230933752,0.0012000024958131823,0.0012037732923735008,47.73814375592932,0.4511025778697369,0.01112317863252156,0.0,1.5650339817201686,1.5612090217292098,435.207644580218,-0.003142323931387444,0.11719988764435203,0.0030456537510337167,0,0,1.0768253968253968e-06,8.119072214077393e-06
0,2.2935,2,0.7522000000000002,STEADY FLOW,1.0,0.3,0.30000062400849103,0.3009433594190376,0.0012000024960339643,0.0012037734376761505,47.737967408332516,0.4511026200697935,0.011123178504206188,0.0,1.5650339817201842,1.561209098448755,435.20769267893775,-0.003142444832114445,0.11719989860824832,0.0030456425134213205,0,0,1.0768253968253968e-06,8.119072214077393e-06
0,2.2995,2,0.7594000000000003,STEADY FLOW,1.0,0.3,0.3000006240228832,0.3009433626511224,0.0012000024960915328,0.0012037734506044897,47.7377241352096,0.45110262794178196,0.011123174058484744,0.0,1.565033981720167,1.5612087733436653,435.2075910054712,-0.003142455557583532,0.11719990065345091,0.003045627003960716,0,0,1.0768253968253968e-06,8.119072214077393e-06
0,2.3055,2,0.7665999999999995,STEADY FLOW,1.0,0.3,0.30000062399333705,0.3009433333140304,0.0012000024959733483,0.0012037733332561217,47.737495781717826,0.45110260057383356,0.011123166926754552,0.0,1.5650339817201842,1.5612081694360704,435.2073793954351,-0.0031423578662765485,0.11719989354304935,0.0030456124406152973,0,0,1.0768253968253968e-06,8.119072214077393e-06
0,2.3115,2,0.7738,STEADY FLOW,1.0,0.3,0.3000006239316884,0.3009432822634891,0.0012000024957267536,0.0012037731290539563,47.7373556920227,0.45110254830580276,0.011123159511745721,0.0,1.56503398172017,1.5612074950274986,435.20713054604244,-0.0031421879043003736,0.11719987996341662,0.0030456035011574567,0,0,1.0768253968253968e-06,8.119072214077393e-06
0,2.3175,2,0.7809999999999997,STEADY FLOW,1.0,0.3,0.30000062385951,0.30094322695285186,0.00120000249543804,0.0012037729078114075,47.737344730247095,0.4511024891247929,0.011123154229758531,0.0,1.5650339817201755,1.5612069710440935,435.20692656861195,-0.0031420037772430195,0.11719986458773922,0.0030456027937946217,0,0,1.0768253968253968e-06,8.119072214077393e-06
0,2.3235,2,0.7882000000000002,STEADY FLOW,1.0,0.3,0.30000062380023296,0.3009431855308514,0.0012000024952009318,0.0012037727421234058,47.737460401195,0.4511024425532764,0.011123152705346058,0.0,1.5650339817201762,1.5612067592208936,435.20683182057985,-0.003141865902405789,0.11719985248810431,0.003045610162165646,0,0,1.0768253968253968e-06,8.119072214077393e-06
0,2.3295,2,0.7953999999999999,STEADY FLOW,1.0,0.3,0.30000062377234527,0.30094317071688786,0.001200002495089381,0.0012037726828675514,47.73765997820802,0.45110242303422204,0.011123155244818444,0.0,1.5650339817201673,1.561206913969788,435.2068716425221,-0.003141816615881046,0.11719984741690521,0.003045622884005006,0,0,1.0768253968253968e-06,8.119072214077393e-06
0,2.3355,2,0.8026,STEADY FLOW,1.0,0.3,0.3000006237837768,0.30094318599948044,0.001200002495135107,0.0012037727439979217,47.73787519524044,0.4511024355508038,0.011123160833413581,0.0,1.5650339817201684,1.561207369083346,435.207026645646,-0.0031418675195254916,0.11719985066880857,0.003045636607625246,0,0,1.0768253968253968e-06,8.119072214077393e-06
0,2.3415,2,0.8098000000000001,STEADY FLOW,1.0,0.3,0.30000062382895926,0.30094322512492894,0.001200002495315837,0.0012037729004997157,47.738035509554216,0.45110247465295367,0.011123167545576225,0.0,1.5650339817201737,1.5612079635519893,435.2072419508268,-0.0031419977863349053,0.11719986082784509,0.003045646834661353,0,0,1.0768253968253968e-06,8.119072214077393e-06
0,2.3475,2,0.8170000000000002,STEADY FLOW,1.0,0.3,0.3000006238914806,0.3009432744331279,0.0012000024955659224,0.0012037730977325117,47.738091804278795,0.4511025265675051,0.011123173165364852,0.0,1.565033981720167,1.561208498844998,435.2074455194401,-0.0031421619375976207,0.11719987431564122,0.003045650431376501,0,0,1.0768253968253968e-06,8.119072214077393e-06
0,2.3535,2,0.8241999999999998,STEADY FLOW,1.0,0.3,0.30000062395054816,0.3009433174711205,0.0012000024958021926,0.0012037732698844822,47.73803091265499,0.45110257387952674,0.011123175911036185,0.0,1.565033981720175,1.561208805301654,435.2075716969966,-0.0031423051997643147,0.11719988660766499,0.0030456465557500145,0,0,1.0768253968253968e-06,8.119072214077393e-06
0,2.3595,2,0.8314000000000004,STEADY FLOW,1.0,0.3,0.30000062398745514,0.30094334060428335,0.0012000024959498206,0.0012037733624171334,47.737877595260656,0.45110260149493986,0.011123175031576591,0.0,1.5650339817201686,1.5612087944714381,435.20758325252706,-0.0031423821867372272,0.11719989378235977,0.0030456367844657883,0,0,1.0768253968253968e-06,8.119072214077393e-06
0,2.3655,2,0.8386,STEADY FLOW,1.0,0.3,0.3000006239910392,0.3009433373441343,0.0012000024959641568,0.0012037733493765372,47.7376853993802,0.4511026014707195,0.011123170990057916,0.0,1.5650339817201775,1.5612084838398415,435.20748210954974,-0.0031423713076119603,0.11719989377606714,0.003045624530437996,0,0,1.0768253968253968e-06,8.119072214077393e-06
0,2.3715,2,0.8458000000000001,STEADY FLOW,1.0,0.3,0.3000006239615759,0.30094330994167506,0.0012000024958463036,0.0012037732397667002,47.737518426470324,0.45110257507253704,0.011123165225859497,0.0,1.5650339817201664,1.5612079874676597,435.20730591238566,-0.0031422800647904867,0.11719988691761817,0.0030456138807148925,0,0,1.0768253968253968e-06,8.119072214077393e-06
0,2.3775,2,0.8530000000000002,STEADY FLOW,1.0,0.3,0.3000006239103458,0.3009432682752268,0.0012000024956413833,0.0012037730731009073,47.73742947465216,0.45110253195318306,0.01112315966880701,0.0,1.5650339817201808,1.5612074744434354,435.20711460937946,-0.003142141348221705,0.1171998757148814,0.003045608203076533,0,0,1.0768253968253968e-06,8.119072214077393e-06
0,2.3835,2,0.8602000000000003,STEADY FLOW,1.0,0.3,0.3000006238548633,0.30094322647704563,0.0012000024954194532,0.0012037729059081825,47.73744343611128,0.45110248682459847,0.011123156116224739,0.0,1.5650339817201726,1.5612071109058412,435.2069709262672,-0.0031420022067632472,0.11719986399013119,0.0030456090868087315,0,0,1.0768253968253968e-06,8.119072214077393e-06
0,2.3895,2,0.8673999999999995,STEADY FLOW,1.0,0.3,0.3000006238129921,0.3009431980978353,0.0012000024952519683,0.0012037727923913412,47.7375511815383,0.4511024544014132,0.011123155627562314,0.0,1.5650339817201793,1.5612070071575228,435.20691929840365,-0.003141907749601051,0.11719985556634056,0.0030456159518434944,0,0,1.0768253968253968e-06,8.119072214077393e-06
0,2.3955,2,0.8746,STEADY FLOW,1.0,0.3,0.3000006237977427,0.3009431916421738,0.0012000024951909708,0.0012037727665686953,47.73771388540275,0.4511024445262886,0.011123158208123563,0.0,1.5650339817201724,1.561207185197579,435.2069718703714,-0.0031418862817651624,0.11719985300070793,0.0030456263240987713,0,0,1.0768253968253968e-06,8.119072214077393e-06
0,2.4015,2,0.8817999999999997,STEADY FLOW,1.0,0.3,0.30000062381300474,0.30094320816622055,0.001200002495252019,0.0012037728326648822,47.73787636315704,0.4511024593279384,0.011123162886178893,0.0,1.5650339817201708,1.5612075748183412,435.20710684407464,-0.003141941310773214,0.11719985684628934,0.003045636685524711,0,0,1.0768253968253968e-06,8.119072214077393e-06
0,2.4075,2,0.8890000000000002,STEADY FLOW,1.0,0.3,0.3000006238522906,0.30094324134399825,0.0012000024954091624,0.001203772965375993,47.73798601716992,0.4511024929603422,0.01112316806767717,0.0,1.5650339817201793,1.5612080402473467,435.20727723406145,-0.0031420517717716027,0.11719986558424418,0.0030456436817440924,0,0,1.0768253968253968e-06,8.119072214077393e-06
0,2.4135,2,0.8961999999999999,STEADY FLOW,1.0,0.3,0.3000006239017217,0.3009432797110971,0.0012000024956068868,0.0012037731188443883,47.73801004732232,0.45110253371546644,0.011123172050978824,0.0,1.565033981720173,1.561208427800425,435.2074263537765,-0.003142179496547278,0.11719987617273604,0.0030456452196920836,0,0,1.0768253968253968e-06,8.119072214077393e-06
0,2.4195,2,0.9034,STEADY FLOW,1.0,0.3,0.300000623945074,0.3009433105915093,0.0012000024957802959,0.0012037732423660372,47.737944664235044,0.451102568056314,0.011123173596193156,0.0,1.565033981720175,1.5612086162147918,435.20750673874204,-0.003142282286079185,0.11719988509474993,0.003045641055867243,0,0,1.0768253968253968e-06,8.119072214077393e-06
0,2.4255,2,0.9106000000000001,STEADY FLOW,1.0,0.3,0.3000006239686473,0.300943324371229,0.0012000024958745891,0.001203773297484916,47.737814837166255,0.45110258520146596,0.011123172323963103,0.0,1.5650339817201668,1.5612085535786266,435.20749573328294,-0.0031423281395582337,0.11719988954919111,0.0030456327808034978,0,0,1.0768253968253968e-06,8.119072214077393e-06
0,2.4315,2,0.9178000000000002,STEADY FLOW,1.0,0.3,0.3000006239655399,0.3009433174238286,0.0012000024958621596,0.0012037732696953145,47.73766543590375,0.45110258044461643,0.011123168778082622,0.0,1.5650339817201664,1.5612082713170716,435.20740125992495,-0.0031423049919957168,0.11719988831332534,0.003045623254574359,0,0,1.0768253968253968e-06,8.119072214077393e-06
0,2.4375,2,0.9249999999999998,STEADY FLOW,1.0,0.3,0.3000006239380285,0.3009432929057111,0.001200002495752114,0.0012037731716228444,47.73754577187371,0.45110255628886436,0.011123164197071527,0.0,1.56503398172017,1.5612078707887735,435.2072573854047,-0.003142223357099632,0.11719988203747687,0.0030456156215017405,0,0,1.0768253968253968e-06,8.119072214077393e-06
0,2.4435000000000002,2,0.9322000000000004,STEADY FLOW,1.0,0.3,0.3000006238962586,0.30094325950405915,0.0012000024955850343,0.0012037730380162366,47.73749303669251,0.45110252138531554,0.011123160106522815,0.0,1.565033981720172,1.5612074868160966,435.2071127083143,-0.003142112158161829,0.11719987296926887,0.003045612254185759,0,0,1.0768253968253968e-06,8.119072214077393e-06
0,2.4495,2,0.9394,STEADY FLOW,1.0,0.3,0.3000006238542566,0.3009432284466348,0.0012000024954170263,0.0012037729137865391,47.737521067479435,0.4511024875320688,0.01112315781397064,0.0,1.5650339817201744,1.5612072423517533,435.20701423127605,-0.003142008774075522,0.11719986417393737,0.0030456140365620055,0,0,1.0768253968253968e-06,8.119072214077393e-06
0,2.4555000000000002,2,0.9466000000000006,STEADY FLOW,1.0,0.3,0.30000062382548964,0.30094320966477733,0.0012000024953019587,0.0012037728386591093,47.737617272741595,0.45110246562396816,0.011123157974659488,0.0,1.5650339817201828,1.5612072099493306,435.2069916378483,-0.0031419462642049687,0.11719985848204585,0.003045620167295482,0,0,1.0768253968253968e-06,8.119072214077393e-06
0,2.4615,2,0.9538000000000002,STEADY FLOW,1.0,0.3,0.3000006238187872,0.30094320862263146,0.001200002495275149,0.0012037728344905258,47.73774756464419,0.4511024621482712,0.011123160417585124,0.0,1.5650339817201842,1.5612073906610273,435.20704853191506,-0.0031419428128042753,0.11719985757903327,0.0030456284739559525,0,0,1.0768253968253968e-06,8.119072214077393e-06
0,2.4675000000000002,2,0.9610000000000003,STEADY FLOW,1.0,0.3,0.3000006238353445,0.300943224853507,0.0012000024953413779,0.001203772899414028,47.73786817046662,0.45110247739108883,0.01112316425572282,0.0,1.5650339817201835,1.5612077163579445,435.2071630184402,-0.003141996860246106,0.1171998615392335,0.003045636165780685,0,0,1.0768253968253968e-06,8.119072214077393e-06
0,2.4735,2,0.9682000000000004,STEADY FLOW,1.0,0.3,0.3000006238686127,0.3009432523668285,0.0012000024954744509,0.001203773009467314,47.737940582173806,0.4511025056166693,0.011123168191148896,0.0,1.5650339817201757,1.5612080750883093,435.20729569669163,-0.0031420884598848554,0.1171998688724544,0.003045640786694559,0,0,1.0768253968253968e-06,8.119072214077393e-06
0,2.4795000000000003,2,0.9754000000000005,STEADY FLOW,1.0,0.3,0.3000006239071083,0.3009432817472886,0.0012000024956284332,0.0012037731269891544,47.73794376471313,0.45110253710290527,0.011123170941778785,0.0,1.5650339817201724,1.5612083496796154,435.2074027430349,-0.003142186265826603,0.11719987705281845,0.0030456409940975426,0,0,1.0768253968253968e-06,8.119072214077393e-06
0,2.4855,2,0.9826000000000001,STEADY FLOW,1.0,0.3,0.3000006239382945,0.300943303398517,0.001200002495753178,0.001203773213594068,47.73787979798837,0.4511025615083586,0.011123171671928299,0.0,1.5650339817201742,1.5612084554404335,435.20745065858557,-0.0031422583321571167,0.11719988339354123,0.00304563691917914,0,0,1.0768253968253968e-06,8.119072214077393e-06
0,2.4915000000000003,2,0.9898000000000007,STEADY FLOW,1.0,0.3,0.3000006239523662,0.300943310709259,0.0012000024958094648,0.001203773242837036,47.73777227076438,0.45110257130315384,0.011123170244980716,0.0,1.5650339817201795,1.561208365725812,435.20742685264173,-0.0031422826541935896,0.11719988593830367,0.0030456300648589174,0,0,1.0768253968253968e-06,8.119072214077393e-06
0,2.4975,2,0.9969999999999999,STEADY FLOW,1.0,0.3,0.3000006239454689,0.3009433019864629,0.0012000024957818755,0.0012037732079458517,47.737657971901754,0.45110256400617504,0.011123167218733774,0.0,1.5650339817201817,1.5612081183579372,435.2073423075207,-0.003142253601330398,0.117199884042493,0.003045622776311152,0,0,1.0768253968253968e-06,8.119072214077393e-06
0,2.5035000000000003,3,0.0041999999999999815,STEADY FLOW,1.0,0.3,0.3000006239208815,0.3009432807457406,0.001200002495683526,0.0012037731229829626,47.737574187457355,0.4511025427201587,0.011123163636790806,0.0,1.5650339817201822,1.561207800569593,435.20722689795264,-0.0031421828812853653,0.11719987851222372,0.003045617431281844,0,0,1.0768253968253968e-06,8.119072214077393e-06
0,2.5095,3,0.011400000000000077,STEADY FLOW,1.0,0.3,0.3000006238873968,0.3009432544138508,0.0012000024955495872,0.0012037730176554032,47.73754646658879,0.4511025149522992,0.011123160684457218,0.0,1.56503398172017,1.5612075181359895,435.20711933597545,-0.003142095220468057,0.1171998712979222,0.0030456156598765993,0,0,1.0768253968253968e-06,8.119072214077393e-06
0,2.5155,3,0.018599999999999728,STEADY FLOW,1.0,0.3,0.3000006238561198,0.30094323175240845,0.0012000024954244794,0.0012037729270096339,47.73758117607597,0.45110248999227504,0.0111231592905378,0.0,1.5650339817201684,1.561207360464456,435.2070541435656,-0.003142019787067886,0.11719986481311771,0.003045617869332773,0,0,1.0768253968253968e-06,8.119072214077393e-06
0,2.5215,3,0.025799999999999823,STEADY FLOW,1.0,0.3,0.3000006238370459,0.3009432199006969,0.0012000024953481836,0.0012037728796027876,47.73766438259631,0.45110247576142765,0.011123159829230284,0.0,1.5650339817201713,1.5612073728701807,435.207050338912,-0.003141980345224255,0.1171998611158351,0.0030456231723807736,0,0,1.0768253968253968e-06,8.119072214077393e-06
0,2.5275,3,0.03299999999999992,STEADY FLOW,1.0,0.3,0.30000062383588005,0.3009432221698777,0.0012000024953435203,0.0012037728886795107,47.73776699577424,0.4511024763413854,0.01112316203636927,0.0,1.565033981720167,1.5612075437199378,435.20710624935884,-0.003141987913042801,0.11719986126651254,0.0030456297148937495,0,0,1.0768253968253968e-06,8.119072214077393e-06
0,2.5335,3,0.040200000000000014,STEADY FLOW,1.0,0.3,0.30000062385214565,0.30094323720228977,0.0012000024954085826,0.0012037729488091592,47.7378549042531,0.4511024908883238,0.011123165128839175,0.0,1.5650339817201815,1.5612078105085088,435.2072012387168,-0.0031420379665898918,0.117199865045918,0.003045635321894169,0,0,1.0768253968253968e-06,8.119072214077393e-06
0,2.5395,3,0.04740000000000011,STEADY FLOW,1.0,0.3,0.30000062387971693,0.3009432595776299,0.0012000024955188678,0.0012037730383105197,47.73790045020651,0.4511025140850952,0.011123168067825161,0.0,1.5650339817201828,1.5612080826745867,435.2073029051186,-0.003142112458708996,0.11719987107261597,0.003045638229153269,0,0,1.0768253968253968e-06,8.119072214077393e-06
0,2.5455,3,0.054600000000000204,STEADY FLOW,1.0,0.3,0.30000062390924265,0.3009432817154857,0.0012000024956369706,0.0012037731268619428,47.73789093049677,0.4511025380261942,0.01112316990651251,0.0,1.5650339817201817,1.561208272248198,435.20737798043007,-0.003142186152680158,0.11719987729269597,0.003045637625606945,0,0,1.0768253968253968e-06,8.119072214077393e-06
0,2.5515,3,0.061799999999999855,STEADY FLOW,1.0,0.3,0.30000062393115184,0.30094329647482165,0.0012000024957246073,0.0012037731858992866,47.73783184790951,0.4511025549426863,0.011123170103328778,0.0,1.5650339817201682,1.5612083217867985,435.20740344957284,-0.0031422352771044815,0.11719988168772955,0.0030456338610334033,0,0,1.0768253968253968e-06,8.119072214077393e-06
0,2.5575,3,0.0690000000000004,STEADY FLOW,1.0,0.3,0.3000006239386375,0.30094329944883136,0.0012000024957545502,0.0012037731977953255,47.73774449845646,0.45110255971594326,0.011123168673383275,0.0,1.565033981720175,1.5612082215406466,435.20737347499244,-0.0031422451654188575,0.11719988292785809,0.0030456282924820055,0,0,1.0768253968253968e-06,8.119072214077393e-06
0,2.5635,3,0.07620000000000005,STEADY FLOW,1.0,0.3,0.300000623929925,0.30094329020996635,0.0012000024957197,0.0012037731608398655,47.73765845625647,0.45110255135448957,0.011123166149120999,0.0,1.5650339817201768,1.5612080107476476,435.20730019993323,-0.003142214398399368,0.11719988075548868,0.0030456228053690193,0,0,1.0768253968253968e-06,8.119072214077393e-06
0,2.5695,3,0.08340000000000014,STEADY FLOW,1.0,0.3,0.30000062390864374,0.3009432722780315,0.001200002495634575,0.001203773089112126,47.737601441229025,0.4511025331358948,0.011123163393004993,0.0,1.5650339817201688,1.5612077626001082,435.2072091584353,-0.0031421546965676745,0.11719987602215894,0.0030456191675658495,0,0,1.0768253968253968e-06,8.119072214077393e-06
0,2.5755,3,0.09059999999999979,STEADY FLOW,1.0,0.3,0.3000006238822219,0.30094325184960263,0.0012000024955288876,0.0012037730073984107,47.73759045861105,0.45110251140206076,0.011123161309377367,0.0,1.5650339817201726,1.5612075588268353,435.20713064446744,-0.003142086690295782,0.1171998703755432,0.0030456184642306816,0,0,1.0768253968253968e-06,8.119072214077393e-06
0,2.5815,3,0.09779999999999989,STEADY FLOW,1.0,0.3,0.3000006238593548,0.30094323564691133,0.001200002495437419,0.0012037729425876454,47.737626987795856,0.4511024933440099,0.011123160540920638,0.0,1.5650339817201773,1.561207463131929,435.2070894871878,-0.0031420327579001323,0.11719986568392396,0.003045620790683712,0,0,1.0768253968253968e-06,8.119072214077393e-06
0,2.5875,3,0.10499999999999954,STEADY FLOW,1.0,0.3,0.30000062384730486,0.30094322869317247,0.0012000024953892194,0.00120377291477269,47.73769713448874,0.4511024846088882,0.011123161271960983,0.0,1.5650339817201662,1.561207501594214,435.2070971690934,-0.0031420096191114117,0.11719986341447276,0.003045625261849594,0,0,1.0768253968253968e-06,8.119072214077393e-06
0,2.5935,3,0.11220000000000008,STEADY FLOW,1.0,0.3,0.3000006238495166,0.3009432328056306,0.0012000024953980665,0.0012037729312225226,47.73777666845245,0.4511024875848419,0.011123163199068751,0.0,1.5650339817201684,1.561207655703426,435.2071489767253,-0.003142023319880975,0.11719986418764823,0.003045630333227134,0,0,1.0768253968253968e-06,8.119072214077393e-06
0,2.5995,3,0.11939999999999973,STEADY FLOW,1.0,0.3,0.30000062386457094,0.3009432461695809,0.0012000024954582837,0.0012037729846783236,47.737839446817226,0.4511025007951555,0.011123165648906048,0.0,1.5650339817201817,1.5612078703349286,435.2072262754745,-0.0031420678159505863,0.11719986761978837,0.0030456343377753825,0,0,1.0768253968253968e-06,8.119072214077393e-06
0,2.6055,3,0.12660000000000027,STEADY FLOW,1.0,0.3,0.3000006238870001,0.3009432640485033,0.0012000024955480003,0.0012037730561940132,47.73786602714311,0.4511025195087776,0.01112316780460614,0.0,1.5650339817201755,1.561208073461649,435.2073029169019,-0.0031421273372359494,0.11719987248173003,0.0030456360351680534,0,0,1.0768253968253968e-06,8.119072214077393e-06
0,2.6115,3,0.13379999999999992,STEADY FLOW,1.0,0.3,0.3000006239092873,0.3009432804492569,0.001200002495637149,0.0012037731217970275,47.73784948815082,0.4511025374174166,0.01112316898140497,0.0,1.5650339817201842,1.5612082001160659,435.20735410691043,-0.003142181931777145,0.11719987713453092,0.003045634983228851,0,0,1.0768253968253968e-06,8.119072214077393e-06
0,2.6175,3,0.14100000000000001,STEADY FLOW,1.0,0.3,0.30000062392424104,0.300943290150469,0.001200002495696964,0.001203773160601876,47.737797070147,0.4511025487819007,0.01112316884671864,0.0,1.5650339817201828,1.5612082128345783,435.2073645368822,-0.003142214219081133,0.11719988008711048,0.0030456316427858177,0,0,1.0768253968253968e-06,8.119072214077393e-06
0,2.6235,3,0.1482000000000001,STEADY FLOW,1.0,0.3,0.30000062392731264,0.3009432903371215,0.0012000024957092505,0.0012037731613484862,47.73772734434974,0.4511025502438684,0.011123167504775223,0.0,1.5650339817201806,1.5612081126403072,435.20733274862,-0.0031422148309841157,0.11719988046694083,0.003045627197402867,0,0,1.0768253968253968e-06,8.119072214077393e-06
0,2.6295,3,0.1554000000000002,STEADY FLOW,1.0,0.3,0.3000006239180749,0.3009432813717414,0.0012000024956722998,0.0012037731254869656,47.73766366236656,0.45110254177179954,0.011123165440803193,0.0,1.5650339817201706,1.5612079370974308,435.2072708518548,-0.0031421849773350893,0.11719987826583278,0.00304562313592327,0,0,1.0768253968253968e-06,8.119072214077393e-06
0,2.6355,3,0.16259999999999986,STEADY FLOW,1.0,0.3,0.3000006239001132,0.3009432665586898,0.0012000024956004527,0.0012037730662347592,47.737626276195265,0.45110252654572625,0.011123163354287908,0.0,1.5650339817201664,1.5612077463386385,435.20720018199626,-0.0031421356606594194,0.11719987430998291,0.0030456207500608734,0,0,1.0768253968253968e-06,8.119072214077393e-06
0,2.6415,3,0.1698000000000004,STEADY FLOW,1.0,0.3,0.30000062387958526,0.30094325095903196,0.0012000024955183411,0.0012037730038361278,47.737626021751375,0.45110250980157757,0.011123161922536403,0.0,1.5650339817201717,1.5612076025640296,435.20714403147474,-0.0031420837305494278,0.11719986995972545,0.0030456207314477624,0,0,1.0768253968253968e-06,8.119072214077393e-06
0,2.6475,3,0.17700000000000005,STEADY FLOW,1.0,0.3,0.30000062386321114,0.30094323964664027,0.0012000024954528445,0.0012037729585865611,47.737661334829134,0.4511024970165622,0.011123161576752577,0.0,1.5650339817201708,1.5612075500569815,435.20711985582,-0.003142046077407265,0.11719986663808102,0.003045622981111995,0,0,1.0768253968253968e-06,8.119072214077393e-06
0,2.6535,3,0.18420000000000014,STEADY FLOW,1.0,0.3,0.30000062385613335,0.30094323606636636,0.0012000024954245334,0.0012037729442654654,47.73771921117844,0.4511024921254881,0.011123162377107585,0.0,1.5650339817201688,1.5612076016843952,435.20713393665983,-0.003142034166852514,0.11719986536734268,0.0030456266704994572,0,0,1.0768253968253968e-06,8.119072214077393e-06
0,2.6595,3,0.19140000000000024,STEADY FLOW,1.0,0.3,0.30000062386021786,0.3009432410250204,0.0012000024954408714,0.0012037729641000815,47.73777989046141,0.4511024963506619,0.011123164014922299,0.0,1.5650339817201808,1.5612077360032899,435.20718002220156,-0.0031420506820069435,0.11719986646507508,0.003045630539919131,0,0,1.0768253968253968e-06,8.119072214077393e-06
0,2.6655,3,0.19860000000000033,STEADY FLOW,1.0,0.3,0.30000062387359516,0.30094325254291426,0.0012000024954943807,0.0012037730101716571,47.73782365740513,0.4511025079234206,0.011123165924408115,0.0,1.5650339817201757,1.561207905829262,435.20724182462004,-0.003142089030175701,0.11719986947176596,0.0030456333320894036,0,0,1.0768253968253968e-06,8.119072214077393e-06
0,2.6715,3,0.20580000000000043,STEADY FLOW,1.0,0.3,0.3000006238915346,0.30094326659601234,0.0012000024955661384,0.0012037730663840493,47.737837195131775,0.4511025227662248,0.011123167474511657,0.0,1.5650339817201806,1.5612080547674052,435.20729862259236,-0.0031421358137526346,0.11719987332803963,0.0030456341973514878,0,0,1.0768253968253968e-06,8.119072214077393e-06
0,2.6775,3,0.21300000000000052,STEADY FLOW,1.0,0.3,0.30000062390807225,0.3009432785251206,0.001200002495632289,0.0012037731141004823,47.7378174905246,0.45110253593093125,0.011123168180960336,0.0,1.565033981720176,1.5612081357148655,435.20733228238555,-0.003142175522065572,0.1171998767483307,0.0030456329429056073,0,0,1.0768253968253968e-06,8.119072214077393e-06
0,2.6835,3,0.22019999999999973,STEADY FLOW,1.0,0.3,0.30000062391790816,0.3009432845844024,0.0012000024956716326,0.0012037731383376096,47.73777238661661,0.4511025432525776,0.011123167856204656,0.0,1.565033981720171,1.5612081255752435,435.20733304841525,-0.0031421956867402055,0.11719987865055019,0.0030456300682153437,0,0,1.0768253968253968e-06,8.119072214077393e-06
0,2.6895000000000002,3,0.22740000000000027,STEADY FLOW,1.0,0.3,0.30000062391814847,0.3009432830878694,0.0012000024956725938,0.0012037731323514776,47.73771763219937,0.4511025426368627,0.011123166651432455,0.0,1.5650339817201702,1.561208031765035,435.20730217235655,-0.00314219069750364,0.11719987849058279,0.0030456265770779645,0,0,1.0768253968253968e-06,8.119072214077393e-06
0,2.6955,3,0.23459999999999992,STEADY FLOW,1.0,0.3,0.3000006239091845,0.3009432748534585,0.0012000024956367382,0.0012037730994138341,47.73767136271209,0.4511025346344526,0.011123164993954125,0.0,1.5650339817201733,1.5612078884376723,435.20725100918787,-0.003142163279498063,0.11719987641149564,0.0030456236258600278,0,0,1.0768253968253968e-06,8.119072214077393e-06
0,2.7015000000000002,3,0.24180000000000001,STEADY FLOW,1.0,0.3,0.30000062389433896,0.30094326284745837,0.0012000024955773558,0.0012037730513898336,47.73764809485987,0.45110252216595453,0.011123163440758704,0.0,1.5650339817201806,1.561207744105315,435.2071970214247,-0.0031421233092216324,0.11719987317208483,0.0030456221405579242,0,0,1.0768253968253968e-06,8.119072214077393e-06
0,2.7075,3,0.2490000000000001,STEADY FLOW,1.0,0.3,0.3000006238786397,0.30094325112596476,0.0012000024955145588,0.001203773004503859,47.73765428927874,0.4511025094688052,0.011123162489653275,0.0,1.565033981720176,1.561207645365158,435.2071578096502,-0.003142084290152612,0.11719986987326866,0.0030456225336881193,0,0,1.0768253968253968e-06,8.119072214077393e-06
0,2.7135000000000002,3,0.2562000000000002,STEADY FLOW,1.0,0.3,0.30000062386719756,0.30094324345636797,0.0012000024954687903,0.001203772973825472,47.7376866384646,0.4511025006488902,0.01112316241870836,0.0,1.5650339817201686,1.5612076220523008,435.2071453258449,-0.0031420587631433915,0.11719986758178753,0.0030456245949461724,0,0,1.0768253968253968e-06,8.119072214077393e-06
0,2.7195,3,0.26339999999999986,STEADY FLOW,1.0,0.3,0.300000623863542,0.3009432421241084,0.0012000024954541679,0.0012037729684964335,47.73773349756138,0.4511024983705828,0.011123163210308627,0.0,1.565033981720177,1.5612076782880773,435.20716235703884,-0.0031420543345109463,0.11719986698986591,0.003045627582273003,0,0,1.0768253968253968e-06,8.119072214077393e-06
0,2.7255000000000003,3,0.2706000000000004,STEADY FLOW,1.0,0.3,0.30000062386848436,0.3009432472767751,0.0012000024954739374,0.0012037729891071006,47.73777904967343,0.4511025030776206,0.011123164571246194,0.0,1.5650339817201717,1.561207792252036,435.207202103096,-0.0031420714935047663,0.11719986821279021,0.0030456304872790163,0,0,1.0768253968253968e-06,8.119072214077393e-06
0,2.7315,3,0.27780000000000005,STEADY FLOW,1.0,0.3,0.30000062388001547,0.30094325695880947,0.001200002495520062,0.0012037730278352378,47.7378086671853,0.4511025129358974,0.011123166035967604,0.0,1.5650339817201806,1.5612079245099852,435.2072507050198,-0.0031421037283276194,0.11719987077404566,0.0030456323770540195,0,0,1.0768253968253968e-06,8.119072214077393e-06
0,2.7375000000000003,3,0.2850000000000006,STEADY FLOW,1.0,0.3,0.3000006238941344,0.3009432678312215,0.0012000024955765376,0.001203773071324886,47.737813532213224,0.4511025245210303,0.011123167125451394,0.0,1.5650339817201708,1.5612080315728658,435.2072920263417,-0.003142139922414687,0.11719987378395147,0.003045632688895239,0,0,1.0768253968253968e-06,8.119072214077393e-06
0,2.7435,3,0.29220000000000024,STEADY FLOW,1.0,0.3,0.3000006239061767,0.30094327632916423,0.0012000024956247068,0.0012037731053166569,47.73779317605543,0.451102534013374,0.011123167505797714,0.0,1.565033981720184,1.5612080800169368,435.2073130669627,-0.0031421682085644876,0.11719987625013471,0.0030456313923847844,0,0,1.0768253968253968e-06,8.119072214077393e-06
0,2.7495000000000003,3,0.29940000000000033,STEADY FLOW,1.0,0.3,0.30000062391232435,0.3009432798237811,0.0012000024956492974,0.0012037731192951246,47.73775531218129,0.4511025384504394,0.01112316708754243,0.0,1.5650339817201757,1.5612080568335729,435.2073079932044,-0.003142179836706886,0.11719987740291808,0.003045628978889825,0,0,1.0768253968253968e-06,8.119072214077393e-06
0,2.7555,3,0.3066000000000004,STEADY FLOW,1.0,0.3,0.3000006239108596,0.30094327741259824,0.0012000024956434383,0.001203773109650393,47.737712988259155,0.4511025366280204,0.01112316604098308,0.0,1.5650339817201782,1.5612079727896035,435.20727961037863,-0.003142171804345071,0.11719987692943977,0.0030456262801243916,0,0,1.0768253968253968e-06,8.119072214077393e-06
0,2.7615000000000003,3,0.3138000000000005,STEADY FLOW,1.0,0.3,0.3000006239026258,0.300943270137751,0.001200002495610503,0.001203773080551004,47.73768006853421,0.45110252941398465,0.011123164732091387,0.0,1.565033981720179,1.5612078578179387,435.20723811885273,-0.003142147582437019,0.1171998750551783,0.0030456241801815054,0,0,1.0768253968253968e-06,8.119072214077393e-06
0,2.7675,3,0.32099999999999973,STEADY FLOW,1.0,0.3,0.3000006238905812,0.3009432605733945,0.0012000024955623248,0.001203773042293578,47.73766672985404,0.45110251938684676,0.011123163596606684,0.0,1.5650339817201744,1.5612077504166102,435.2071975410615,-0.003142115741589658,0.11719987245005145,0.0030456233282969425,0,0,1.0768253968253968e-06,8.119072214077393e-06
0,2.7735,3,0.3281999999999998,STEADY FLOW,1.0,0.3,0.3000006238787697,0.30094325191501375,0.0012000024955150788,0.001203773007660055,47.737676398734166,0.4511025099156505,0.011123162993250061,0.0,1.5650339817201708,1.5612076849009218,435.207170947204,-0.0031420869198756965,0.11719986998936247,0.0030456239434111243,0,0,1.0768253968253968e-06,8.119072214077393e-06
0,2.7795,3,0.3353999999999999,STEADY FLOW,1.0,0.3,0.30000062387100795,0.30094324691175717,0.0012000024954840318,0.0012037729876470287,47.73770492246144,0.4511025040278154,0.011123163091437713,0.0,1.5650339817201697,1.561207680547723,435.2071662542966,-0.0031420702683422255,0.11719986845965803,0.003045625761186166,0,0,1.0768253968253968e-06,8.119072214077393e-06
0,2.7855,3,0.34259999999999957,STEADY FLOW,1.0,0.3,0.30000062386962967,0.30094324701122643,0.0012000024954785186,0.0012037729880449057,47.73774221607758,0.45110250345956926,0.011123163827939361,0.0,1.5650339817201793,1.5612077359777394,435.20718398176973,-0.003142070604514471,0.11719986831202336,0.003045628138882872,0,0,1.0768253968253968e-06,8.119072214077393e-06
0,2.7915,3,0.3498000000000001,STEADY FLOW,1.0,0.3,0.30000062387477117,0.3009432519540205,0.0012000024954990846,0.001203773007816082,47.73777583112501,0.45110250815737263,0.011123164936802486,0.0,1.5650339817201662,1.5612078305423531,435.2072174143347,-0.0031420870632682383,0.11719986953254849,0.0030456302827976955,0,0,1.0768253968253968e-06,8.119072214077393e-06
0,2.7975,3,0.35699999999999976,STEADY FLOW,1.0,0.3,0.30000062388447124,0.3009432599229271,0.001200002495537885,0.0012037730396917085,47.73779510196447,0.45110251636400134,0.011123166042339408,0.0,1.5650339817201768,1.5612079319398777,435.207255030083,-0.0031421135937999313,0.11719987166469317,0.003045631512647917,0,0,1.0768253968253968e-06,8.119072214077393e-06
0,2.8035,3,0.36419999999999986,STEADY FLOW,1.0,0.3,0.300000623895409,0.30094326820301065,0.001200002495581636,0.0012037730728120426,47.737794461016215,0.45110252526557515,0.011123166787233537,0.0,1.5650339817201744,1.5612080071471153,435.20728447246535,-0.0031421411574474247,0.11719987397738987,0.003045631473056032,0,0,1.0768253968253968e-06,8.119072214077393e-06
0,2.8095,3,0.37139999999999995,STEADY FLOW,1.0,0.3,0.30000062390399346,0.3009432741092984,0.0012000024956159738,0.0012037730964371935,47.73777500362435,0.45110253195895983,0.011123166948301389,0.0,1.5650339817201733,1.561208033056679,435.20729662837266,-0.0031421608163274923,0.11719987571638224,0.0030456302334489482,0,0,1.0768253968253968e-06,8.119072214077393e-06
0,2.8155,3,0.37860000000000005,STEADY FLOW,1.0,0.3,0.30000062390754484,0.3009432758461944,0.0012000024956301794,0.0012037731033847777,47.737743875015205,0.4511025343870945,0.011123166500308089,0.0,1.5650339817201822,1.5612080035339784,435.2072883732164,-0.003142166594093839,0.11719987634723016,0.003045628249091603,0,0,1.0768253968253968e-06,8.119072214077393e-06
0,2.8215,3,0.38580000000000014,STEADY FLOW,1.0,0.3,0.3000006239051548,0.30094327303933616,0.0012000024956206193,0.0012037730921573447,47.73771167106269,0.451102531956799,0.01112316561473332,0.0,1.5650339817201675,1.5612079306584714,435.20726327798207,-0.0031421572459107874,0.11719987571582081,0.0030456261954709962,0,0,1.0768253968253968e-06,8.119072214077393e-06
0,2.8275,3,0.39300000000000024,STEADY FLOW,1.0,0.3,0.3000006238978766,0.3009432668003039,0.0012000024955915063,0.0012037730672012157,47.73768882637566,0.4511025256722233,0.011123164597599421,0.0,1.5650339817201726,1.5612078399372205,435.20723020915557,-0.003142136473516879,0.11719987408304018,0.003045624738031716,0,0,1.0768253968253968e-06,8.119072214077393e-06
0,2.8335,3,0.4001999999999999,STEADY FLOW,1.0,0.3,0.30000062388826954,0.30094325930346927,0.001200002495553078,0.0012037730372138772,47.73768228097271,0.4511025177417663,0.011123163784030932,0.0,1.5650339817201708,1.5612077614485216,435.20720022891464,-0.0031421115162440917,0.11719987202264699,0.003045624319574003,0,0,1.0768253968253968e-06,8.119072214077393e-06
0,2.8395,3,0.40740000000000043,STEADY FLOW,1.0,0.3,0.30000062387953685,0.3009432530264816,0.0012000024955181475,0.0012037730121059265,47.737693419967165,0.4511025108008789,0.01112316342696512,0.0,1.5650339817201757,1.561207719980162,435.2071828694391,-0.003142090622195882,0.11719987021935156,0.0030456250287804743,0,0,1.0768253968253968e-06,8.119072214077393e-06
0,2.8455,3,0.4146000000000001,STEADY FLOW,1.0,0.3,0.30000062387447074,0.3009432499367637,0.0012000024954978829,0.0012037729997470548,47.73771784465,0.4511025070416674,0.011123163620361903,0.0,1.5650339817201784,1.5612077272543814,435.2071831415996,-0.003142080340097434,0.11719986924267975,0.0030456265855154374,0,0,1.0768253968253968e-06,8.119072214077393e-06
0,2.8515,3,0.4218000000000002,STEADY FLOW,1.0,0.3,0.30000062387454046,0.30094325088805196,0.001200002495498162,0.0012037730035522078,47.73774705026672,0.45110250753420517,0.011123164277347697,0.0,1.5650339817201684,1.5612077786907745,435.20720016777767,-0.0031420835108185306,0.11719986937064482,0.003045628447688742,0,0,1.0768253968253968e-06,8.119072214077393e-06
0,2.8575,3,0.42900000000000027,STEADY FLOW,1.0,0.3,0.30000062387947657,0.3009432553919334,0.0012000024955179064,0.0012037730215677337,47.737771392694256,0.4511025119287442,0.011123165164935543,0.0,1.5650339817201733,1.5612078556577738,435.207227700352,-0.0031420985072201438,0.11719987051237957,0.003045630000350741,0,0,1.0768253968253968e-06,8.119072214077393e-06
0,2.8635,3,0.43620000000000037,STEADY FLOW,1.0,0.3,0.30000062388746895,0.3009432618302189,0.0012000024955498758,0.0012037730473208757,47.73778324667518,0.45110251862649137,0.011123165985403598,0.0,1.565033981720167,1.561207932160496,435.2072563550449,-0.0031421199414023338,0.11719987225250532,0.0030456307570987384,0,0,1.0768253968253968e-06,8.119072214077393e-06
0,2.8695,3,0.4433999999999996,STEADY FLOW,1.0,0.3,0.30000062389580784,0.3009432680345492,0.0012000024955832313,0.0012037730721381967,47.73777934666881,0.4511025253583592,0.01112316647694294,0.0,1.5650339817201735,1.5612079835278214,435.20727682462643,-0.0031421405945767397,0.11719987400149587,0.003045630509405539,0,0,1.0768253968253968e-06,8.119072214077393e-06
0,2.8755,3,0.4506000000000001,STEADY FLOW,1.0,0.3,0.3000006239017766,0.30094327201529547,0.0012000024956071065,0.0012037730880611818,47.7377616607709,0.4511025299522721,0.011123166496458586,0.0,1.5650339817201817,1.5612079943025126,435.2072828908223,-0.0031421538437448045,0.11719987519502946,0.00304562938244457,0,0,1.0768253968253968e-06,8.119072214077393e-06
0,2.8815,3,0.45779999999999976,STEADY FLOW,1.0,0.3,0.30000062390355053,0.3009432725890048,0.0012000024956142022,0.001203773090356019,47.73773653661648,0.4511025310230146,0.011123166058879771,0.0,1.5650339817201833,1.5612079628553883,435.20727324897484,-0.00314215575017385,0.11719987547321654,0.003045627780724036,0,0,1.0768253968253968e-06,8.119072214077393e-06
0,2.8875,3,0.4650000000000003,STEADY FLOW,1.0,0.3,0.3000006239007582,0.300943269722857,0.001200002495603033,0.001203773078891428,47.73771242840947,0.45110252838251386,0.011123165325830082,0.0,1.5650339817201684,1.5612079012783637,435.20725171182266,-0.0031421462057047325,0.11719987478719429,0.0030456262432452252,0,0,1.0768253968253968e-06,8.119072214077393e-06
0,2.8935,3,0.47219999999999995,STEADY FLOW,1.0,0.3,0.30000062389451043,0.30094326449947656,0.0012000024955780419,0.0012037730579979062,47.73769706242807,0.4511025230528116,0.011123164547858392,0.0,1.5650339817201817,1.5612078308168371,435.20722578239014,-0.0031421288153639167,0.11719987340249706,0.0030456252627741875,0,0,1.0768253968253968e-06,8.119072214077393e-06
0,2.8995,3,0.47940000000000005,STEADY FLOW,1.0,0.3,0.3000006238869714,0.30094325871489375,0.0012000024955478856,0.001203773034859575,47.7376950018045,0.45110251687950426,0.011123163978443741,0.0,1.5650339817201768,1.5612077746114108,435.2072040432342,-0.0031421095586703363,0.11719987179862475,0.0030456251305084336,0,0,1.0768253968253968e-06,8.119072214077393e-06
0,2.9055,3,0.48660000000000014,STEADY FLOW,1.0,0.3,0.3000006238806369,0.30094325426076673,0.0012000024955225476,0.001203773017043067,47.73770631571546,0.45110251189263206,0.011123163791430657,0.0,1.565033981720182,1.561207750170067,435.2071933104048,-0.003142094732792548,0.11719987050299734,0.0030456258511470935,0,0,1.0768253968253968e-06,8.119072214077393e-06
0,2.9115,3,0.49380000000000024,STEADY FLOW,1.0,0.3,0.30000062387750515,0.3009432525129159,0.0012000024955100205,0.0012037730100516637,47.73772673824653,0.4511025096464624,0.011123164029721038,0.0,1.5650339817201806,1.5612077639443296,435.20719654169886,-0.0031420889171073236,0.11719986991942537,0.003045627152929775,0,0,1.0768253968253968e-06,8.119072214077393e-06
0,2.9175,3,0.5009999999999999,STEADY FLOW,1.0,0.3,0.3000006238784361,0.3009432539143725,0.0012000024955137445,0.00120377301565749,47.73774925361072,0.4511025107433573,0.011123164597497093,0.0,1.5650339817201773,1.561207809733584,435.20721207112734,-0.003142093585506405,0.11719987020440702,0.0030456285886304446,0,0,1.0768253968253968e-06,8.119072214077393e-06
0,2.9235,3,0.5082000000000004,STEADY FLOW,1.0,0.3,0.30000062388293836,0.3009432578699551,0.0012000024955317534,0.0012037730314798205,47.73776650408879,0.45110251467774065,0.01112316529631293,0.0,1.5650339817201817,1.561207871295026,435.2072343253926,-0.003142106755699848,0.11719987122658979,0.003045629689054641,0,0,1.0768253968253968e-06,8.119072214077393e-06
0,2.9295,3,0.5154000000000001,STEADY FLOW,1.0,0.3,0.3000006238894032,0.3009432629841921,0.0012000024955576127,0.0012037730519367685,47.737773164592504,0.45110252004802665,0.011123165894199446,0.0,1.5650339817201817,1.5612079280481732,435.2072558011252,-0.0031421237815040816,0.11719987262183103,0.0030456301144858866,0,0,1.0768253968253968e-06,8.119072214077393e-06
0,2.9355,3,0.5226000000000002,STEADY FLOW,1.0,0.3,0.3000006238956559,0.3009432675533175,0.0012000024955826237,0.00120377307021327,47.737767559118964,0.45110252505507714,0.011123166202985996,0.0,1.5650339817201835,1.5612079618857861,435.2072696045422,-0.0031421389909824867,0.11719987392270091,0.0030456297578089764,0,0,1.0768253968253968e-06,8.119072214077393e-06
0,2.9415,3,0.5298000000000003,STEADY FLOW,1.0,0.3,0.3000006238996808,0.3009432701289136,0.0012000024955987232,0.0012037730805156545,47.7377520549714,0.45110252810089047,0.011123166136420757,0.0,1.565033981720172,1.561207962916391,435.20727163849875,-0.003142147562826431,0.1171998747140264,0.003045628769728692,0,0,1.0768253968253968e-06,8.119072214077393e-06
0,2.9475000000000002,3,0.5370000000000004,STEADY FLOW,1.0,0.3,0.30000062390028,0.30094326996937065,0.00120000249560112,0.0012037730798774827,47.7377321161882,0.45110252829061037,0.011123165732729503,0.0,1.5650339817201662,1.561207932308565,435.20726177455174,-0.003142147029014193,0.11719987476331709,0.0030456274984926868,0,0,1.0768253968253968e-06,8.119072214077393e-06
0,2.9535,3,0.5441999999999996,STEADY FLOW,1.0,0.3,0.30000062389742266,0.30094326724934223,0.0012000024955896907,0.001203773068997369,47.737714380020314,0.451102525691564,0.01112316513748897,0.0,1.5650339817201702,1.5612078813920376,435.2072437330597,-0.0031421379718259215,0.11719987408806501,0.00304562636729222,0,0,1.0768253968253968e-06,8.119072214077393e-06
0,2.9595000000000002,3,0.5514000000000001,STEADY FLOW,1.0,0.3,0.30000062389218574,0.30094326296494134,0.0012000024955687429,0.0012037730518597654,47.73770446584001,0.45110252127118394,0.01112316455196686,0.0,1.5650339817201806,1.5612078275206627,435.2072237206041,-0.0031421237080305805,0.1171998729396166,0.003045625734548141,0,0,1.0768253968253968e-06,8.119072214077393e-06
0,2.9655,3,0.5585999999999998,STEADY FLOW,1.0,0.3,0.3000006238863634,0.3009432585714397,0.0012000024955454536,0.001203773034285759,47.737705222539084,0.4511025165404464,0.011123164164712372,0.0,1.5650339817201817,1.5612077882184676,435.20720829005467,-0.0031421090825245043,0.11719987171053492,0.0030456257821156463,0,0,1.0768253968253968e-06,8.119072214077393e-06
0,2.9715000000000003,3,0.5658000000000003,STEADY FLOW,1.0,0.3,0.30000062388186655,0.3009432554906926,0.0012000024955274662,0.0012037730219627706,47.737715924113424,0.4511025130392037,0.011123164091401247,0.0,1.5650339817201684,1.561207775520538,435.2072022048433,-0.003142098828425338,0.11719987080088541,0.0030456264639262542,0,0,1.0768253968253968e-06,8.119072214077393e-06
0,2.9775,3,0.573,STEADY FLOW,1.0,0.3,0.3000006238800901,0.30094325465738614,0.0012000024955203603,0.0012037730186295445,47.73773265704707,0.45110251184162403,0.011123164341561296,0.0,1.5650339817201842,1.5612077923137326,435.20720700583075,-0.003142096056682892,0.11719987048974508,0.0030456275306183223,0,0,1.0768253968253968e-06,8.119072214077393e-06
0,2.9835000000000003,3,0.5802,STEADY FLOW,1.0,0.3,0.3000006238814772,0.30094325623969814,0.0012000024955259089,0.0012037730249587926,47.73774974257622,0.4511025132309997,0.011123164819940017,0.0,1.565033981720182,1.5612078318245417,435.20722065542265,-0.0031421013264070785,0.11719987085071545,0.003045628620162333,0,0,1.0768253968253968e-06,8.119072214077393e-06
0,2.9895,3,0.5874000000000001,STEADY FLOW,1.0,0.3,0.3000006238854364,0.30094325961633267,0.0012000024955417456,0.0012037730384653307,47.737761654517215,0.4511025166405479,0.011123165361455736,0.0,1.5650339817201806,1.561207880266615,435.207238339049,-0.0031421125685932136,0.11719987173654209,0.0030456293801355283,0,0,1.0768253968253968e-06,8.119072214077393e-06
0,2.9955000000000003,3,0.5946000000000002,STEADY FLOW,1.0,0.3,0.3000006238905771,0.30094326361420387,0.0012000024955623083,0.0012037730544568156,47.73776478212332,0.45110252087621,0.01112316578827479,0.0,1.5650339817201724,1.5612079216001302,435.207254158047,-0.0031421258776136627,0.11719987283699938,0.0030456295801533084,0,0,1.0768253968253968e-06,8.119072214077393e-06
0,3.0015,3,0.6017999999999999,STEADY FLOW,1.0,0.3,0.3000006238951841,0.3009432669151843,0.0012000024955807365,0.0012037730676607373,47.73775851042938,0.45110252453375216,0.01112316596809455,0.0,1.565033981720176,1.5612079427977723,435.2072630968849,-0.003142136865453732,0.11719987378725667,0.0030456291808063085,0,0,1.0768253968253968e-06,8.119072214077393e-06
0,3.0075000000000003,3,0.6090000000000004,STEADY FLOW,1.0,0.3,0.3000006238977905,0.30094326848607617,0.001200002495591162,0.0012037730739443047,47.73774529488554,0.4511025264595034,0.011123165854129842,0.0,1.5650339817201664,1.5612079379294421,435.20726258574535,-0.0031421420930339,0.11719987428758154,0.003045628338481654,0,0,1.0768253968253968e-06,8.119072214077393e-06
0,3.0135,3,0.6162000000000001,STEADY FLOW,1.0,0.3,0.30000062389764887,0.3009432678974008,0.0012000024955905954,0.0012037730715896032,47.737729722263964,0.45110252610949225,0.011123165496285566,0.0,1.5650339817201797,1.5612079097613192,435.20725321275677,-0.00314214013126028,0.11719987419664599,0.0030456273455468086,0,0,1.0768253968253968e-06,8.119072214077393e-06
0,3.0195000000000003,3,0.6234000000000006,STEADY FLOW,1.0,0.3,0.3000006238949327,0.30094326543725125,0.0012000024955797308,0.001203773061749005,47.73771692366887,0.45110252369999093,0.011123165021291641,0.0,1.565033981720167,1.5612078684490158,435.20723840781085,-0.003142131939861204,0.11719987357063916,0.0030456265291851636,0,0,1.0768253968253968e-06,8.119072214077393e-06
0,3.0255,3,0.6306000000000003,STEADY FLOW,1.0,0.3,0.3000006238906325,0.3009432619862705,0.00120000249556253,0.0012037730479450821,47.73771090265879,0.45110252010388574,0.011123164588040508,0.0,1.5650339817201706,1.5612078279218489,435.2072232046881,-0.0031421204509951475,0.11719987263634365,0.0030456261447810995,0,0,1.0768253968253968e-06,8.119072214077393e-06
0,3.0315,3,0.6377999999999999,STEADY FLOW,1.0,0.3,0.3000006238862073,0.30094325870357574,0.0012000024955448293,0.001203773034814303,47.73771329886643,0.45110251653609384,0.011123164334345292,0.0,1.5650339817201726,1.5612078012305834,435.2072125271336,-0.0031421095234987016,0.1171998717094041,0.003045626297047077,0,0,1.0768253968253968e-06,8.119072214077393e-06
0,3.0375,3,0.6450000000000005,STEADY FLOW,1.0,0.3,0.3000006238830959,0.3009432566403171,0.0012000024955323837,0.0012037730265612686,47.73772295561708,0.4511025141461535,0.011123164333803098,0.0,1.5650339817201828,1.5612077963679587,435.20720961116706,-0.003142102656388357,0.1171998710884794,0.0030456269124017332,0,0,1.0768253968253968e-06,8.119072214077393e-06
0,3.0435,3,0.6522000000000001,STEADY FLOW,1.0,0.3,0.3000006238822424,0.30094325640761005,0.0012000024955289698,0.0012037730256304403,47.73773642038296,0.4511025136525167,0.011123164575259767,0.0,1.5650339817201686,1.5612078139054826,435.2072150492606,-0.0031421018835535606,0.11719987096022878,0.003045627770822179,0,0,1.0768253968253968e-06,8.119072214077393e-06
0,3.0495,3,0.6594000000000002,STEADY FLOW,1.0,0.3,0.3000006238838156,0.3009432579979495,0.0012000024955352625,0.001203773031991798,47.7377491739762,0.45110251512897215,0.011123164969782835,0.0,1.5650339817201842,1.561207847157483,435.20722670823534,-0.0031421071794136505,0.11719987134382315,0.003045628584181559,0,0,1.0768253968253968e-06,8.119072214077393e-06
0,3.0555,3,0.6665999999999999,STEADY FLOW,1.0,0.3,0.3000006238871993,0.30094326081409073,0.0012000024955487972,0.001203773043256363,47.737757134656235,0.4511025180083438,0.011123165382831035,0.0,1.5650339817201815,1.5612078846782085,435.20724053539516,-0.0031421165552171725,0.11719987209190585,0.0030456290921532236,0,0,1.0768253968253968e-06,8.119072214077393e-06
0,3.0615,3,0.6738,STEADY FLOW,1.0,0.3,0.300000623891221,0.3009432638906392,0.001200002495564884,0.0012037730555625567,47.737757948052106,0.4511025212967138,0.011123165680240462,0.0,1.5650339817201828,1.5612079141608863,435.2072519671035,-0.003142126796909639,0.11719987294624948,0.00304562914448514,0,0,1.0768253968253968e-06,8.119072214077393e-06
0,3.0675,3,0.6809999999999996,STEADY FLOW,1.0,0.3,0.3000006238945505,0.3009432662233361,0.001200002495578202,0.0012037730648933444,47.73775167490925,0.451102523914695,0.011123165771433694,0.0,1.5650339817201842,1.5612079264477072,435.20725742699193,-0.0031421345614165044,0.11719987362642094,0.0030456287448963337,0,0,1.0768253968253968e-06,8.119072214077393e-06
0,3.0735,3,0.6882000000000001,STEADY FLOW,1.0,0.3,0.30000062389614324,0.300943267092964,0.0012000024955845729,0.001203773068371856,47.73774066643049,0.4511025250476408,0.011123165636258146,0.0,1.565033981720166,1.5612079183559258,435.2072554229434,-0.0031421374548443216,0.11719987392076886,0.0030456280431769844,0,0,1.0768253968253968e-06,8.119072214077393e-06
0,3.0795,3,0.6953999999999998,STEADY FLOW,1.0,0.3,0.3000006238955672,0.30094326628458756,0.0012000024955822687,0.0012037730651383502,47.73772869313293,0.4511025243965833,0.011123165328548042,0.0,1.5650339817201824,1.56120789343071,435.2072469376014,-0.00314213476218794,0.11719987375161918,0.0030456272796861583,0,0,1.0768253968253968e-06,8.119072214077393e-06
0,3.0855,3,0.7025999999999999,STEADY FLOW,1.0,0.3,0.3000006238931068,0.30094326413589617,0.0012000024955724272,0.0012037730565435847,47.73771966129081,0.4511025222532286,0.011123164955637392,0.0,1.5650339817201697,1.5612078604831439,435.20723500845855,-0.0031421276081255002,0.11719987319475927,0.0030456267035241513,0,0,1.0768253968253968e-06,8.119072214077393e-06
0,3.0915,3,0.7098,STEADY FLOW,1.0,0.3,0.30000062388963966,0.3009432614022729,0.0012000024955585587,0.0012037730456090916,47.73771635341494,0.4511025193781771,0.0111231646409559,0.0,1.5650339817201782,1.561207830512422,435.20722364663425,-0.003142118507660106,0.11719987244779899,0.0030456264922078535,0,0,1.0768253968253968e-06,8.119072214077393e-06
0,3.0975,3,0.7170000000000001,STEADY FLOW,1.0,0.3,0.300000623886332,0.300943258992401,0.001200002495545328,0.001203773035969604,47.73771957957219,0.45110251673249213,0.011123164483289642,0.0,1.5650339817201808,1.5612078130627471,435.2072164906515,-0.003142110485830791,0.1171998717604299,0.0030456266975225077,0,0,1.0768253968253968e-06,8.119072214077393e-06
0,3.1035,3,0.7242000000000002,STEADY FLOW,1.0,0.3,0.3000006238842466,0.30094325766916796,0.0012000024955369864,0.001203773030676672,47.73772799905362,0.4511025151594313,0.011123164526394575,0.0,1.565033981720181,1.561207813199142,435.2072156580366,-0.0031421060820363386,0.11719987135173669,0.0030456272341083945,0,0,1.0768253968253968e-06,8.119072214077393e-06
0,3.1095,3,0.7314000000000003,STEADY FLOW,1.0,0.3,0.3000006238839993,0.3009432578109109,0.0012000024955359971,0.0012037730312436437,47.737738655127615,0.4511025151186504,0.011123164747353333,0.0,1.5650339817201668,1.5612078300725964,435.2072211336097,-0.0031421065553387502,0.11719987134114149,0.00304562791351648,0,0,1.0768253968253968e-06,8.119072214077393e-06
0,3.1155,3,0.7385999999999999,STEADY FLOW,1.0,0.3,0.3000006238855846,0.30094325930528176,0.0012000024955423384,0.001203773037221127,47.73774800782616,0.4511025165536813,0.011123165066672679,0.0,1.5650339817201793,1.5612078574733352,435.20723086193004,-0.003142111531263597,0.11719987171397345,0.003045628510034204,0,0,1.0768253968253968e-06,8.119072214077393e-06
0,3.1215,3,0.7458000000000005,STEADY FLOW,1.0,0.3,0.30000062388841003,0.30094326160759205,0.0012000024955536401,0.0012037730464303682,47.73775309799057,0.4511025189333744,0.011123165376669727,0.0,1.5650339817201817,1.56120788607934,435.20724150494516,-0.00314211919616748,0.11719987233223586,0.003045628834914549,0,0,1.0768253968253968e-06,8.119072214077393e-06
0,3.1275,3,0.7530000000000001,STEADY FLOW,1.0,0.3,0.30000062389150667,0.30094326393787296,0.0012000024955660267,0.001203773055751492,47.73775247394842,0.4511025214465202,0.011123165577785293,0.0,1.565033981720171,1.561207906598773,435.2072495866485,-0.0031421269533999543,0.11719987298517029,0.0030456287954869765,0,0,1.0768253968253968e-06,8.119072214077393e-06
0,3.1335,3,0.7602000000000002,STEADY FLOW,1.0,0.3,0.30000062389386095,0.30094326554304474,0.0012000024955754439,0.0012037730621721789,47.73774659740707,0.451102523276237,0.011123165610106752,0.0,1.56503398172017,1.5612079127722995,435.2072526171238,-0.0031421322960891148,0.1171998734605447,0.003045628421072033,0,0,1.0768253968253968e-06,8.119072214077393e-06
0,3.1395,3,0.7673999999999999,STEADY FLOW,1.0,0.3,0.30000062389474624,0.30094326593758597,0.001200002495578985,0.001203773063750344,47.73773760709634,0.45110252386260874,0.011123165470776736,0.0,1.565033981720175,1.5612079032626456,435.2072498454214,-0.0031421336082634727,0.1171998736128885,0.0030456278479489285,0,0,1.0768253968253968e-06,8.119072214077393e-06
0,3.1455,3,0.7746,STEADY FLOW,1.0,0.3,0.3000006238939461,0.30094326504888247,0.0012000024955757845,0.00120377306019553,47.73772854644342,0.45110252307256743,0.01112316521258193,0.0,1.5650339817201817,1.5612078818559576,435.20724242917896,-0.00314213064860032,0.11719987340762976,0.0030456272701437914,0,0,1.0768253968253968e-06,8.119072214077393e-06
0,3.1515,3,0.7817999999999996,STEADY FLOW,1.0,0.3,0.30000062389179416,0.3009432632227298,0.0012000024955671766,0.0012037730528909193,47.73772234214702,0.451102521224283,0.011123164924401983,0.0,1.5650339817201824,1.561207856002241,435.2072329772376,-0.003142124568633076,0.11719987292743138,0.003045626874303764,0,0,1.0768253968253968e-06,8.119072214077393e-06
0,3.1575,3,0.7890000000000001,STEADY FLOW,1.0,0.3,0.3000006238890459,0.3009432610915773,0.0012000024955561837,0.0012037730443663092,47.737720868667964,0.45110251896289144,0.011123164700612963,0.0,1.5650339817201768,1.5612078342504296,435.2072246340504,-0.0031421174739957713,0.1171998723399046,0.0030456267800329506,0,0,1.0768253968253968e-06,8.119072214077393e-06
0,3.1635,3,0.7961999999999998,STEADY FLOW,1.0,0.3,0.30000062388661647,0.30094325935687627,0.001200002495546466,0.001203773037427505,47.73772438731735,0.45110251703680443,0.011123164610444054,0.0,1.5650339817201742,1.5612078234392386,435.20722003990164,-0.0031421116997945083,0.11719987183949256,0.0030456270040988276,0,0,1.0768253968253968e-06,8.119072214077393e-06
0,3.1695,3,0.8034000000000003,STEADY FLOW,1.0,0.3,0.30000062388527693,0.3009432585606401,0.0012000024955411076,0.0012037730342425604,47.73773153297559,0.45110251605256174,0.011123164676981257,0.0,1.5650339817201757,1.5612078265601037,435.20722050818546,-0.00314210905015859,0.11719987158377877,0.0030456274595533905,0,0,1.0768253968253968e-06,8.119072214077393e-06
0,3.1755,3,0.8106,STEADY FLOW,1.0,0.3,0.30000062388540866,0.3009432589176305,0.0012000024955416346,0.001203773035670522,47.73773983318113,0.4511025162855198,0.011123164871665316,0.0,1.5650339817201744,1.5612078419685078,435.2072256594277,-0.003142110239683805,0.11719987164430307,0.003045627988794042,0,0,1.0768253968253968e-06,8.119072214077393e-06
0,3.1815,3,0.8178000000000001,STEADY FLOW,1.0,0.3,0.3000006238869014,0.3009432602598937,0.0012000024955476057,0.001203773041039575,47.73774655740088,0.4511025176048705,0.0111231651257294,0.0,1.5650339817201742,1.5612078641318343,435.20723361556594,-0.0031421147088936357,0.11719987198708044,0.003045628417707613,0,0,1.0768253968253968e-06,8.119072214077393e-06
0,3.1875,3,0.8250000000000002,STEADY FLOW,1.0,0.3,0.30000062388921334,0.3009432621088708,0.0012000024955568533,0.0012037730484354833,47.737749606080655,0.45110251953479846,0.01112316535441888,0.0,1.5650339817201682,1.5612078855886824,435.20724167877825,-0.00314212086440706,0.11719987248849041,0.00304562861236235,0,0,1.0768253968253968e-06,8.119072214077393e-06
0,3.1935000000000002,3,0.8322000000000003,STEADY FLOW,1.0,0.3,0.30000062389156007,0.3009432638448426,0.0012000024955662403,0.0012037730553793704,47.737748160876706,0.4511025214247433,0.01112316548513963,0.0,1.5650339817201795,1.5612078994417722,435.2072472431033,-0.0031421266431208308,0.1171998729795125,0.0030456285204907285,0,0,1.0768253968253968e-06,8.119072214077393e-06
0,3.1995,3,0.8393999999999999,STEADY FLOW,1.0,0.3,0.3000006238931811,0.3009432649126867,0.0012000024955727245,0.0012037730596507468,47.73774289395966,0.4511025226665529,0.011123165480143292,0.0,1.5650339817201686,1.5612079015641684,435.2072486264438,-0.0031421301971731974,0.11719987330214407,0.003045628184858984,0,0,1.0768253968253968e-06,8.119072214077393e-06
0,3.2055000000000002,3,0.8466000000000005,STEADY FLOW,1.0,0.3,0.3000006238935869,0.30094326499773216,0.0012000024955743475,0.0012037730599909287,47.73773568082121,0.4511025228884763,0.011123165347148859,0.0,1.5650339817201664,1.5612078918071464,435.2072455704104,-0.0031421304793007522,0.11719987335980149,0.0030456277249926167,0,0,1.0768253968253968e-06,8.119072214077393e-06
0,3.2115,3,0.8538000000000001,STEADY FLOW,1.0,0.3,0.300000623892703,0.30094326411723027,0.001200002495570812,0.0012037730564689211,47.73772893760537,0.45110252206524454,0.01112316513495859,0.0,1.5650339817201757,1.5612078738615967,435.2072392641494,-0.003142127547256031,0.11719987314591958,0.0030456272949388463,0,0,1.0768253968253968e-06,8.119072214077393e-06
0,3.2175000000000002,3,0.8610000000000002,STEADY FLOW,1.0,0.3,0.300000623890872,0.3009432625997662,0.001200002495563488,0.001203773050399065,47.737724819495185,0.4511025205106033,0.011123164915739885,0.0,1.5650339817201682,1.5612078538921492,435.20723189358165,-0.003142122495175429,0.11719987274201195,0.003045627032152387,0,0,1.0768253968253968e-06,8.119072214077393e-06
0,3.2235,3,0.8682000000000003,STEADY FLOW,1.0,0.3,0.30000062388872795,0.30094326096417556,0.0012000024955549117,0.0012037730438567023,47.73772453782002,0.4511025187596872,0.011123164760534867,0.0,1.5650339817201748,1.56120783843905,435.207225885707,-0.0031421170503872823,0.1171998722871106,0.003045627013942287,0,0,1.0768253968253968e-06,8.119072214077393e-06
0,3.2295000000000003,3,0.8754000000000004,STEADY FLOW,1.0,0.3,0.30000062388697873,0.3009432597436072,0.001200002495547915,0.0012037730389744287,47.737728008705844,0.45110251738644525,0.011123164716506232,0.0,1.5650339817201726,1.5612078322871703,435.2072231167415,-0.0031421129876836036,0.11719987193033189,0.0030456272350432023,0,0,1.0768253968253968e-06,8.119072214077393e-06
0,3.2355,3,0.8826000000000005,STEADY FLOW,1.0,0.3,0.3000006238861705,0.3009432593134133,0.001200002495544682,0.0012037730372536533,47.73773393946616,0.451102516817198,0.011123164792861786,0.0,1.5650339817201748,1.561207836997596,435.2072243346567,-0.003142111556409585,0.11719987178243713,0.003045627613097013,0,0,1.0768253968253968e-06,8.119072214077393e-06
0,3.2415000000000003,3,0.8898000000000006,STEADY FLOW,1.0,0.3,0.3000006238865207,0.3009432597766699,0.0012000024955460828,0.0012037730391066797,47.73774030388469,0.45110251719930733,0.011123164959481083,0.0,1.5650339817201746,1.5612078505540363,435.20722896535216,-0.0031421130994239745,0.11719987188171203,0.003045628018936153,0,0,1.0768253968253968e-06,8.119072214077393e-06
0,3.2475,3,0.8969999999999998,STEADY FLOW,1.0,0.3,0.30000062388786364,0.3009432609428788,0.0012000024955514546,0.0012037730437715153,47.737745028354674,0.4511025183658474,0.011123165158393587,0.0,1.565033981720184,1.5612078681785964,435.2072353567338,-0.003142116982288439,0.11719987218478806,0.003045628320327065,0,0,1.0768253968253968e-06,8.119072214077393e-06
0,3.2535000000000003,3,0.9042000000000003,STEADY FLOW,1.0,0.3,0.300000623889722,0.3009432624034357,0.001200002495558888,0.0012037730496137428,47.737746661416864,0.45110251990437406,0.011123165323932052,0.0,1.5650339817201713,1.561207883996047,435.207241365152,-0.0031421218445873292,0.117199872584509,0.0030456284246691556,0,0,1.0768253968253968e-06,8.119072214077393e-06
0,3.2595,3,0.9114,STEADY FLOW,1.0,0.3,0.30000062389147086,0.3009432636736614,0.0012000024955658834,0.0012037730546946457,47.73774481610458,0.45110252130151784,0.011123165404217934,0.0,1.5650339817201684,1.5612078929804256,435.2072450697571,-0.0031421260728163344,0.11719987294749758,0.003045628307215331,0,0,1.0768253968253968e-06,8.119072214077393e-06
0,3.2655000000000003,3,0.9186000000000001,STEADY FLOW,1.0,0.3,0.30000062389255033,0.3009432643520956,0.0012000024955702013,0.0012037730574083825,47.73774024759337,0.451102522112602,0.011123165377181167,0.0,1.5650339817201717,1.5612078925427952,435.2072453788661,-0.0031421283306493513,0.11719987315822342,0.0030456280160515714,0,0,1.0768253968253968e-06,8.119072214077393e-06
0,3.2715,3,0.9258000000000002,STEADY FLOW,1.0,0.3,0.3000006238926434,0.30094326424643125,0.0012000024955705737,0.001203773056985725,47.737734554931414,0.4511025221022487,0.011123165256403039,0.0,1.565033981720167,1.5612078832548384,435.20724234611316,-0.0031421279781242853,0.11719987315553355,0.0030456276530952398,0,0,1.0768253968253968e-06,8.119072214077393e-06
0,3.2775000000000003,3,0.9330000000000003,STEADY FLOW,1.0,0.3,0.3000006238917651,0.3009432634266008,0.0012000024955670604,0.0012037730537064033,47.7377296262348,0.4511025213112943,0.011123165085195586,0.0,1.5650339817201835,1.561207868517282,435.2072371038264,-0.003142125248298808,0.11719987295003759,0.0030456273387367006,0,0,1.0768253968253968e-06,8.119072214077393e-06
0,3.2835,3,0.9401999999999999,STEADY FLOW,1.0,0.3,0.3000006238902421,0.30094326218999135,0.0012000024955609685,0.0012037730487599655,47.737727018229386,0.45110252003084217,0.011123164921135784,0.0,1.565033981720181,1.5612078533355054,435.20723144581484,-0.0031421211313682478,0.11719987261736635,0.0030456271722714146,0,0,1.0768253968253968e-06,8.119072214077393e-06
0,3.2895,3,0.9474,STEADY FLOW,1.0,0.3,0.30000062388859605,0.3009432609546424,0.0012000024955543841,0.0012037730438185696,47.73772746799925,0.45110251869640294,0.011123164816823556,0.0,1.5650339817201835,1.5612078426323703,435.20722721650446,-0.0031421170190512777,0.11719987227066886,0.0030456272007561846,0,0,1.0768253968253968e-06,8.119072214077393e-06
0,3.2955,3,0.9546000000000001,STEADY FLOW,1.0,0.3,0.3000006238873641,0.3009432601192401,0.0012000024955494564,0.0012037730404769605,47.7377306905178,0.45110251774115345,0.01112316480321989,0.0,1.565033981720173,1.5612078396597475,435.207225716066,-0.0031421142385021877,0.11719987202248776,0.003045627406081497,0,0,1.0768253968253968e-06,8.119072214077393e-06
0,3.3015,3,0.9617999999999998,STEADY FLOW,1.0,0.3,0.30000062388692533,0.30094325993547416,0.0012000024955477013,0.0012037730397418966,47.73773551861148,0.4511025174564296,0.011123164880624994,0.0,1.5650339817201706,1.5612078450240476,435.20722730581457,-0.0031421136274174684,0.11719987194851438,0.0030456277138717347,0,0,1.0768253968253968e-06,8.119072214077393e-06
0,3.3075,3,0.9690000000000003,STEADY FLOW,1.0,0.3,0.30000062388738435,0.3009432604330082,0.0012000024955495375,0.0012037730417320328,47.73774032112239,0.45110251790363254,0.011123165019882334,0.0,1.565033981720181,1.5612078566139094,435.20723133152666,-0.003142115284325893,0.1171998720647011,0.003045628020136304,0,0,1.0768253968253968e-06,8.119072214077393e-06
0,3.3135,3,0.9762,STEADY FLOW,1.0,0.3,0.30000062388855303,0.30094326142000033,0.0012000024955542122,0.0012037730456800014,47.73774354892152,0.45110251890486036,0.011123165173190796,0.0,1.5650339817201737,1.5612078704050896,435.20723638152435,-0.003142118570384895,0.11719987232482772,0.003045628226078456,0,0,1.0768253968253968e-06,8.119072214077393e-06
0,3.3195,3,0.9834000000000005,STEADY FLOW,1.0,0.3,0.30000062389002136,0.30094326255557124,0.0012000024955600855,0.001203773050222285,47.737744230889454,0.4511025201116914,0.011123165290437552,0.0,1.5650339817201744,1.5612078818442752,435.20724077943004,-0.003142122350703768,0.11719987263837159,0.0030456282697326476,0,0,1.0768253968253968e-06,8.119072214077393e-06
0,3.3255,3,0.9905999999999997,STEADY FLOW,1.0,0.3,0.30000062389130155,0.30094326346648625,0.0012000024955652062,0.0012037730538659451,47.737742262893114,0.4511025211252926,0.0111231653354332,0.0,1.565033981720167,1.5612078873446589,435.207243135742,-0.0031421253827999453,0.11719987290171291,0.003045628144402013,0,0,1.0768253968253968e-06,8.119072214077393e-06
0,3.3315,3,0.9977999999999998,STEADY FLOW,1.0,0.3,0.30000062389198884,0.300943263868768,0.0012000024955679553,0.001203773055475072,47.737738401637706,0.451102521627105,0.011123165296902276,0.0,1.5650339817201686,1.5612078854017417,435.2072427818695,-0.0031421267214382666,0.11719987303208762,0.0030456278982868845,0,0,1.0768253968253968e-06,8.119072214077393e-06
0,3.3375,4,0.004999999999999893,STEADY FLOW,1.0,0.3,0.3000006238918887,0.30094326365561064,0.0012000024955675548,0.0012037730546224426,47.73773397960072,0.45110252147832575,0.011123165191092348,0.0,1.5650339817201757,1.5612078769821716,435.2072399551549,-0.003142126011250071,0.11719987299343362,0.003045627616323987,0,0,1.0768253968253968e-06,8.119072214077393e-06
0,3.3435,4,0.012199999999999989,STEADY FLOW,1.0,0.3,0.3000006238910692,0.300943262924005,0.0012000024955642768,0.0012037730516960199,47.73773044951721,0.45110252075677043,0.011123165055255537,0.0,1.5650339817201744,1.5612078650982448,435.20723568174645,-0.003142123575309763,0.11719987280596805,0.0030456273911487752,0,0,1.0768253968253968e-06,8.119072214077393e-06
0,3.3495,4,0.019400000000000084,STEADY FLOW,1.0,0.3,0.30000062388982707,0.3009432619337924,0.0012000024955593084,0.0012037730477351695,47.73772891095145,0.45110251972150545,0.011123164934604562,0.0,1.565033981720179,1.5612078537444458,435.2072314071381,-0.0031421202787614245,0.11719987253699833,0.0030456272929038075,0,0,1.0768253968253968e-06,8.119072214077393e-06
0,3.3555,4,0.02660000000000018,STEADY FLOW,1.0,0.3,0.3000006238885835,0.3009432610163002,0.001200002495554334,0.001203773044065201,47.73772977017175,0.4511025187209235,0.01112316486737437,0.0,1.565033981720172,1.5612078465630745,435.2072285106153,-0.0031421172246188407,0.1171998722770395,0.0030456273475425455,0,0,1.0768253968253968e-06,8.119072214077393e-06
0,3.3615,4,0.033800000000000274,STEADY FLOW,1.0,0.3,0.30000062388773957,0.3009432604644493,0.0012000024955509583,0.0012037730418577972,47.737732640022486,0.4511025180764886,0.01112316487285535,0.0,1.5650339817201768,1.5612078456822982,435.20722786493684,-0.003142115387941588,0.1171998721096104,0.00304562753042692,0,0,1.0768253968253968e-06,8.119072214077393e-06
0,3.3675,4,0.04100000000000037,STEADY FLOW,1.0,0.3,0.3000006238875496,0.3009432604398795,0.0012000024955501985,0.0012037730417595181,47.73773650239661,0.4511025179801681,0.01112316494598617,0.0,1.5650339817201735,1.561207851098856,435.20722957667175,-0.0031421153066776416,0.11719987208458561,0.0030456277766715,0,0,1.0768253968253968e-06,8.119072214077393e-06
0,3.3735,4,0.048199999999999577,STEADY FLOW,1.0,0.3,0.3000006238880448,0.30094326092643836,0.0012000024955521793,0.0012037730437057534,47.73774006564018,0.4511025184380346,0.011123165060048627,0.0,1.5650339817201762,1.5612078607777775,435.20723298525064,-0.0031421169268811984,0.1171998722035428,0.003045628003923495,0,0,1.0768253968253968e-06,8.119072214077393e-06
0,3.3795,4,0.05540000000000056,STEADY FLOW,1.0,0.3,0.30000062388903487,0.3009432617436788,0.0012000024955561395,0.0012037730469747151,47.73774219279487,0.4511025192769397,0.011123165176347571,0.0,1.5650339817201708,1.5612078714005206,435.20723691255756,-0.003142119647699839,0.11719987242149672,0.0030456281396675777,0,0,1.0768253968253968e-06,8.119072214077393e-06
0,3.3855,4,0.06259999999999977,STEADY FLOW,1.0,0.3,0.30000062389017723,0.30094326261278853,0.001200002495560709,0.001203773050451154,47.73774226210241,0.4511025202087735,0.01112316525725952,0.0,1.565033981720172,1.5612078794938684,435.2072400677414,-0.003142122540906481,0.11719987266359427,0.0030456281442199362,0,0,1.0768253968253968e-06,8.119072214077393e-06
0,3.3915,4,0.06979999999999986,STEADY FLOW,1.0,0.3,0.3000006238910958,0.30094326325085646,0.001200002495564383,0.0012037730530034259,47.73774034523463,0.45110252092851105,0.01112316527827049,0.0,1.5650339817201702,1.5612078825599438,435.2072414673724,-0.003142124664723628,0.11719987285058758,0.00304562802210695,0,0,1.0768253968253968e-06,8.119072214077393e-06
0,3.3975,4,0.07699999999999996,STEADY FLOW,1.0,0.3,0.30000062389150467,0.3009432634622996,0.0012000024955660187,0.0012037730538491985,47.73773715176178,0.4511025212133532,0.011123165235300447,0.0,1.5650339817201708,1.5612078798385052,435.2072407388719,-0.003142125368165405,0.11719987292459172,0.003045627818537344,0,0,1.0768253968253968e-06,8.119072214077393e-06
0,3.4035,4,0.08420000000000005,STEADY FLOW,1.0,0.3,0.30000062389129495,0.30094326319828146,0.0012000024955651797,0.0012037730527931258,47.73773377042624,0.4511025209911178,0.011123165145150883,0.0,1.5650339817201675,1.5612078724715839,435.2072382145392,-0.003142124488808106,0.11719987286685328,0.0030456276029176,0,0,1.0768253968253968e-06,8.119072214077393e-06
0,3.4095,4,0.09140000000000015,STEADY FLOW,1.0,0.3,0.3000006238905625,0.3009432625657921,0.00120000249556225,0.0012037730502631686,47.73773130137365,0.4511025203567683,0.011123165039088976,0.0,1.565033981720172,1.561207863048596,435.2072347916943,-0.0031421223829637785,0.11719987270204443,0.00304562744540382,0,0,1.0768253968253968e-06,8.119072214077393e-06
0,3.4155,4,0.09860000000000024,STEADY FLOW,1.0,0.3,0.3000006238895674,0.30094326178577635,0.0012000024955582695,0.0012037730471431054,47.73773050060503,0.45110251953382696,0.01112316495206477,0.0,1.5650339817201824,1.5612078547057457,435.20723161592707,-0.003142119786244034,0.11719987248823803,0.003045627394230088,0,0,1.0768253968253968e-06,8.119072214077393e-06
0,3.4215,4,0.10580000000000034,STEADY FLOW,1.0,0.3,0.30000062388864307,0.300943261116697,0.0012000024955545723,0.001203773044466788,47.73773155057503,0.4511025187964865,0.011123164911301395,0.0,1.5650339817201757,1.5612078500877158,435.20722970094675,-0.003142117559074872,0.11719987229667135,0.003045627461068623,0,0,1.0768253968253968e-06,8.119072214077393e-06
0,3.4275,4,0.11300000000000043,STEADY FLOW,1.0,0.3,0.3000006238880848,0.30094326076959016,0.001200002495552339,0.0012037730430783608,47.737734027674186,0.4511025183789808,0.01112316492786808,0.0,1.56503398172017,1.5612078505153357,435.20722960805176,-0.0031421164039212297,0.1171998721882002,0.0030456276189443354,0,0,1.0768253968253968e-06,8.119072214077393e-06
0,3.4335,4,0.12019999999999964,STEADY FLOW,1.0,0.3,0.3000006238880559,0.30094326084189715,0.0012000024955522235,0.0012037730433675886,47.7377370673925,0.4511025184015652,0.011123164993810464,0.0,1.5650339817201708,1.561207855620576,435.2072312844117,-0.0031421166450407477,0.11719987219406776,0.0030456278127555247,0,0,1.0768253968253968e-06,8.119072214077393e-06
0,3.4395000000000002,4,0.12739999999999974,STEADY FLOW,1.0,0.3,0.3000006238885418,0.30094326129109106,0.0012000024955541673,0.0012037730451643642,47.73773966296855,0.45110251883683494,0.011123165085566898,0.0,1.5650339817201733,1.561207863542693,435.20723410772456,-0.0031421181407258946,0.1171998723071542,0.003045627978306875,0,0,1.0768253968253968e-06,8.119072214077393e-06
0,3.4455,4,0.13459999999999983,STEADY FLOW,1.0,0.3,0.30000062388936194,0.30094326195497506,0.0012000024955574479,0.0012037730478199002,47.73774099635415,0.45110251952546254,0.011123165172348522,0.0,1.5650339817201688,1.5612078715957123,435.20723711431464,-0.003142120350925462,0.1171998724860649,0.003045628063420125,0,0,1.0768253968253968e-06,8.119072214077393e-06
0,3.4515000000000002,4,0.14179999999999993,STEADY FLOW,1.0,0.3,0.3000006238902369,0.30094326260951326,0.0012000024955609477,0.001203773050438053,47.73774069444872,0.4511025202336357,0.011123165226377412,0.0,1.5650339817201808,1.5612078771732922,435.207239325595,-0.0031421225297892895,0.11719987267005368,0.0030456280442727746,0,0,1.0768253968253968e-06,8.119072214077393e-06
0,3.4575,4,0.14900000000000002,STEADY FLOW,1.0,0.3,0.30000062389088084,0.3009432630438016,0.0012000024955635233,0.0012037730521752064,47.73773892949221,0.45110252073184975,0.011123165231689137,0.0,1.565033981720172,1.5612078785876506,435.2072400636428,-0.0031421239752609034,0.11719987279949345,0.0030456279318133994,0,0,1.0768253968253968e-06,8.119072214077393e-06
0,3.4635000000000002,4,0.15620000000000012,STEADY FLOW,1.0,0.3,0.3000006238910968,0.30094326312758957,0.0012000024955643872,0.0012037730525103583,47.73773633792505,0.4511025208687371,0.01112316518877957,0.0,1.5650339817201782,1.5612078755721146,435.20723915696396,-0.0031421242538315227,0.11719987283505785,0.0030456277665993348,0,0,1.0768253968253968e-06,8.119072214077393e-06
0,3.4695,4,0.1634000000000002,STEADY FLOW,1.0,0.3,0.3000006238908349,0.3009432628498336,0.0012000024955633396,0.0012037730513993344,47.73773379379727,0.4511025206165972,0.01112316511371486,0.0,1.5650339817201815,1.5612078693016649,435.2072369735105,-0.003142123328855801,0.11719987276954998,0.0030456276043537844,0,0,1.0768253968253968e-06,8.119072214077393e-06
0,3.4755000000000003,4,0.1706000000000003,STEADY FLOW,1.0,0.3,0.30000062389020105,0.30094326231671753,0.0012000024955608041,0.00120377304926687,47.73773211644568,0.4511025200746014,0.01112316503219313,0.0,1.5650339817201817,1.561207861948762,435.2072342765277,-0.003142121553925344,0.11719987262873535,0.0030456274973309494,0,0,1.0768253968253968e-06,8.119072214077393e-06
0,3.4815,4,0.1778000000000004,STEADY FLOW,1.0,0.3,0.3000006238894167,0.3009432617119279,0.0012000024955576667,0.0012037730468477117,47.73773180813561,0.4511025194308738,0.011123164970814291,0.0,1.5650339817201737,1.5612078559369562,435.2072319597325,-0.0031421195405870747,0.11719987246149,0.003045627477581414,0,0,1.0768253968253968e-06,8.119072214077393e-06
0,3.4875000000000003,4,0.1850000000000005,STEADY FLOW,1.0,0.3,0.3000006238887424,0.3009432612339689,0.0012000024955549696,0.0012037730449358758,47.7377329058661,0.4511025188978517,0.011123164948482964,0.0,1.5650339817201773,1.561207853146134,435.20723075380715,-0.003142117949648444,0.11719987232300678,0.0030456275474946004,0,0,1.0768253968253968e-06,8.119072214077393e-06
0,3.4935,4,0.1922000000000006,STEADY FLOW,1.0,0.3,0.30000062388839044,0.3009432610314352,0.0012000024955535619,0.0012037730441257408,47.73773499107806,0.45110251864264583,0.011123164970637792,0.0,1.5650339817201746,1.5612078543302532,435.2072309978301,-0.0031421172757142564,0.11719987225670238,0.0030456276804071702,0,0,1.0768253968253968e-06,8.119072214077393e-06
0,3.4995000000000003,4,0.1994000000000007,STEADY FLOW,1.0,0.3,0.3000006238884601,0.30094326115716974,0.0012000024955538405,0.001203773044628679,47.73773734581783,0.45110251873499985,0.011123165028093794,0.0,1.5650339817201815,1.5612078589260996,435.2072325468588,-0.003142117694595658,0.11719987228069663,0.0030456278305548423,0,0,1.0768253968253968e-06,8.119072214077393e-06
0,3.5055,4,0.2065999999999999,STEADY FLOW,1.0,0.3,0.30000062388890913,0.30094326155557033,0.0012000024955556366,0.0012037730462222814,47.7377391976036,0.45110251912921234,0.011123165100688025,0.0,1.565033981720181,1.5612078652948282,435.20723484106986,-0.003142119021093176,0.11719987238311605,0.0030456279486781312,0,0,1.0768253968253968e-06,8.119072214077393e-06
0,3.5115000000000003,4,0.21380000000000088,STEADY FLOW,1.0,0.3,0.3000006238895762,0.30094326208562533,0.0012000024955583048,0.0012037730483425014,47.73773997127372,0.451102519684294,0.011123165164299,0.0,1.5650339817201784,1.5612078712993358,435.20723710610207,-0.0031421207857090386,0.1171998725273305,0.0030456279980854983,0,0,1.0768253968253968e-06,8.119072214077393e-06
0,3.5175,4,0.22100000000000009,STEADY FLOW,1.0,0.3,0.30000062389023496,0.30094326257024767,0.0012000024955609399,0.0012037730502809907,47.73773946620997,0.4511025202137342,0.011123165198807756,0.0,1.5650339817201708,1.5612078750174627,435.2072386121344,-0.003142122398910867,0.11719987266488309,0.003045627965959863,0,0,1.0768253968253968e-06,8.119072214077393e-06
0,3.5235000000000003,4,0.22820000000000018,STEADY FLOW,1.0,0.3,0.3000006238906739,0.30094326285501183,0.0012000024955626956,0.0012037730514200473,47.73773790388237,0.45110252054775246,0.01112316519438354,0.0,1.5650339817201797,1.5612078753532017,435.20723890726936,-0.0031421233466549176,0.11719987275166358,0.003045627866395506,0,0,1.0768253968253968e-06,8.119072214077393e-06
0,3.5295,4,0.23540000000000028,STEADY FLOW,1.0,0.3,0.300000623890761,0.30094326285706263,0.0012000024955630439,0.0012037730514282505,47.73773583672479,0.4511025205873895,0.011123165154231467,0.0,1.5650339817201664,1.5612078723522873,435.20723795132835,-0.00314212335319957,0.11719987276196157,0.0030456277346031513,0,0,1.0768253968253968e-06,8.119072214077393e-06
0,3.5355000000000003,4,0.24260000000000037,STEADY FLOW,1.0,0.3,0.30000062389048393,0.3009432625886491,0.0012000024955619358,0.0012037730503545966,47.737733954980094,0.45110252033328224,0.011123165092948825,0.0,1.5650339817201842,1.5612078671352292,435.2072361101574,-0.0031421224594163242,0.11719987269594259,0.0030456276145898187,0,0,1.0768253968253968e-06,8.119072214077393e-06
0,3.5415,4,0.24979999999999958,STEADY FLOW,1.0,0.3,0.3000006238899495,0.30094326214876027,0.0012000024955597982,0.0012037730485950412,47.73773285789373,0.4511025198808544,0.011123165031278191,0.0,1.5650339817201806,1.5612078614873273,435.20723401844907,-0.0031421209949100875,0.11719987257839842,0.0030456275445769343,0,0,1.0768253968253968e-06,8.119072214077393e-06
0,3.5475,4,0.2569999999999997,STEADY FLOW,1.0,0.3,0.3000006238893411,0.30094326168717245,0.0012000024955573646,0.0012037730467486898,47.737732863967835,0.451102519385173,0.011123164989140745,0.0,1.5650339817201773,1.561207857251876,435.20723236269004,-0.0031421194583216953,0.11719987244961658,0.0030456275448929038,0,0,1.0768253968253968e-06,8.119072214077393e-06
0,3.5535,4,0.26419999999999977,STEADY FLOW,1.0,0.3,0.30000062388885906,0.3009432613539236,0.0012000024955554362,0.0012037730454156944,47.737733920844406,0.45110251900825654,0.011123164979257175,0.0,1.56503398172018,1.5612078557318385,435.20723165773285,-0.003142118349106263,0.11719987235169083,0.0030456276122234893,0,0,1.0768253968253968e-06,8.119072214077393e-06
0,3.5595,4,0.27139999999999986,STEADY FLOW,1.0,0.3,0.3000006238886529,0.30094326125077814,0.0012000024955546116,0.0012037730450031126,47.737735639459125,0.45110251886639446,0.011123165003353003,0.0,1.5650339817201693,1.5612078572941075,435.2072320880273,-0.003142118005978131,0.11719987231483396,0.003045627721778965,0,0,1.0768253968253968e-06,8.119072214077393e-06
0,3.5655,4,0.27859999999999996,STEADY FLOW,1.0,0.3,0.3000006238887771,0.30094326140054095,0.0012000024955551084,0.0012037730456021638,47.73773743498179,0.45110251899468107,0.011123165052095613,0.0,1.5650339817201748,1.561207861294125,435.20723346277913,-0.0031421185047713165,0.1171998723481638,0.003045627836277154,0,0,1.0768253968253968e-06,8.119072214077393e-06
0,3.5715,4,0.28579999999999917,STEADY FLOW,1.0,0.3,0.30000062388917587,0.30094326174332153,0.0012000024955567035,0.0012037730469732862,47.73773872414374,0.45110251933935175,0.011123165108623852,0.0,1.5650339817201775,1.5612078663295583,435.2072352950165,-0.003142119646037324,0.11719987243771189,0.0030456279185213653,0,0,1.0768253968253968e-06,8.119072214077393e-06
0,3.5775,4,0.29300000000000015,STEADY FLOW,1.0,0.3,0.3000006238897087,0.3009432621596883,0.001200002495558835,0.0012037730486387532,47.73773911369421,0.45110251977931215,0.011123165154337927,0.0,1.565033981720183,1.5612078707273511,435.2072369726165,-0.003142121032142159,0.11719987255201693,0.0030456279434212252,0,0,1.0768253968253968e-06,8.119072214077393e-06
0,3.5835,4,0.30020000000000024,STEADY FLOW,1.0,0.3,0.3000006238901966,0.30094326251187836,0.0012000024955607863,0.0012037730500475134,47.73773851893678,0.4511025201681998,0.011123165174970974,0.0,1.5650339817201706,1.5612078730966987,435.2072379609727,-0.0031421222044750578,0.1171998726530529,0.003045627905556403,0,0,1.0768253968253968e-06,8.119072214077393e-06
0,3.5895,4,0.30740000000000034,STEADY FLOW,1.0,0.3,0.3000006238904851,0.30094326268907917,0.0012000024955619404,0.0012037730507563167,47.73773717678952,0.4511025203827513,0.01112316516499975,0.0,1.5650339817201664,1.5612078727652474,435.2072379722135,-0.0031421227941785,0.11719987270879502,0.003045627820014385,0,0,1.0768253968253968e-06,8.119072214077393e-06
0,3.5955,4,0.31459999999999955,STEADY FLOW,1.0,0.3,0.3000006238904891,0.3009432626420528,0.0012000024955619564,0.001203773050568211,47.73773555447328,0.45110252036164106,0.011123165129036838,0.0,1.5650339817201786,1.5612078699629282,435.20723704728493,-0.003142122637410852,0.11719987270331045,0.0030456277165749057,0,0,1.0768253968253968e-06,8.119072214077393e-06
0,3.6015,4,0.32179999999999964,STEADY FLOW,1.0,0.3,0.3000006238902213,0.3009432623962218,0.0012000024955608852,0.0012037730495848874,47.73773418849904,0.45110252012244195,0.011123165079884981,0.0,1.5650339817201762,1.5612078657068449,435.2072355275737,-0.0031421218188714597,0.11719987264116469,0.0030456276294485995,0,0,1.0768253968253968e-06,8.119072214077393e-06
0,3.6075,4,0.32899999999999974,STEADY FLOW,1.0,0.3,0.30000062388977966,0.3009432620399936,0.0012000024955591186,0.0012037730481599745,47.7377335083231,0.4511025197522985,0.011123165034005176,0.0,1.5650339817201664,1.561207861437404,435.20723393067243,-0.003142120632923366,0.11719987254499857,0.003045627586028443,0,0,1.0768253968253968e-06,8.119072214077393e-06
0,3.6135,4,0.3362000000000007,STEADY FLOW,1.0,0.3,0.3000006238893151,0.3009432616933822,0.0012000024955572603,0.0012037730467735288,47.73773370227054,0.4511025193766609,0.011123165006059539,0.0,1.5650339817201768,1.561207858533701,435.20723277558886,-0.003142119479107816,0.11719987244740507,0.0030456275983408165,0,0,1.0768253968253968e-06,8.119072214077393e-06
0,3.6195,4,0.3433999999999999,STEADY FLOW,1.0,0.3,0.3000006238889786,0.30094326146787587,0.0012000024955559144,0.0012037730458715034,47.737734667807985,0.45110251911706867,0.011123165004260346,0.0,1.5650339817201757,1.5612078578708484,435.2072324152495,-0.003142118728546922,0.11719987237996102,0.0030456276598644916,0,0,1.0768253968253968e-06,8.119072214077393e-06
0,3.6255,4,0.3506,STEADY FLOW,1.0,0.3,0.30000062388887283,0.30094326143077915,0.0012000024955554913,0.0012037730457231167,47.737736058163826,0.4511025190520697,0.011123165027997598,0.0,1.5650339817201695,1.5612078595607655,435.20723292984826,-0.0031421186052449923,0.1171998723630738,0.0030456277485015892,0,0,1.0768253968253968e-06,8.119072214077393e-06
0,3.6315,4,0.3578000000000001,STEADY FLOW,1.0,0.3,0.3000006238890216,0.3009432615854569,0.0012000024955560863,0.0012037730463418277,47.73773740516001,0.45110251919375055,0.01112316506843523,0.0,1.5650339817201742,1.561207862950859,435.2072341132192,-0.003142119120339069,0.11719987239988357,0.0030456278344042076,0,0,1.0768253968253968e-06,8.119072214077393e-06
0,3.6375,4,0.3650000000000002,STEADY FLOW,1.0,0.3,0.30000062388936544,0.3009432618732395,0.0012000024955574617,0.001203773047492958,47.73773827580756,0.45110251948695257,0.011123165111765426,0.0,1.565033981720176,1.5612078668691856,435.20723555291113,-0.003142120078462607,0.11719987247605972,0.0030456278899579914,0,0,1.0768253968253968e-06,8.119072214077393e-06
0,3.6435,4,0.3722000000000003,STEADY FLOW,1.0,0.3,0.300000623889784,0.30094326219518064,0.001200002495559136,0.0012037730487807225,47.737738410693844,0.45110251983014943,0.011123165143866392,0.0,1.565033981720175,1.5612078700265242,435.20723677256865,-0.0031421211501978003,0.11719987256522485,0.0030456278986059626,0,0,1.0768253968253968e-06,8.119072214077393e-06
0,3.6495,4,0.3794000000000004,STEADY FLOW,1.0,0.3,0.3000006238901391,0.3009432624457754,0.0012000024955605565,0.0012037730497831017,47.73773779986123,0.45110252011025254,0.011123165154886577,0.0,1.5650339817201828,1.561207871438256,435.20723738834397,-0.0031421219843246655,0.11719987263799776,0.003045627859700639,0,0,1.0768253968253968e-06,8.119072214077393e-06
0,3.6555,4,0.3866000000000005,STEADY FLOW,1.0,0.3,0.3000006238903189,0.3009432625473507,0.0012000024955612755,0.0012037730501894028,47.73773667447736,0.45110252023968156,0.011123165142221315,0.0,1.5650339817201684,1.5612078707281982,435.2072372288812,-0.003142122322307127,0.11719987267162442,0.003045627787966687,0,0,1.0768253968253968e-06,8.119072214077393e-06
0,3.6615,4,0.3938000000000006,STEADY FLOW,1.0,0.3,0.3000006238902732,0.3009432624739128,0.001200002495561093,0.0012037730498956512,47.73773542120497,0.4511025201835277,0.011123165111044457,0.0,1.5650339817201793,1.561207868222109,435.20723638105346,-0.0031421220776672136,0.11719987265703524,0.0030456277080528338,0,0,1.0768253968253968e-06,8.119072214077393e-06
0,3.6675,4,0.4009999999999998,STEADY FLOW,1.0,0.3,0.30000062389002724,0.3009432622571525,0.001200002495560109,0.0012037730490286102,47.73773445055773,0.45110251996838563,0.011123165072265902,0.0,1.5650339817201733,1.5612078648108445,435.20723514998065,-0.003142121355957047,0.11719987260113969,0.0030456276461352516,0,0,1.0768253968253968e-06,8.119072214077393e-06
0,3.6735,4,0.4081999999999999,STEADY FLOW,1.0,0.3,0.30000062388966925,0.3009432619735642,0.001200002495558677,0.0012037730478942567,47.73773406307743,0.4511025196709401,0.01112316503874713,0.0,1.5650339817201748,1.5612078616370568,435.20723395045536,-0.0031421204118615184,0.11719987252386108,0.003045627621387048,0,0,1.0768253968253968e-06,8.119072214077393e-06
0,3.6795,4,0.4154,STEADY FLOW,1.0,0.3,0.3000006238893203,0.30094326171774105,0.0012000024955572813,0.0012037730468709641,47.737734357249394,0.4511025193909615,0.011123165021068509,0.0,1.565033981720176,1.5612078597145949,435.20723316831607,-0.0031421195602863604,0.1171998724511205,0.003045627640103188,0,0,1.0768253968253968e-06,8.119072214077393e-06
0,3.6855,4,0.4226000000000001,STEADY FLOW,1.0,0.3,0.3000006238890923,0.3009432615710287,0.0012000024955563693,0.0012037730462841148,47.737735207019725,0.4511025192180587,0.01112316502422139,0.0,1.5650339817201726,1.5612078596070282,435.2072330371546,-0.0031421190720084965,0.117199872406199,0.0030456276942578686,0,0,1.0768253968253968e-06,8.119072214077393e-06
0,3.6915,4,0.4298000000000002,STEADY FLOW,1.0,0.3,0.30000062388905346,0.30094326157581486,0.0012000024955562138,0.0012037730463032594,47.73773631281031,0.45110251920317285,0.011123165046238911,0.0,1.5650339817201717,1.5612078612664764,435.2072335696539,-0.0031421190880923005,0.11719987240233157,0.003045627764759029,0,0,1.0768253968253968e-06,8.119072214077393e-06
0,3.6975000000000002,4,0.4370000000000003,STEADY FLOW,1.0,0.3,0.30000062388920795,0.3009432617236471,0.0012000024955568318,0.0012037730468945885,47.73773730595832,0.4511025193439074,0.011123165079148125,0.0,1.5650339817201664,1.561207864076793,435.20723456355853,-0.003142119580348929,0.11719987243889547,0.0030456278281010274,0,0,1.0768253968253968e-06,8.119072214077393e-06
0,3.7035,4,0.4441999999999995,STEADY FLOW,1.0,0.3,0.3000006238894966,0.3009432619602934,0.0012000024955579865,0.0012037730478411737,47.73773787089557,0.45110251958775527,0.011123165111832268,0.0,1.5650339817201795,1.5612078670781833,435.20723567707773,-0.0031421203682030826,0.117199872502249,0.003045627864155298,0,0,1.0768253968253968e-06,8.119072214077393e-06
0,3.7095000000000002,4,0.45140000000000047,STEADY FLOW,1.0,0.3,0.3000006238898204,0.30094326220531037,0.0012000024955592817,0.0012037730488212415,47.73773784474673,0.45110251985127775,0.011123165133751304,0.0,1.5650339817201797,1.5612078692928988,435.207236545302,-0.0031421211838416957,0.11719987257071417,0.0030456278625254907,0,0,1.0768253968253968e-06,8.119072214077393e-06
0,3.7155,4,0.45860000000000056,STEADY FLOW,1.0,0.3,0.3000006238900733,0.300943262379205,0.0012000024955602932,0.00120377304951682,47.73773726293057,0.45110252004852025,0.011123165138316791,0.0,1.5650339817201842,1.56120787004183,435.2072368989833,-0.0031421217626437354,0.11719987262195927,0.0030456278254582525,0,0,1.0768253968253968e-06,8.119072214077393e-06
0,3.7215000000000003,4,0.46580000000000066,STEADY FLOW,1.0,0.3,0.30000062389017673,0.3009432624290695,0.001200002495560707,0.001203773049716278,47.73773633854602,0.45110252011879226,0.011123165124841733,0.0,1.5650339817201833,1.5612078691499411,435.2072366473957,-0.003142121928512588,0.11719987264021645,0.003045627766531389,0,0,1.0768253968253968e-06,8.119072214077393e-06
0,3.7275,4,0.47299999999999986,STEADY FLOW,1.0,0.3,0.300000623890104,0.3009432623444674,0.001200002495560416,0.0012037730493778696,47.7377353856131,0.4511025200452042,0.01112316509850328,0.0,1.5650339817201768,1.5612078669798395,435.20723589939956,-0.0031421216467492495,0.11719987262109771,0.003045627705763554,0,0,1.0768253968253968e-06,8.119072214077393e-06
0,3.7335000000000003,4,0.48019999999999996,STEADY FLOW,1.0,0.3,0.3000006238898869,0.3009432621588378,0.0012000024955595478,0.0012037730486353514,47.73773471312015,0.45110251985809247,0.011123165068389902,0.0,1.5650339817201686,1.561207864290362,435.2072349190601,-0.0031421210287113388,0.11719987257248468,0.003045627662859207,0,0,1.0768253968253968e-06,8.119072214077393e-06
0,3.7395,4,0.48740000000000006,STEADY FLOW,1.0,0.3,0.3000006238896021,0.30094326193669313,0.0012000024955584083,0.0012037730477467725,47.73773452543401,0.4511025196229875,0.011123165044394834,0.0,1.565033981720184,1.5612078619735337,435.20723403339485,-0.003142120289182981,0.11719987251140258,0.0030456276508590285,0,0,1.0768253968253968e-06,8.119072214077393e-06
0,3.7455000000000003,4,0.49460000000000104,STEADY FLOW,1.0,0.3,0.30000062388934434,0.3009432617514233,0.0012000024955573774,0.0012037730470056932,47.73773486101017,0.45110251941799173,0.011123165033986606,0.0,1.5650339817201735,1.561207860760327,435.2072335240854,-0.0031421196724798327,0.11719987245814313,0.003045627672226159,0,0,1.0768253968253968e-06,8.119072214077393e-06
0,3.7515,4,0.5018000000000002,STEADY FLOW,1.0,0.3,0.3000006238891956,0.3009432616611786,0.0012000024955567824,0.0012037730466447143,47.737735587695155,0.45110251930794043,0.011123165039906837,0.0,1.5650339817201717,1.5612078609921192,435.2072335384751,-0.0031421193721622464,0.11719987242955099,0.003045627718542221,0,0,1.0768253968253968e-06,8.119072214077393e-06
0,3.7575000000000003,4,0.5090000000000003,STEADY FLOW,1.0,0.3,0.3000006238891993,0.3009432616907598,0.0012000024955567971,0.0012037730467630392,47.73773645310159,0.4511025193240366,0.011123165059498593,0.0,1.5650339817201742,1.561207862528325,435.20723404800077,-0.003142119470753804,0.11719987243373291,0.0030456277737211934,0,0,1.0768253968253968e-06,8.119072214077393e-06
0,3.7635,4,0.5161999999999995,STEADY FLOW,1.0,0.3,0.3000006238893472,0.30094326182515035,0.0012000024955573887,0.0012037730473006014,47.73773717149121,0.45110251945532115,0.011123165085816554,0.0,1.5650339817201713,1.5612078648135945,435.20723486556506,-0.0031421199182268627,0.1171998724678416,0.0030456278195434283,0,0,1.0768253968253968e-06,8.119072214077393e-06
0,3.7695000000000003,4,0.5233999999999996,STEADY FLOW,1.0,0.3,0.3000006238895846,0.3009432620161987,0.0012000024955583384,0.0012037730480647948,47.737737517606654,0.451102519654163,0.011123165110055178,0.0,1.5650339817201713,1.5612078670759575,435.20723571329046,-0.0031421205542593138,0.11719987251950226,0.003045627841639975,0,0,1.0768253968253968e-06,8.119072214077393e-06
0,3.7755,4,0.5306000000000006,STEADY FLOW,1.0,0.3,0.3000006238898312,0.30094326219964473,0.0012000024955593246,0.0012037730487985789,47.737737396679734,0.4511025198533039,0.011123165124488086,0.0,1.5650339817201695,1.561207868586049,435.2072363160925,-0.0031421211649204613,0.11719987257124055,0.00304562783395812,0,0,1.0768253968253968e-06,8.119072214077393e-06
0,3.7815000000000003,4,0.5378000000000007,STEADY FLOW,1.0,0.3,0.30000062389000687,0.30094326231660734,0.0012000024955600274,0.0012037730492664295,47.73773686904936,0.4511025199884292,0.011123165124895862,0.0,1.5650339817201697,1.5612078688906557,435.2072364904666,-0.0031421215542074494,0.11719987260634714,0.00304562780033657,0,0,1.0768253968253968e-06,8.119072214077393e-06
0,3.7875,4,0.5449999999999999,STEADY FLOW,1.0,0.3,0.300000623890058,0.3009432623323479,0.001200002495560232,0.0012037730493293917,47.737736123531946,0.4511025200188279,0.011123165111789656,0.0,1.565033981720184,1.5612078679463104,435.20723619962746,-0.0031421216065049707,0.11719987261424497,0.0030456277528081444,0,0,1.0768253968253968e-06,8.119072214077393e-06
0,3.7935000000000003,4,0.5522,STEADY FLOW,1.0,0.3,0.3000006238899741,0.30094326224640583,0.0012000024955598964,0.0012037730489856233,47.73773541075356,0.4511025199394643,0.011123165090018082,0.0,1.5650339817201842,1.5612078661147348,435.20723555873025,-0.0031421213203124128,0.11719987259362569,0.003045627707351173,0,0,1.0768253968253968e-06,8.119072214077393e-06
0,3.7995,4,0.5594000000000001,STEADY FLOW,1.0,0.3,0.3000006238897879,0.3009432620911585,0.0012000024955591516,0.0012037730483646341,47.73773495937203,0.4511025197809593,0.0111231650669986,0.0,1.56503398172017,1.5612078640276938,435.20723479057574,-0.0031421208034451884,0.11719987255244489,0.003045627678549323,0,0,1.0768253968253968e-06,8.119072214077393e-06
0,3.8055,4,0.5665999999999993,STEADY FLOW,1.0,0.3,0.3000006238895644,0.30094326191987475,0.0012000024955582576,0.001203773047679499,47.737734903197904,0.45110251959808256,0.011123165050222874,0.0,1.5650339817201702,1.5612078623706482,435.20723414893047,-0.0031421202332479396,0.11719987250493213,0.0030456276749413203,0,0,1.0768253968253968e-06,8.119072214077393e-06
0,3.8115,4,0.5738000000000003,STEADY FLOW,1.0,0.3,0.3000006238893775,0.300943261788587,0.0012000024955575099,0.001203773047154348,47.73773524234919,0.45110251945098245,0.011123165044823009,0.0,1.5650339817201684,1.5612078616589546,435.2072338352402,-0.003142119796247779,0.11719987246671439,0.0030456276965435958,0,0,1.0768253968253968e-06,8.119072214077393e-06
0,3.8175,4,0.5810000000000004,STEADY FLOW,1.0,0.3,0.3000006238892859,0.30094326173786073,0.0012000024955571436,0.001203773046951443,47.73773584933586,0.45110251938552787,0.011123165052023641,0.0,1.5650339817201742,1.5612078620793133,435.20723393585763,-0.0031421196274669166,0.11719987244970878,0.003045627735234868,0,0,1.0768253968253968e-06,8.119072214077393e-06
0,3.8235,4,0.5882000000000005,STEADY FLOW,1.0,0.3,0.30000062388931503,0.30094326178040653,0.00120000249555726,0.0012037730471216263,47.73773651602245,0.4511025194191379,0.011123165068926135,0.0,1.5650339817201773,1.56120786344451,435.2072343993789,-0.0031421197691883576,0.11719987245844093,0.003045627777747084,0,0,1.0768253968253968e-06,8.119072214077393e-06
0,3.8295,4,0.5953999999999997,STEADY FLOW,1.0,0.3,0.3000006238894496,0.3009432618982347,0.0012000024955577983,0.001203773047592939,47.73773702442127,0.45110251953642605,0.011123165089632809,0.0,1.5650339817201824,1.561207865270742,435.20723505962906,-0.0031421201614983893,0.11719987248891328,0.003045627810178253,0,0,1.0768253968253968e-06,8.119072214077393e-06
0,3.8355,4,0.6025999999999998,STEADY FLOW,1.0,0.3,0.30000062388964144,0.3009432620498863,0.0012000024955585657,0.0012037730481995453,47.73773721759275,0.4511025196957525,0.011123165107284871,0.0,1.5650339817201822,1.561207866947385,435.20723569454253,-0.0031421206663611086,0.1171998725303075,0.0030456278225172717,0,0,1.0768253968253968e-06,8.119072214077393e-06
0,3.8415,4,0.609799999999999,STEADY FLOW,1.0,0.3,0.300000623889826,0.3009432621848483,0.001200002495559304,0.0012037730487393932,47.737737047562135,0.45110251984372535,0.01112316511632206,0.0,1.5650339817201706,1.561207867939965,435.20723610025595,-0.0031421211156162053,0.117199872568752,0.00304562781169726,0,0,1.0768253968253968e-06,8.119072214077393e-06
0,3.8475,4,0.617,STEADY FLOW,1.0,0.3,0.30000062388994425,0.3009432622603129,0.001200002495559777,0.0012037730490412517,47.73773658575275,0.451102519933113,0.01112316511421571,0.0,1.5650339817201775,1.5612078679592,435.2072361562026,-0.0031421213667692455,0.11719987259197556,0.00304562778226658,0,0,1.0768253968253968e-06,8.119072214077393e-06
0,3.8535,4,0.6242000000000001,STEADY FLOW,1.0,0.3,0.3000006238899608,0.3009432622546203,0.0012000024955598433,0.0012037730490184813,47.73773599453465,0.45110251993769546,0.011123165102159356,0.0,1.5650339817201742,1.561207867043191,435.2072358602846,-0.003142121347738557,0.11719987259316612,0.003045627744571844,0,0,1.0768253968253968e-06,8.119072214077393e-06
0,3.8595,4,0.6314000000000002,STEADY FLOW,1.0,0.3,0.30000062388987514,0.3009432621733143,0.0012000024955595005,0.001203773048693257,47.737735470679254,0.45110251985988253,0.011123165084494742,0.0,1.5650339817201662,1.5612078655302486,435.2072353240605,-0.0031421210770054713,0.11719987257294975,0.00304562771116057,0,0,1.0768253968253968e-06,8.119072214077393e-06
0,3.8655,4,0.6385999999999994,STEADY FLOW,1.0,0.3,0.3000006238897193,0.30094326204608585,0.0012000024955588773,0.0012037730481843434,47.73773518026593,0.45110251972855037,0.011123165067181633,0.0,1.5650339817201833,1.5612078639360365,435.20723473156534,-0.003142120653432587,0.11719987253882863,0.0030456276926256187,0,0,1.0768253968253968e-06,8.119072214077393e-06
0,3.8715,4,0.6457999999999995,STEADY FLOW,1.0,0.3,0.3000006238895472,0.3009432619160961,0.0012000024955581888,0.0012037730476643844,47.737735206408075,0.4511025195885219,0.011123165055793652,0.0,1.5650339817201786,1.561207862778955,435.2072342766732,-0.0031421202207098787,0.11719987250244819,0.0030456276942720795,0,0,1.0768253968253968e-06,8.119072214077393e-06
0,3.8775,4,0.6530000000000005,STEADY FLOW,1.0,0.3,0.30000062388941473,0.30094326182544356,0.0012000024955576589,0.0012037730473017743,47.737735526236605,0.45110251948539826,0.011123165053736445,0.0,1.5650339817201746,1.5612078624126318,435.2072340999936,-0.003142119918978293,0.11719987247565589,0.003045627714649113,0,0,1.0768253968253968e-06,8.119072214077393e-06
0,3.8835,4,0.6602000000000006,STEADY FLOW,1.0,0.3,0.3000006238893627,0.30094326180160413,0.001200002495557451,0.0012037730472064165,47.73773602313922,0.45110251945080754,0.011123165061246155,0.0,1.5650339817201782,1.5612078629193242,435.20723424586674,-0.0031421198396876142,0.11719987246666892,0.00304562774632533,0,0,1.0768253968253968e-06,8.119072214077393e-06
0,3.8895,4,0.6673999999999998,STEADY FLOW,1.0,0.3,0.300000623889405,0.30094326184923165,0.00120000249555762,0.0012037730473969267,47.73773652863043,0.45110251949279284,0.011123165075469845,0.0,1.5650339817201817,1.5612078640957168,435.20723465250904,-0.0031421199983041083,0.11719987247757706,0.0030456277785608776,0,0,1.0768253968253968e-06,8.119072214077393e-06
0,3.8955,4,0.6745999999999999,STEADY FLOW,1.0,0.3,0.3000006238895231,0.30094326194969157,0.0012000024955580923,0.0012037730477987662,47.737736879101355,0.45110251959430947,0.011123165091501358,0.0,1.5650339817201677,1.5612078655314934,435.207235176767,-0.0031421203327750705,0.11719987250395185,0.0030456278009209914,0,0,1.0768253968253968e-06,8.119072214077393e-06
0,3.9015,4,0.6818,STEADY FLOW,1.0,0.3,0.3000006238896757,0.3009432620681517,0.0012000024955587027,0.0012037730482726068,47.73773696846988,0.45110251971986925,0.011123165104086981,0.0,1.565033981720181,1.5612078667512845,435.20723564405165,-0.0031421207271311235,0.11719987253657321,0.0030456278066368636,0,0,1.0768253968253968e-06,8.119072214077393e-06
0,3.9075,4,0.689000000000001,STEADY FLOW,1.0,0.3,0.3000006238898115,0.3009432621655424,0.0012000024955592461,0.0012037730486621696,47.737736779781706,0.45110251982785265,0.011123165109319816,0.0,1.5650339817201757,1.5612078673711356,435.2072359060672,-0.003142121051311781,0.11719987256462816,0.003045627794622252,0,0,1.0768253968253968e-06,8.119072214077393e-06
0,3.9135,4,0.6962000000000002,STEADY FLOW,1.0,0.3,0.3000006238898878,0.300943262211383,0.0012000024955595512,0.001203773048845532,47.73773638662109,0.45110251988418787,0.011123165105843548,0.0,1.5650339817201804,1.5612078672182608,435.20723588755567,-0.0031421212038585653,0.11719987257926445,0.003045627769563408,0,0,1.0768253968253968e-06,8.119072214077393e-06
0,3.9195,4,0.7034000000000002,STEADY FLOW,1.0,0.3,0.30000062388988274,0.30094326219321677,0.001200002495559531,0.001203773048772867,47.7377359252106,0.4511025198730279,0.011123165095175786,0.0,1.5650339817201762,1.561207866377186,435.2072356073037,-0.0031421211433213915,0.11719987257636501,0.003045627740142498,0,0,1.0768253968253968e-06,8.119072214077393e-06
0,3.9255,4,0.7106000000000003,STEADY FLOW,1.0,0.3,0.3000006238898015,0.30094326211982947,0.001200002495559206,0.001203773048479318,47.737735547640725,0.451102519801069,0.011123165081092583,0.0,1.5650339817201833,1.5612078651507884,435.2072351677138,-0.0031421208989694726,0.11719987255766955,0.003045627716059096,0,0,1.0768253968253968e-06,8.119072214077393e-06
0,3.9315,4,0.7178000000000004,STEADY FLOW,1.0,0.3,0.3000006238896737,0.3009432620174298,0.0012000024955586947,0.0012037730480697194,47.73773537199856,0.45110251969431614,0.01112316506829372,0.0,1.565033981720178,1.5612078639525877,435.20723471793036,-0.0031421205580651054,0.11719987252993434,0.0030456277048449554,0,0,1.0768253968253968e-06,8.119072214077393e-06
0,3.9375,4,0.7249999999999996,STEADY FLOW,1.0,0.3,0.30000062388954307,0.3009432619203911,0.0012000024955581723,0.0012037730476815644,47.73773544578257,0.45110251958879966,0.011123165060849571,0.0,1.5650339817201675,1.5612078631681285,435.207234403635,-0.003142120235040355,0.11719987250252036,0.0030456277095343154,0,0,1.0768253968253968e-06,8.119072214077393e-06
0,3.9435000000000002,4,0.7322000000000006,STEADY FLOW,1.0,0.3,0.3000006238894512,0.3009432618598053,0.0012000024955578048,0.0012037730474392212,47.737735733803405,0.4511025195185395,0.011123165060925335,0.0,1.5650339817201806,1.5612078630318116,435.2072343201676,-0.003142120033395185,0.11719987248426622,0.0030456277278883004,0,0,1.0768253968253968e-06,8.119072214077393e-06
0,3.9495,4,0.7393999999999998,STEADY FLOW,1.0,0.3,0.3000006238894267,0.30094326185357034,0.001200002495557707,0.0012037730474142815,47.73773613334365,0.4511025195046101,0.011123165068150857,0.0,1.5650339817201733,1.5612078635581474,435.2072344839347,-0.0031421200126939704,0.11719987248064725,0.003045627753359925,0,0,1.0768253968253968e-06,8.119072214077393e-06
0,3.9555000000000002,4,0.7465999999999999,STEADY FLOW,1.0,0.3,0.3000006238894741,0.30094326190122295,0.0012000024955578965,0.0012037730476048918,47.73773651030983,0.45110251954894043,0.01112316507986843,0.0,1.5650339817201804,1.561207864547035,435.2072348307867,-0.0031421201713770245,0.1171998724921646,0.0030456277774011387,0,0,1.0768253968253968e-06,8.119072214077393e-06
0,3.9615,4,0.7538,STEADY FLOW,1.0,0.3,0.30000062388957516,0.3009432619849216,0.0012000024955583007,0.0012037730479396865,47.73773674403158,0.4511025196345746,0.01112316509208939,0.0,1.5650339817201737,1.5612078656581332,435.2072352404303,-0.0031421204500341124,0.11719987251441304,0.0030456277923149866,0,0,1.0768253968253968e-06,8.119072214077393e-06
0,3.9675000000000002,4,0.7610000000000001,STEADY FLOW,1.0,0.3,0.30000062388969423,0.30094326207600675,0.0012000024955587769,0.001203773048304027,47.737736765575576,0.4511025197319731,0.011123165100847213,0.0,1.5650339817201684,1.5612078665271505,435.20723557776574,-0.0031421207532526464,0.11719987253971788,0.0030456277937023213,0,0,1.0768253968253968e-06,8.119072214077393e-06
0,3.9735,4,0.7681999999999993,STEADY FLOW,1.0,0.3,0.30000062388979226,0.3009432621447372,0.0012000024955591691,0.0012037730485789488,47.737736577662204,0.4511025198091717,0.011123165103469793,0.0,1.5650339817201735,1.5612078668845677,435.20723573713224,-0.0031421209820257727,0.1171998725597747,0.0030456277817325628,0,0,1.0768253968253968e-06,8.119072214077393e-06
0,3.9795000000000003,4,0.7754000000000003,STEADY FLOW,1.0,0.3,0.30000062388983895,0.3009432621699418,0.0012000024955593558,0.0012037730486797672,47.737736250479635,0.45110251984216215,0.011123165099391315,0.0,1.5650339817201733,1.5612078666382971,435.2072356752112,-0.0031421210658849914,0.11719987256834587,0.003045627760876579,0,0,1.0768253968253968e-06,8.119072214077393e-06
0,3.9855,4,0.7826000000000004,STEADY FLOW,1.0,0.3,0.3000006238898211,0.30094326214546274,0.0012000024955592845,0.001203773048581851,47.73773589601065,0.451102519822299,0.011123165090233469,0.0,1.5650339817201824,1.5612078658953106,435.2072354220817,-0.003142120984347756,0.11719987256318526,0.0030456277382735486,0,0,1.0768253968253968e-06,8.119072214077393e-06
0,3.9915000000000003,4,0.7898000000000005,STEADY FLOW,1.0,0.3,0.30000062388974746,0.3009432620814631,0.0012000024955589898,0.0012037730483258524,47.73773562993463,0.4511025197583971,0.011123165079181718,0.0,1.5650339817201782,1.5612078649181271,435.20723506816967,-0.0031421207712623855,0.11719987254658307,0.003045627721299793,0,0,1.0768253968253968e-06,8.119072214077393e-06
0,3.9975,4,0.7969999999999997,STEADY FLOW,1.0,0.3,0.30000062388964466,0.30094326200041005,0.0012000024955585787,0.0012037730480016402,47.73773553414137,0.45110251967311116,0.011123165069894258,0.0,1.565033981720175,1.5612078640328955,435.20723473227366,-0.0031421205014297944,0.11719987252442511,0.0030456277151802436,0,0,1.0768253968253968e-06,8.119072214077393e-06
0,4.0035,4,0.8041999999999998,STEADY FLOW,1.0,0.3,0.3000006238895469,0.30094326192925036,0.0012000024955581877,0.0012037730477170016,47.73773563178479,0.4511025195949401,0.01112316506528577,0.0,1.5650339817201828,1.5612078635212194,435.2072345221038,-0.003142120264558271,0.11719987250411566,0.003045627721394606,0,0,1.0768253968253968e-06,8.119072214077393e-06
0,4.0095,4,0.8114000000000008,STEADY FLOW,1.0,0.3,0.30000062388948556,0.30094326189050863,0.0012000024955579423,0.0012037730475620346,47.73773588253168,0.45110251954880803,0.011123165066630766,0.0,1.5650339817201697,1.5612078635312674,435.20723449973906,-0.0031421201356243928,0.1171998724921302,0.003045627737374934,0,0,1.0768253968253968e-06,8.119072214077393e-06
0,4.0155,4,0.8186000000000009,STEADY FLOW,1.0,0.3,0.3000006238894791,0.30094326189520887,0.0012000024955579165,0.0012037730475808355,47.7377361984767,0.4511025195481404,0.011123165073225113,0.0,1.5650339817201735,1.5612078640360592,435.2072346638437,-0.0031421201513135077,0.11719987249195678,0.0030456277575192647,0,0,1.0768253968253968e-06,8.119072214077393e-06
0,4.0215000000000005,4,0.825800000000001,STEADY FLOW,1.0,0.3,0.3000006238895266,0.30094326193986076,0.0012000024955581064,0.001203773047759443,47.737736474629706,0.4511025195910756,0.011123165082698127,0.0,1.5650339817201773,1.5612078648500878,435.2072349529475,-0.0031421202999940647,0.11719987250311165,0.003045627775132065,0,0,1.0768253968253968e-06,8.119072214077393e-06
0,4.0275,4,0.8330000000000002,STEADY FLOW,1.0,0.3,0.3000006238896105,0.3009432620082288,0.001200002495558442,0.0012037730480329153,47.73773662364622,0.45110251966177245,0.011123165091864298,0.0,1.5650339817201684,1.5612078656964419,435.20723526803243,-0.003142120527606492,0.11719987252147925,0.0030456277846431234,0,0,1.0768253968253968e-06,8.119072214077393e-06
0,4.0335,4,0.8402000000000003,STEADY FLOW,1.0,0.3,0.3000006238897023,0.30094326207715894,0.0012000024955588092,0.0012037730483086357,47.73773660321502,0.4511025197361562,0.011123165097774458,0.0,1.5650339817201688,1.5612078663004159,435.20723550619044,-0.003142120757066096,0.11719987254080469,0.00304562778335149,0,0,1.0768253968253968e-06,8.119072214077393e-06
0,4.0395,4,0.8474000000000013,STEADY FLOW,1.0,0.3,0.30000062388977145,0.30094326212437583,0.0012000024955590859,0.0012037730484975033,47.73773642764791,0.45110251979003746,0.01112316509867323,0.0,1.5650339817201793,1.5612078664780538,435.20723559402774,-0.0031421209142242197,0.11719987255480348,0.003045627772165327,0,0,1.0768253968253968e-06,8.119072214077393e-06
0,4.0455000000000005,4,0.8546000000000014,STEADY FLOW,1.0,0.3,0.30000062388979726,0.3009432621356161,0.001200002495559189,0.0012037730485424645,47.73773616069088,0.4511025198069413,0.01112316509449126,0.0,1.5650339817201684,1.5612078661914384,435.20723551002595,-0.003142120951605525,0.1171998725591952,0.00304562775514694,0,0,1.0768253968253968e-06,8.119072214077393e-06
0,4.0515,4,0.8617999999999997,STEADY FLOW,1.0,0.3,0.300000623889773,0.3009432621088969,0.001200002495559092,0.0012037730484355876,47.73773589267683,0.4511025197831068,0.011123165086814775,0.0,1.5650339817201744,1.561207865554213,435.2072352891484,-0.0031421208626227727,0.11719987255300283,0.003045627738055501,0,0,1.0768253968253968e-06,8.119072214077393e-06
0,4.0575,4,0.8689999999999998,STEADY FLOW,1.0,0.3,0.30000062388970894,0.30094326205457167,0.0012000024955588359,0.0012037730482182868,47.73773571021393,0.45110251972808385,0.011123165078281915,0.0,1.5650339817201828,1.5612078647880974,435.20723500892575,-0.0031421206817530936,0.11719987253870746,0.0030456277264141463,0,0,1.0768253968253968e-06,8.119072214077393e-06
0,4.0635,4,0.8761999999999999,STEADY FLOW,1.0,0.3,0.3000006238896273,0.3009432619914309,0.001200002495558509,0.0012037730479657236,47.73773566829749,0.45110251966104925,0.011123165071682227,0.0,1.5650339817201708,1.561207864146301,435.20723476252465,-0.0031421204715574892,0.11719987252129135,0.0030456277237320695,0,0,1.0768253968253968e-06,8.119072214077393e-06
0,4.0695,4,0.8833999999999991,STEADY FLOW,1.0,0.3,0.3000006238895557,0.30094326194026666,0.0012000024955582226,0.0012037730477610666,47.73773577405394,0.4511025196042028,0.011123165069063376,0.0,1.56503398172017,1.561207863830364,435.20723462797133,-0.00314212030124979,0.11719987250652221,0.0030456277304664603,0,0,1.0768253968253968e-06,8.119072214077393e-06
0,4.0755,4,0.8906000000000001,STEADY FLOW,1.0,0.3,0.3000006238895165,0.30094326191704956,0.0012000024955580659,0.0012037730476681984,47.73773598661435,0.4511025195754323,0.011123165071087807,0.0,1.565033981720166,1.5612078639274334,435.20723464360617,-0.0031421202239906806,0.11719987249904741,0.003045627744014734,0,0,1.0768253968253968e-06,8.119072214077393e-06
0,4.0815,4,0.8978000000000002,STEADY FLOW,1.0,0.3,0.3000006238895207,0.3009432619280061,0.0012000024955580828,0.0012037730477120244,47.737736232498314,0.451102519582744,0.011123165076889518,0.0,1.5650339817201693,1.561207864387378,435.20723479754724,-0.0031421202604982462,0.11719987250094703,0.0030456277596933035,0,0,1.0768253968253968e-06,8.119072214077393e-06
0,4.0875,4,0.9050000000000002,STEADY FLOW,1.0,0.3,0.30000062388956567,0.30094326196803256,0.0012000024955582628,0.0012037730478721303,47.737736430814834,0.4511025196221258,0.011123165084424146,0.0,1.5650339817201673,1.5612078650451746,435.20723503376894,-0.0031421203937692624,0.11719987251117873,0.0030456277723431846,0,0,1.0768253968253968e-06,8.119072214077393e-06
0,4.0935,4,0.9121999999999995,STEADY FLOW,1.0,0.3,0.3000006238896341,0.30094326202288985,0.0012000024955585364,0.0012037730480915594,47.73773651966458,0.4511025196794191,0.011123165091178715,0.0,1.5650339817201757,1.5612078656794317,435.2072352723037,-0.0031421205763976327,0.11719987252606395,0.0030456277780164243,0,0,1.0768253968253968e-06,8.119072214077393e-06
0,4.0995,4,0.9193999999999996,STEADY FLOW,1.0,0.3,0.30000062388970344,0.3009432620741886,0.0012000024955588137,0.0012037730482967544,47.737736475391,0.4511025197352922,0.011123165095009305,0.0,1.5650339817201784,1.5612078660864623,435.2072354359895,-0.003142120747161139,0.11719987254058023,0.0030456277752008987,0,0,1.0768253968253968e-06,8.119072214077393e-06
0,4.1055,4,0.9265999999999996,STEADY FLOW,1.0,0.3,0.30000062388975113,0.30094326210553707,0.0012000024955590046,0.0012037730484221482,47.7377363183308,0.4511025197717872,0.011123165094814041,0.0,1.565033981720184,1.561207866145207,435.2072354754188,-0.0031421208514963695,0.11719987255006191,0.003045627765192238,0,0,1.0768253968253968e-06,8.119072214077393e-06
0,4.1115,4,0.9338000000000006,STEADY FLOW,1.0,0.3,0.3000006238897629,0.3009432621077123,0.0012000024955590516,0.0012037730484308492,47.7377361043251,0.45110251977799876,0.011123165090839738,0.0,1.5650339817201697,1.561207865852556,435.207235383516,-0.0031421208587077967,0.11719987255167573,0.0030456277515489294,0,0,1.0768253968253968e-06,8.119072214077393e-06
0,4.1175,4,0.9409999999999998,STEADY FLOW,1.0,0.3,0.30000062388973614,0.30094326208134314,0.0012000024955589445,0.0012037730483253726,47.73773590506832,0.4511025197532898,0.01112316508453768,0.0,1.5650339817201724,1.5612078653189951,435.2072351959195,-0.003142120770900276,0.11719987254525613,0.0030456277388413167,0,0,1.0768253968253968e-06,8.119072214077393e-06
0,4.1235,4,0.9481999999999999,STEADY FLOW,1.0,0.3,0.3000006238896817,0.3009432620362467,0.0012000024955587268,0.001203773048144987,47.73773578420847,0.45110251970706566,0.011123165078050168,0.0,1.565033981720175,1.561207864727756,435.20723497758763,-0.003142120620761258,0.11719987253324678,0.0030456277311285973,0,0,1.0768253968253968e-06,8.119072214077393e-06
0,4.1295,4,0.9554,STEADY FLOW,1.0,0.3,0.30000062388961835,0.3009432619878287,0.0012000024955584733,0.001203773047951315,47.737735777205586,0.4511025196552085,0.011123165073481954,0.0,1.56503398172018,1.5612078642723526,435.2072348003596,-0.0031421204595800775,0.11719987251977387,0.0030456277306751822,0,0,1.0768253968253968e-06,8.119072214077393e-06
0,4.1355,4,0.9626000000000001,STEADY FLOW,1.0,0.3,0.3000006238895666,0.3009432619518784,0.0012000024955582664,0.0012037730478075138,47.73773588111956,0.4511025196147276,0.011123165072224928,0.0,1.5650339817201737,1.5612078640936184,435.2072347195947,-0.0031421203399191067,0.1171998725092566,0.003045627737294332,0,0,1.0768253968253968e-06,8.119072214077393e-06
0,4.1415,4,0.9698000000000002,STEADY FLOW,1.0,0.3,0.30000062388954307,0.3009432619394306,0.0012000024955581723,0.0012037730477577225,47.73773605736776,0.4511025195981811,0.011123165074522295,0.0,1.565033981720183,1.5612078642366587,435.20723475702226,-0.0031421202985051602,0.11719987250495774,0.0030456277485291228,0,0,1.0768253968253968e-06,8.119072214077393e-06
0,4.1475,4,0.9770000000000003,STEADY FLOW,1.0,0.3,0.30000062388955384,0.3009432619534303,0.0012000024955582155,0.0012037730478137213,47.73773624575002,0.4511025196097944,0.011123165079477288,0.0,1.565033981720175,1.5612078646406435,435.2072348951229,-0.003142120345134613,0.11719987250797495,0.003045627760541958,0,0,1.0768253968253968e-06,8.119072214077393e-06
0,4.1535,4,0.9842000000000004,STEADY FLOW,1.0,0.3,0.3000006238895939,0.30094326198815785,0.0012000024955583757,0.0012037730479526314,47.737736384886816,0.45110251964456005,0.01112316508537033,0.0,1.565033981720171,1.5612078651632557,435.2072350847406,-0.0031421204607587957,0.11719987251700731,0.003045627769418413,0,0,1.0768253968253968e-06,8.119072214077393e-06
0,4.1595,4,0.9914000000000005,STEADY FLOW,1.0,0.3,0.30000062388964904,0.3009432620314539,0.0012000024955585963,0.0012037730481258156,47.73773643210598,0.45110251969018955,0.011123165090255176,0.0,1.5650339817201735,1.5612078656303696,435.2072352623196,-0.0031421206048943256,0.1171998725288622,0.003045627772434889,0,0,1.0768253968253968e-06,8.119072214077393e-06
0,4.1655,4,0.9985999999999997,STEADY FLOW,1.0,0.3,0.3000006238897005,0.30094326206895083,0.001200002495558802,0.0012037730482758033,47.737736376346874,0.4511025197314533,0.01112316509260064,0.0,1.5650339817201733,1.5612078658937045,435.2072353710626,-0.0031421207297117567,0.11719987253958283,0.00304562776888595,0,0,1.0768253968253968e-06,8.119072214077393e-06
0,4.1715,5,0.005799999999999805,STEADY FLOW,1.0,0.3,0.30000062388973237,0.30094326208881056,0.0012000024955589295,0.0012037730483552423,47.737736240300926,0.4511025197552475,0.011123165091765237,0.0,1.5650339817201757,1.5612078658775248,435.20723537900324,-0.0031421207958043425,0.11719987254576478,0.0030456277602153303,0,0,1.0768253968253968e-06,8.119072214077393e-06
0,4.1775,5,0.013000000000000789,STEADY FLOW,1.0,0.3,0.3000006238897349,0.30094326208542066,0.0012000024955589397,0.0012037730483416826,47.737736071550785,0.45110251975467697,0.011123165088163212,0.0,1.565033981720171,1.5612078655997945,435.2072352881765,-0.0031421207844961998,0.11719987254561652,0.003045627749455937,0,0,1.0768253968253968e-06,8.119072214077393e-06
0,4.1835,5,0.020200000000000884,STEADY FLOW,1.0,0.3,0.30000062388970844,0.3009432620609388,0.0012000024955588337,0.0012037730482437551,47.73773592606808,0.4511025197310295,0.011123165083084318,0.0,1.5650339817201693,1.5612078651620702,435.2072351324051,-0.0031421207029787433,0.11719987253947273,0.003045627740177359,0,0,1.0768253968253968e-06,8.119072214077393e-06
0,4.1895,5,0.02740000000000009,STEADY FLOW,1.0,0.3,0.30000062388966325,0.3009432620242188,0.001200002495558653,0.0012037730480968752,47.737735849748326,0.45110251969297926,0.011123165078233318,0.0,1.5650339817201786,1.5612078647129644,435.2072349649368,-0.0031421205807298526,0.117199872529587,0.0030456277353057004,0,0,1.0768253968253968e-06,8.119072214077393e-06
0,4.1955,5,0.034600000000000186,STEADY FLOW,1.0,0.3,0.3000006238896147,0.3009432619876816,0.0012000024955584588,0.0012037730479507265,47.73773586410416,0.4511025196534935,0.011123165075170654,0.0,1.565033981720173,1.5612078643980003,435.20723484034596,-0.0031421204591019812,0.11719987251932833,0.003045627736215195,0,0,1.0768253968253968e-06,8.119072214077393e-06
0,4.2015,5,0.04180000000000028,STEADY FLOW,1.0,0.3,0.30000062388957816,0.3009432619631106,0.0012000024955583126,0.0012037730478524425,47.737735960350655,0.4511025196253678,0.011123165074800675,0.0,1.5650339817201773,1.5612078643127445,435.207234796926,-0.0031421203773209895,0.11719987251202103,0.003045627742347401,0,0,1.0768253968253968e-06,8.119072214077393e-06
0,4.2075000000000005,5,0.049000000000001265,STEADY FLOW,1.0,0.3,0.30000062388956544,0.30094326195790805,0.0012000024955582619,0.0012037730478316323,47.73773610369508,0.45110251961720166,0.01112316507712337,0.0,1.5650339817201697,1.5612078644742506,435.2072348449938,-0.0031421203600216635,0.11719987250989938,0.0030456277514858687,0,0,1.0768253968253968e-06,8.119072214077393e-06
0,4.2135,5,0.056199999999999584,STEADY FLOW,1.0,0.3,0.3000006238895795,0.30094326197285015,0.001200002495558318,0.0012037730478914007,47.73773624571525,0.45110251963066456,0.011123165081261483,0.0,1.5650339817201833,1.5612078648191658,435.20723496488137,-0.003142120409781757,0.11719987251339715,0.003045627760542402,0,0,1.0768253968253968e-06,8.119072214077393e-06
0,4.2195,5,0.06339999999999968,STEADY FLOW,1.0,0.3,0.30000062388961435,0.30094326200220844,0.0012000024955584575,0.0012037730480088339,47.737736340610844,0.4511025196604711,0.011123165085803199,0.0,1.5650339817201842,1.5612078652277663,435.2072351145882,-0.003142120507525815,0.11719987252114114,0.0030456277665975584,0,0,1.0768253968253968e-06,8.119072214077393e-06
0,4.2255,5,0.07059999999999977,STEADY FLOW,1.0,0.3,0.30000062388965787,0.30094326203584526,0.0012000024955586316,0.001203773048143381,47.73773635990705,0.45110251969623516,0.011123165089258931,0.0,1.5650339817201722,1.561207865565231,435.20723524444196,-0.003142120619502665,0.1171998725304329,0.0030456277678325705,0,0,1.0768253968253968e-06,8.119072214077393e-06
0,4.2315000000000005,5,0.07779999999999987,STEADY FLOW,1.0,0.3,0.30000062388969545,0.3009432620627011,0.0012000024955587819,0.0012037730482508044,47.73773630080416,0.4511025197261384,0.011123165090566961,0.0,1.565033981720172,1.5612078657258484,435.20723531340315,-0.0031421207088963552,0.11719987253820201,0.0030456277640686924,0,0,1.0768253968253968e-06,8.119072214077393e-06
0,4.2375,5,0.08499999999999908,STEADY FLOW,1.0,0.3,0.30000062388971566,0.30094326207441646,0.0012000024955588628,0.0012037730482976658,47.73773618596099,0.45110251974079185,0.011123165089399457,0.0,1.5650339817201735,1.5612078656658317,435.20723530199183,-0.0031421207478799897,0.11719987254200906,0.00304562775674877,0,0,1.0768253968253968e-06,8.119072214077393e-06
0,4.2435,5,0.09220000000000006,STEADY FLOW,1.0,0.3,0.3000006238897125,0.3009432620679009,0.00120000249555885,0.0012037730482716035,47.73773605499138,0.4511025197361697,0.011123165086247788,0.0,1.5650339817201664,1.5612078654145911,435.2072352175506,-0.003142120726171951,0.11719987254080823,0.0030456277483972283,0,0,1.0768253968253968e-06,8.119072214077393e-06
0,4.2495,5,0.09940000000000015,STEADY FLOW,1.0,0.3,0.30000062388968796,0.30094326204608873,0.001200002495558752,0.001203773048184355,47.73773595090856,0.45110251971464055,0.011123165082219066,0.0,1.5650339817201735,1.561207865061955,435.2072350906745,-0.0031421206535470463,0.11719987253521476,0.0030456277417583166,0,0,1.0768253968253968e-06,8.119072214077393e-06
0,4.2555000000000005,5,0.10660000000000025,STEADY FLOW,1.0,0.3,0.300000623889651,0.3009432620167125,0.001200002495558604,0.00120377304806685,47.737735906088986,0.4511025196839086,0.011123165078658378,0.0,1.5650339817201686,1.5612078647263798,435.20723496424387,-0.0031421205557501633,0.11719987252723038,0.0030456277388963837,0,0,1.0768253968253968e-06,8.119072214077393e-06
0,4.2615,5,0.11379999999999946,STEADY FLOW,1.0,0.3,0.3000006238896144,0.3009432619896045,0.0012000024955584577,0.001203773047958418,47.73773593233177,0.45110251965432585,0.011123165076691676,0.0,1.5650339817201842,1.5612078645154521,435.2072348790894,-0.0031421204655125465,0.11719987251954456,0.003045627740565493,0,0,1.0768253968253968e-06,8.119072214077393e-06
0,4.2675,5,0.12099999999999955,STEADY FLOW,1.0,0.3,0.3000006238895895,0.30094326197341204,0.001200002495558358,0.0012037730478936482,47.73773601788968,0.4511025196353949,0.011123165076876494,0.0,1.5650339817201708,1.561207864491573,435.2072348607652,-0.0031421204116210658,0.11719987251462613,0.0030456277460175762,0,0,1.0768253968253968e-06,8.119072214077393e-06
0,4.2735,5,0.12820000000000054,STEADY FLOW,1.0,0.3,0.30000062388958393,0.3009432619728738,0.0012000024955583358,0.0012037730478914952,47.737736132455666,0.4511025196327456,0.0111231650790628,0.0,1.5650339817201797,1.5612078646539216,435.20723491218945,-0.003142120409845659,0.11719987251393785,0.0030456277533215115,0,0,1.0768253968253968e-06,8.119072214077393e-06
0,4.2795000000000005,5,0.13540000000000063,STEADY FLOW,1.0,0.3,0.30000062388959897,0.300943261987439,0.001200002495558396,0.001203773047949756,47.73773623772482,0.45110251964647274,0.011123165082451647,0.0,1.5650339817201697,1.5612078649416294,435.2072350135687,-0.0031421204583458634,0.11719987251750427,0.0030456277600356962,0,0,1.0768253968253968e-06,8.119072214077393e-06
0,4.2855,5,0.14259999999999984,STEADY FLOW,1.0,0.3,0.30000062388962856,0.30094326201172356,0.0012000024955585143,0.0012037730480468942,47.737736300130635,0.45110251967141385,0.01112316508589062,0.0,1.565033981720166,1.5612078652560935,435.20723512989116,-0.0031421205391952305,0.11719987252398414,0.0030456277640180662,0,0,1.0768253968253968e-06,8.119072214077393e-06
0,4.2915,5,0.14979999999999993,STEADY FLOW,1.0,0.3,0.3000006238896621,0.3009432620374497,0.0012000024955586483,0.0012037730481497988,47.737736301471166,0.45110251969899934,0.011123165088272605,0.0,1.565033981720175,1.5612078654945691,435.2072352229699,-0.003142120624836862,0.11719987253115108,0.00304562776410755,0,0,1.0768253968253968e-06,8.119072214077393e-06
0,4.2975,5,0.15700000000000003,STEADY FLOW,1.0,0.3,0.30000062388968923,0.3009432620562328,0.001200002495558757,0.0012037730482249312,47.73773624411534,0.4511025197202,0.011123165088871628,0.0,1.5650339817201735,1.561207865583511,435.20723526373,-0.003142120687356214,0.11719987253665914,0.0030456277604540283,0,0,1.0768253968253968e-06,8.119072214077393e-06
0,4.3035000000000005,5,0.16420000000000012,STEADY FLOW,1.0,0.3,0.3000006238897014,0.300943262062341,0.0012000024955588055,0.0012037730482493641,47.7377361492311,0.4511025197284754,0.01112316508757858,0.0,1.5650339817201828,1.5612078655010402,435.2072352414553,-0.0031421207076760866,0.11719987253880916,0.003045627754405089,0,0,1.0768253968253968e-06,8.119072214077393e-06
0,4.3095,5,0.17140000000000022,STEADY FLOW,1.0,0.3,0.30000062388969473,0.3009432620543715,0.0012000024955587788,0.001203773048217486,47.737736049152794,0.4511025197217306,0.011123165084895371,0.0,1.5650339817201817,1.5612078652815593,435.2072351661957,-0.0031421206811334435,0.11719987253705681,0.003045627748022861,0,0,1.0768253968253968e-06,8.119072214077393e-06
0,4.3155,5,0.17860000000000031,STEADY FLOW,1.0,0.3,0.3000006238896731,0.3009432620355377,0.0012000024955586923,0.0012037730481421506,47.737735976459014,0.4511025197028199,0.011123165081752278,0.0,1.565033981720184,1.5612078650022054,435.20723506464697,-0.003142120618426628,0.11719987253214366,0.0030456277433856815,0,0,1.0768253968253968e-06,8.119072214077393e-06
0,4.3215,5,0.1858000000000004,STEADY FLOW,1.0,0.3,0.30000062388964366,0.30094326201241767,0.0012000024955585746,0.0012037730480496708,47.73773595334286,0.4511025196784163,0.011123165079183261,0.0,1.5650339817201726,1.561207864755844,435.2072349708104,-0.0031421205414584423,0.11719987252580341,0.003045627741908419,0,0,1.0768253968253968e-06,8.119072214077393e-06
0,4.3275,5,0.19299999999999962,STEADY FLOW,1.0,0.3,0.3000006238896162,0.30094326199267063,0.0012000024955584648,0.0012037730479706825,47.73773598505139,0.4511025196566518,0.011123165077995725,0.0,1.5650339817201695,1.5612078646205658,435.20723491461587,-0.0031421204757270025,0.11719987252014885,0.0030456277439274704,0,0,1.0768253968253968e-06,8.119072214077393e-06
0,4.3335,5,0.2001999999999997,STEADY FLOW,1.0,0.3,0.3000006238895997,0.3009432619825151,0.0012000024955583987,0.0012037730479300603,47.73773605878397,0.45110251964441433,0.011123165078502119,0.0,1.5650339817201717,1.5612078646349554,435.2072349125086,-0.00314212044193028,0.11719987251696945,0.0030456277486259342,0,0,1.0768253968253968e-06,8.119072214077393e-06
0,4.3395,5,0.2074000000000007,STEADY FLOW,1.0,0.3,0.3000006238895992,0.30094326198479854,0.0012000024955583968,0.0012037730479391943,47.73773614888863,0.4511025196452222,0.011123165080471615,0.0,1.565033981720175,1.5612078647875234,435.20723496270193,-0.0031421204495435872,0.11719987251717934,0.0030456277543715604,0,0,1.0768253968253968e-06,8.119072214077393e-06
0,4.3455,5,0.2146000000000008,STEADY FLOW,1.0,0.3,0.30000062388961357,0.30094326199821037,0.0012000024955584542,0.0012037730479928415,47.73773622547619,0.4511025196582372,0.011123165083193429,0.0,1.565033981720171,1.5612078650227803,435.2072350465988,-0.003142120494201547,0.11719987252056077,0.0030456277592563197,0,0,1.0768253968253968e-06,8.119072214077393e-06
0,4.3515,5,0.2218,STEADY FLOW,1.0,0.3,0.3000006238896379,0.30094326201790966,0.0012000024955585516,0.0012037730480716387,47.73773626448962,0.45110251967868387,0.011123165085755777,0.0,1.5650339817201693,1.5612078652609789,435.2072351355253,-0.003142120559784398,0.11719987252587293,0.00304562776174655,0,0,1.0768253968253968e-06,8.119072214077393e-06
0,4.3575,5,0.2290000000000001,STEADY FLOW,1.0,0.3,0.30000062388966386,0.3009432620372642,0.0012000024955586555,0.0012037730481490568,47.737736254999696,0.4511025196996342,0.011123165087339184,0.0,1.56503398172017,1.561207865425075,435.2072352006642,-0.003142120624212455,0.11719987253131602,0.003045627761144143,0,0,1.0768253968253968e-06,8.119072214077393e-06
0,4.3635,5,0.2362000000000002,STEADY FLOW,1.0,0.3,0.3000006238896829,0.3009432620500257,0.0012000024955587316,0.0012037730482001028,47.73773620227477,0.4511025197143015,0.011123165087484402,0.0,1.5650339817201708,1.5612078654654582,435.2072352219936,-0.0031421206666870797,0.11719987253512666,0.003045627757784386,0,0,1.0768253968253968e-06,8.119072214077393e-06
0,4.3695,5,0.24340000000000028,STEADY FLOW,1.0,0.3,0.3000006238896891,0.3009432620523823,0.0012000024955587565,0.0012037730482095292,47.73773612538796,0.45110251971820503,0.011123165086197177,0.0,1.5650339817201697,1.561207865374795,435.2072351946008,-0.00314212067452162,0.11719987253614084,0.0030456277528827513,0,0,1.0768253968253968e-06,8.119072214077393e-06
0,4.3755,5,0.2506000000000004,STEADY FLOW,1.0,0.3,0.3000006238896812,0.30094326204404503,0.0012000024955587248,0.00120377304817618,47.73773605013693,0.4511025197106236,0.011123165083967348,0.0,1.5650339817201782,1.5612078651882115,435.20723512962223,-0.003142120646757452,0.11719987253417112,0.0030456277480848115,0,0,1.0768253968253968e-06,8.119072214077393e-06
0,4.3815,5,0.2578000000000005,STEADY FLOW,1.0,0.3,0.3000006238896624,0.30094326202819105,0.0012000024955586498,0.0012037730481127642,47.73773600083507,0.45110251969448917,0.01112316508155472,0.0,1.5650339817201782,1.5612078649704069,435.20723504970107,-0.0031421205939736103,0.1171998725299793,0.0030456277449386615,0,0,1.0768253968253968e-06,8.119072214077393e-06
0,4.3875,5,0.26500000000000057,STEADY FLOW,1.0,0.3,0.30000062388963883,0.3009432620102743,0.0012000024955585553,0.0012037730480410974,47.73773599219801,0.451102519675401,0.011123165079741443,0.0,1.56503398172018,1.5612078647930592,435.2072349812613,-0.003142120534330136,0.11719987252502002,0.0030456277443848823,0,0,1.0768253968253968e-06,8.119072214077393e-06
0,4.3935,5,0.27220000000000066,STEADY FLOW,1.0,0.3,0.3000006238896192,0.3009432619961849,0.0012000024955584768,0.0012037730479847394,47.73773602513513,0.4511025196596785,0.011123165079094154,0.0,1.5650339817201724,1.5612078647116454,435.20723494600674,-0.0031421204874312143,0.11719987252093522,0.0030456277464829817,0,0,1.0768253968253968e-06,8.119072214077393e-06
0,4.3995,5,0.27939999999999987,STEADY FLOW,1.0,0.3,0.30000062388960874,0.3009432619902903,0.001200002495558435,0.0012037730479611613,47.73773608711544,0.4511025196522273,0.011123165079764605,0.0,1.5650339817201828,1.5612078647480208,435.20723495370794,-0.0031421204678175724,0.11719987251899935,0.0030456277504335993,0,0,1.0768253968253968e-06,8.119072214077393e-06
0,4.4055,5,0.28660000000000085,STEADY FLOW,1.0,0.3,0.30000062388961124,0.30094326199412813,0.001200002495558445,0.0012037730479765125,47.737736156879315,0.45110251965509196,0.011123165081472753,0.0,1.5650339817201768,1.5612078648850929,435.2072349999745,-0.0031421204806018114,0.1171998725197436,0.003045627754882263,0,0,1.0768253968253968e-06,8.119072214077393e-06
0,4.4115,5,0.29380000000000095,STEADY FLOW,1.0,0.3,0.3000006238896248,0.3009432620060076,0.0012000024955584991,0.0012037730480240303,47.737736211444926,0.45110251966686515,0.01112316508362511,0.0,1.5650339817201757,1.5612078650740444,435.2072350680845,-0.0031421205201546893,0.11719987252280234,0.0030456277583630342,0,0,1.0768253968253968e-06,8.119072214077393e-06
0,4.4175,5,0.30100000000000104,STEADY FLOW,1.0,0.3,0.3000006238896444,0.3009432620217226,0.0012000024955585776,0.0012037730480868904,47.73773623398899,0.45110251968332893,0.01112316508550331,0.0,1.565033981720183,1.5612078652515167,435.2072351350418,-0.0031421205724725247,0.11719987252707977,0.0030456277598025494,0,0,1.0768253968253968e-06,8.119072214077393e-06
0,4.4235,5,0.30819999999999936,STEADY FLOW,1.0,0.3,0.30000062388966386,0.30094326203603844,0.0012000024955586555,0.0012037730481441538,47.73773621859275,0.45110251969898263,0.0111231650865122,0.0,1.56503398172017,1.5612078653606758,435.20723517933095,-0.0031421206201266948,0.11719987253114673,0.0030456277588231107,0,0,1.0768253968253968e-06,8.119072214077393e-06
0,4.4295,5,0.31539999999999946,STEADY FLOW,1.0,0.3,0.3000006238896765,0.30094326204439337,0.0012000024955587062,0.0012037730481775735,47.73773617203518,0.45110251970880477,0.011123165086368332,0.0,1.565033981720175,1.561207865369431,435.2072351876585,-0.003142120647934038,0.1171998725336986,0.0030456277558561506,0,0,1.0768253968253968e-06,8.119072214077393e-06
0,4.4355,5,0.32259999999999955,STEADY FLOW,1.0,0.3,0.300000623889679,0.30094326204436045,0.0012000024955587162,0.0012037730481774418,47.73773611073137,0.4511025197098853,0.011123165085171045,0.0,1.5650339817201726,1.5612078652795818,435.20723515895213,-0.0031421206478158843,0.1171998725339793,0.0030456277519474995,0,0,1.0768253968253968e-06,8.119072214077393e-06
0,4.4415000000000004,5,0.32980000000000054,STEADY FLOW,1.0,0.3,0.30000062388967097,0.3009432620363231,0.0012000024955586839,0.0012037730481452924,47.73773605514721,0.4511025197022535,0.011123165083347845,0.0,1.5650339817201806,1.5612078651245316,435.2072351041854,-0.003142120621051804,0.11719987253199654,0.0030456277484023353,0,0,1.0768253968253968e-06,8.119072214077393e-06
0,4.4475,5,0.33699999999999974,STEADY FLOW,1.0,0.3,0.300000623889655,0.30094326202326493,0.0012000024955586199,0.0012037730480930597,47.73773602295729,0.4511025196888154,0.011123165081529574,0.0,1.565033981720183,1.5612078649573433,435.20723504227317,-0.003142120577578245,0.11719987252850518,0.0030456277463484227,0,0,1.0768253968253968e-06,8.119072214077393e-06
0,4.4535,5,0.34419999999999984,STEADY FLOW,1.0,0.3,0.3000006238896368,0.3009432620096006,0.001200002495558547,0.0012037730480384025,47.737736023505775,0.45110251967414683,0.011123165080289583,0.0,1.5650339817201828,1.561207864832554,435.20723499340886,-0.0031421205320913605,0.1171998725246942,0.0030456277463815074,0,0,1.0768253968253968e-06,8.119072214077393e-06
0,4.4595,5,0.35139999999999993,STEADY FLOW,1.0,0.3,0.3000006238896228,0.30094326199979043,0.001200002495558491,0.0012037730479991617,47.737736055154876,0.4511025196630242,0.011123165080007333,0.0,1.56503398172017,1.5612078647885617,435.20723497290896,-0.003142120499437547,0.11719987252180444,0.0030456277483976724,0,0,1.0768253968253968e-06,8.119072214077393e-06
0,4.4655000000000005,5,0.35860000000000003,STEADY FLOW,1.0,0.3,0.30000062388961674,0.30094326199681903,0.001200002495558467,0.0012037730479872763,47.73773610616655,0.4511025196589018,0.011123165080733135,0.0,1.5650339817201673,1.5612078648357743,435.20723498602064,-0.0031421204895532417,0.11719987252073341,0.0030456277516495156,0,0,1.0768253968253968e-06,8.119072214077393e-06
0,4.4715,5,0.36579999999999924,STEADY FLOW,1.0,0.3,0.30000062388962034,0.300943262001336,0.0012000024955584813,0.0012037730480053438,47.73773615931336,0.4511025196627883,0.011123165082183528,0.0,1.5650339817201686,1.5612078649548973,435.207235026993,-0.003142120504597583,0.11719987252174317,0.0030456277550383604,0,0,1.0768253968253968e-06,8.119072214077393e-06
0,4.4775,5,0.3730000000000002,STEADY FLOW,1.0,0.3,0.3000006238896324,0.3009432620115395,0.0012000024955585297,0.001203773048046158,47.73773619725848,0.45110251967305565,0.01112316508385498,0.0,1.5650339817201737,1.5612078651041563,435.2072350813016,-0.003142120538568878,0.11719987252441069,0.0030456277574593127,0,0,1.0768253968253968e-06,8.119072214077393e-06
0,4.4835,5,0.3802000000000003,STEADY FLOW,1.0,0.3,0.30000062388964815,0.3009432620238872,0.0012000024955585926,0.0012037730480955488,47.73773620851105,0.4511025196861171,0.011123165085205906,0.0,1.5650339817201808,1.5612078652340375,435.20723513090223,-0.003142120579675153,0.11719987252780414,0.003045627758178293,0,0,1.0768253968253968e-06,8.119072214077393e-06
0,4.4895000000000005,5,0.3874000000000004,STEADY FLOW,1.0,0.3,0.3000006238896627,0.30094326203428734,0.001200002495558651,0.0012037730481371494,47.73773619055252,0.4511025196976039,0.011123165085805171,0.0,1.5650339817201708,1.5612078653034127,435.20723515989084,-0.0031421206142936073,0.11719987253078853,0.0030456277570354295,0,0,1.0768253968253968e-06,8.119072214077393e-06
0,4.4955,5,0.3945999999999996,STEADY FLOW,1.0,0.3,0.3000006238896711,0.3009432620394717,0.0012000024955586843,0.0012037730481578867,47.73773615064024,0.45110251970388915,0.011123165085504634,0.0,1.5650339817201717,1.561207865292698,435.2072351599031,-0.0031421206315466453,0.11719987253242148,0.0030456277544912425,0,0,1.0768253968253968e-06,8.119072214077393e-06
0,4.5015,5,0.4017999999999997,STEADY FLOW,1.0,0.3,0.300000623889671,0.3009432620380027,0.001200002495558684,0.0012037730481520108,47.737736102528686,0.45110251970317816,0.011123165084428774,0.0,1.5650339817201735,1.561207865209002,435.2072351322085,-0.0031421206266501285,0.11719987253223674,0.003045627751423474,0,0,1.0768253968253968e-06,8.119072214077393e-06
0,4.5075,5,0.4090000000000007,STEADY FLOW,1.0,0.3,0.3000006238896629,0.30094326203066973,0.0012000024955586518,0.001203773048122679,47.73773606224573,0.45110251969603943,0.01112316508297038,0.0,1.56503398172017,1.5612078650826269,435.20723508706965,-0.0031421206022342395,0.11719987253038204,0.003045627748853974,0,0,1.0768253968253968e-06,8.119072214077393e-06
0,4.5135000000000005,5,0.4162000000000008,STEADY FLOW,1.0,0.3,0.3000006238896501,0.3009432620201025,0.0012000024955586004,0.00120377304808041,47.73773604235181,0.4511025196850458,0.011123165081612712,0.0,1.5650339817201708,1.5612078649563548,435.2072350398333,-0.0031421205670531076,0.11719987252752581,0.003045627747584323,0,0,1.0768253968253968e-06,8.119072214077393e-06
0,4.5195,5,0.4234,STEADY FLOW,1.0,0.3,0.3000006238896362,0.300943262009851,0.0012000024955585449,0.001203773048039404,47.73773604836064,0.451102519673937,0.011123165080791935,0.0,1.5650339817201702,1.5612078648709193,435.2072350057785,-0.0031421205329277327,0.11719987252463969,0.0030456277479660177,0,0,1.0768253968253968e-06,8.119072214077393e-06
0,4.5255,5,0.4306000000000001,STEADY FLOW,1.0,0.3,0.30000062388962634,0.30094326200322963,0.0012000024955585054,0.0012037730480129185,47.737736077201205,0.451102519666308,0.011123165080744554,0.0,1.5650339817201842,1.5612078648521086,435.2072349954158,-0.0031421205108895104,0.11719987252265762,0.003045627749803881,0,0,1.0768253968253968e-06,8.119072214077393e-06
0,4.5315,5,0.4378000000000002,STEADY FLOW,1.0,0.3,0.30000062388962323,0.3009432620021944,0.001200002495558493,0.0012037730480087777,47.73773611843016,0.4511025196644481,0.011123165081454715,0.0,1.5650339817201695,1.5612078649028127,435.20723501092294,-0.003142120507449191,0.11719987252217438,0.003045627752432223,0,0,1.0768253968253968e-06,8.119072214077393e-06
0,4.5375000000000005,5,0.4450000000000012,STEADY FLOW,1.0,0.3,0.3000006238896277,0.3009432620068394,0.001200002495558511,0.0012037730480273577,47.73773615829051,0.4511025196687244,0.011123165082654965,0.0,1.5650339817201757,1.5612078650036882,435.20723504619656,-0.003142120522917627,0.1171998725232854,0.0030456277549741895,0,0,1.0768253968253968e-06,8.119072214077393e-06
0,4.5435,5,0.4522000000000004,STEADY FLOW,1.0,0.3,0.30000062388963783,0.30094326201538557,0.0012000024955585514,0.0012037730480615424,47.73773618386568,0.45110251967743825,0.011123165083933328,0.0,1.5650339817201708,1.5612078651197416,435.2072350887772,-0.0031421205513709983,0.11719987252554932,0.0030456277566057732,0,0,1.0768253968253968e-06,8.119072214077393e-06
0,4.5495,5,0.4594000000000005,STEADY FLOW,1.0,0.3,0.3000006238896503,0.3009432620249296,0.0012000024955586012,0.0012037730480997184,47.737736187601854,0.45110251968762133,0.011123165084880792,0.0,1.5650339817201702,1.5612078652128902,435.20723512484324,-0.0031421205831424237,0.11719987252819498,0.0030456277568453594,0,0,1.0768253968253968e-06,8.119072214077393e-06
0,4.5555,5,0.46660000000000057,STEADY FLOW,1.0,0.3,0.30000062388966087,0.30094326203231897,0.0012000024955586435,0.001203773048129276,47.73773616926593,0.45110251969589016,0.01112316508519422,0.0,1.5650339817201762,1.561207865254034,435.207235142844,-0.003142120607738439,0.1171998725303433,0.003045627755677849,0,0,1.0768253968253968e-06,8.119072214077393e-06
0,4.5615000000000006,5,0.47380000000000067,STEADY FLOW,1.0,0.3,0.30000062388966614,0.30094326203527727,0.0012000024955586646,0.0012037730481411092,47.737736135859876,0.4511025196996681,0.011123165084813846,0.0,1.5650339817201686,1.5612078652323678,435.20723513790335,-0.0031421206175817487,0.1171998725313248,0.003045627753547997,0,0,1.0768253968253968e-06,8.119072214077393e-06
0,4.5675,5,0.48099999999999987,STEADY FLOW,1.0,0.3,0.3000006238896646,0.3009432620330468,0.0012000024955586583,0.001203773048132187,47.73773609870454,0.4511025196979425,0.011123165083883868,0.0,1.565033981720166,1.561207865157637,435.207235112578,-0.00314212061015202,0.1171998725308765,0.003045627751179447,0,0,1.0768253968253968e-06,8.119072214077393e-06
0,4.5735,5,0.48820000000000086,STEADY FLOW,1.0,0.3,0.3000006238896573,0.3009432620265819,0.0012000024955586292,0.0012037730481063275,47.737736070138745,0.4511025196915084,0.011123165082734244,0.0,1.5650339817201784,1.5612078650564547,435.2072350760303,-0.003142120588626841,0.11719987252920484,0.003045627749357127,0,0,1.0768253968253968e-06,8.119072214077393e-06
0,4.5795,5,0.49540000000000095,STEADY FLOW,1.0,0.3,0.30000062388964677,0.3009432620181726,0.0012000024955585871,0.0012037730480726906,47.73773605883322,0.4511025196826814,0.01112316508174209,0.0,1.565033981720177,1.5612078649626016,435.20723504056593,-0.0031421205606311812,0.11719987252691152,0.003045627748634816,0,0,1.0768253968253968e-06,8.119072214077393e-06
0,4.5855,5,0.5025999999999993,STEADY FLOW,1.0,0.3,0.30000062388963655,0.3009432620106073,0.0012000024955585462,0.0012037730480424292,47.73773606776726,0.4511025196743948,0.011123165081225026,0.0,1.565033981720177,1.5612078649061578,435.2072350175521,-0.003142120535447486,0.11719987252475862,0.00304562774920325,0,0,1.0768253968253968e-06,8.119072214077393e-06
0,4.5915,5,0.5097999999999994,STEADY FLOW,1.0,0.3,0.30000062388962984,0.3009432620062976,0.0012000024955585193,0.0012037730480251906,47.73773609307943,0.4511025196693083,0.01112316508131969,0.0,1.5650339817201757,1.5612078649036238,435.2072350138409,-0.003142120521104689,0.1171998725234371,0.0030456277508166263,0,0,1.0768253968253968e-06,8.119072214077393e-06
0,4.5975,5,0.5169999999999995,STEADY FLOW,1.0,0.3,0.3000006238896286,0.30094326200649696,0.0012000024955585145,0.001203773048025988,47.737736125884474,0.45110251966892334,0.011123165081983643,0.0,1.5650339817201835,1.5612078649532544,435.2072350298663,-0.0031421205217730544,0.11719987252333708,0.0030456277529078424,0,0,1.0768253968253968e-06,8.119072214077393e-06
0,4.6035,5,0.5241999999999996,STEADY FLOW,1.0,0.3,0.3000006238896331,0.3009432620109213,0.0012000024955585325,0.0012037730480436853,47.73773615520057,0.45110251967313775,0.01112316508295922,0.0,1.5650339817201746,1.5612078650367491,435.2072350594366,-0.0031421205365059325,0.11719987252443204,0.003045627754777458,0,0,1.0768253968253968e-06,8.119072214077393e-06
0,4.6095,5,0.5313999999999997,STEADY FLOW,1.0,0.3,0.300000623889642,0.30094326201794164,0.001200002495558568,0.0012037730480717666,47.737736171802815,0.4511025196803748,0.011123165083923059,0.0,1.5650339817201708,1.561207865125632,435.2072350923657,-0.0031421205598773177,0.11719987252631225,0.003045627755837055,0,0,1.0768253968253968e-06,8.119072214077393e-06
0,4.6155,5,0.5385999999999997,STEADY FLOW,1.0,0.3,0.3000006238896514,0.3009432620251976,0.0012000024955586056,0.0012037730481007905,47.737736170852806,0.45110251968817394,0.011123165084568665,0.0,1.565033981720171,1.5612078651908923,435.2072351180145,-0.0031421205840325137,0.11719987252833854,0.003045627755777547,0,0,1.0768253968253968e-06,8.119072214077393e-06
0,4.6215,5,0.5457999999999998,STEADY FLOW,1.0,0.3,0.30000062388965876,0.30094326203031396,0.001200002495558635,0.0012037730481212559,47.73773615340537,0.45110251969398263,0.011123165084699703,0.0,1.565033981720166,1.5612078652125119,435.2072351283086,-0.0031421206010621857,0.11719987252984769,0.0030456277546662136,0,0,1.0768253968253968e-06,8.119072214077393e-06
0,4.6275,5,0.5529999999999999,STEADY FLOW,1.0,0.3,0.30000062388966164,0.30094326203175087,0.0012000024955586466,0.0012037730481270035,47.73773612600326,0.4511025196960268,0.011123165084298852,0.0,1.5650339817201804,1.5612078651856516,435.2072351206695,-0.003142120605842322,0.11719987253037877,0.0030456277529189446,0,0,1.0768253968253968e-06,8.119072214077393e-06
0,4.6335,5,0.5601999999999991,STEADY FLOW,1.0,0.3,0.30000062388965953,0.30094326202919336,0.001200002495558638,0.0012037730481167734,47.73773609777804,0.45110251969379206,0.011123165083511105,0.0,1.5650339817201793,1.5612078651210417,435.2072350983025,-0.003142120597324287,0.11719987252979816,0.003045627751119273,0,0,1.0768253968253968e-06,8.119072214077393e-06
0,4.6395,5,0.5674000000000001,STEADY FLOW,1.0,0.3,0.30000062388965343,0.30094326202368266,0.0012000024955586138,0.0012037730480947307,47.737736077929966,0.4511025196882429,0.011123165082622354,0.0,1.5650339817201768,1.5612078650412666,435.20723506932103,-0.0031421205789756586,0.11719987252835644,0.0030456277498531747,0,0,1.0768253968253968e-06,8.119072214077393e-06
0,4.6455,5,0.5746000000000002,STEADY FLOW,1.0,0.3,0.30000062388964466,0.3009432620170912,0.0012000024955585787,0.0012037730480683648,47.73773607256138,0.4511025196812688,0.011123165081913591,0.0,1.5650339817201664,1.5612078649728658,435.2072350431189,-0.0031421205570336445,0.11719987252654455,0.0030456277495096717,0,0,1.0768253968253968e-06,8.119072214077393e-06
0,4.6515,5,0.5818000000000003,STEADY FLOW,1.0,0.3,0.30000062388963705,0.3009432620116131,0.0012000024955585483,0.0012037730480464524,47.73773608270913,0.45110251967520254,0.01112316508160865,0.0,1.565033981720182,1.5612078649373722,435.2072350281234,-0.003142120538798571,0.1171998725249685,0.0030456277501560436,0,0,1.0768253968253968e-06,8.119072214077393e-06
0,4.6575,5,0.5889999999999995,STEADY FLOW,1.0,0.3,0.30000062388963267,0.3009432620089826,0.0012000024955585308,0.0012037730480359303,47.737736104261856,0.4511025196719865,0.011123165081794341,0.0,1.5650339817201677,1.5612078649446535,435.2072350288071,-0.0031421205300450447,0.11719987252413291,0.0030456277515300556,0,0,1.0768253968253968e-06,8.119072214077393e-06
0,4.6635,5,0.5961999999999996,STEADY FLOW,1.0,0.3,0.30000062388963267,0.30094326200988625,0.0012000024955585308,0.001203773048039545,47.73773612994182,0.4511025196724889,0.011123165082380771,0.0,1.5650339817201697,1.5612078649904753,435.2072350440095,-0.0031421205330571475,0.11719987252426346,0.0030456277531669684,0,0,1.0768253968253968e-06,8.119072214077393e-06
0,4.6695,5,0.6033999999999997,STEADY FLOW,1.0,0.3,0.30000062388963733,0.300943262013898,0.0012000024955585494,0.001203773048055592,47.73773615117235,0.4511025196764089,0.011123165083158615,0.0,1.5650339817201693,1.561207865058393,435.2072350682802,-0.003142120546413942,0.11719987252528188,0.0030456277545214405,0,0,1.0768253968253968e-06,8.119072214077393e-06
0,4.6755,5,0.6106000000000007,STEADY FLOW,1.0,0.3,0.30000062388964427,0.30094326201955635,0.0012000024955585772,0.0012037730480782254,47.737736161256564,0.45110251968229964,0.011123165083877166,0.0,1.565033981720175,1.561207865125287,435.2072350933181,-0.0031421205652520947,0.11719987252681235,0.00304562775516537,0,0,1.0768253968253968e-06,8.119072214077393e-06
0,4.6815,5,0.6177999999999999,STEADY FLOW,1.0,0.3,0.3000006238896518,0.30094326202499505,0.0012000024955586073,0.0012037730480999802,47.73773615752446,0.4511025196881938,0.011123165084305286,0.0,1.56503398172018,1.5612078651697585,435.2072351111568,-0.0031421205833557187,0.11719987252834373,0.0030456277549282262,0,0,1.0768253968253968e-06,8.119072214077393e-06
0,4.6875,5,0.625,STEADY FLOW,1.0,0.3,0.300000623889657,0.3009432620284237,0.001200002495558628,0.0012037730481136949,47.73773614180073,0.4511025196921673,0.011123165084314294,0.0,1.5650339817201762,1.561207865178312,435.20723511613477,-0.003142120594767105,0.11719987252937607,0.003045627753926139,0,0,1.0768253968253968e-06,8.119072214077393e-06
0,4.6935,5,0.6322000000000001,STEADY FLOW,1.0,0.3,0.30000062388965815,0.30094326202887234,0.0012000024955586327,0.0012037730481154895,47.73773611970407,0.4511025196930518,0.011123165083924576,0.0,1.565033981720167,1.5612078651500694,435.2072351074464,-0.0031421205962587854,0.11719987252960586,0.003045627752517266,0,0,1.0768253968253968e-06,8.119072214077393e-06
0,4.6995000000000005,5,0.6394000000000002,STEADY FLOW,1.0,0.3,0.3000006238896557,0.3009432620262824,0.001200002495558623,0.0012037730481051297,47.737736098571936,0.4511025196906552,0.011123165083276702,0.0,1.5650339817201773,1.5612078650955408,435.20723508827353,-0.003142120587633876,0.11719987252898317,0.003045627751169677,0,0,1.0768253968253968e-06,8.119072214077393e-06
0,4.7055,5,0.6466000000000003,STEADY FLOW,1.0,0.3,0.30000062388965026,0.3009432620216809,0.001200002495558601,0.0012037730480867236,47.73773608532897,0.45110251968595916,0.011123165082596108,0.0,1.5650339817201755,1.5612078650337007,435.2072350655853,-0.0031421205723139237,0.11719987252776311,0.0030456277503243534,0,0,1.0768253968253968e-06,8.119072214077393e-06
0,4.7115,5,0.6538000000000004,STEADY FLOW,1.0,0.3,0.30000062388964377,0.3009432620165988,0.001200002495558575,0.0012037730480663953,47.73773608375854,0.45110251968053294,0.011123165082099906,0.0,1.5650339817201757,1.5612078649847778,435.20723504658633,-0.003142120555395264,0.11719987252635336,0.0030456277502239892,0,0,1.0768253968253968e-06,8.119072214077393e-06
0,4.7175,5,0.6610000000000005,STEADY FLOW,1.0,0.3,0.30000062388963805,0.3009432620127181,0.0012000024955585522,0.0012037730480508723,47.73773609398333,0.4511025196761806,0.011123165081944221,0.0,1.5650339817201842,1.561207864964097,435.2072350373667,-0.0031421205424787203,0.11719987252522256,0.003045627750874802,0,0,1.0768253968253968e-06,8.119072214077393e-06
0,4.7235000000000005,5,0.6682000000000006,STEADY FLOW,1.0,0.3,0.3000006238896356,0.30094326201124477,0.0012000024955585425,0.001203773048044979,47.737736111964516,0.45110251967426823,0.011123165082162875,0.0,1.5650339817201766,1.5612078649768188,435.20723504051415,-0.003142120537575863,0.11719987252472572,0.0030456277520212183,0,0,1.0768253968253968e-06,8.119072214077393e-06
0,4.7295,5,0.6753999999999998,STEADY FLOW,1.0,0.3,0.30000062388963633,0.300943262012534,0.0012000024955585453,0.0012037730480501361,47.73773613173377,0.4511025196752936,0.011123165082666652,0.0,1.5650339817201673,1.561207865017489,435.2072350543554,-0.0031421205418709296,0.11719987252499212,0.0030456277532819875,0,0,1.0768253968253968e-06,8.119072214077393e-06
0,4.7355,5,0.6825999999999999,STEADY FLOW,1.0,0.3,0.3000006238896403,0.30094326201603877,0.0012000024955585613,0.001203773048064155,47.73773614676016,0.45110251967878273,0.011123165083278963,0.0,1.5650339817201828,1.5612078650717103,435.20723507393905,-0.0031421205535400475,0.11719987252589863,0.003045627754239888,0,0,1.0768253968253968e-06,8.119072214077393e-06
0,4.7415,5,0.6898000000000009,STEADY FLOW,1.0,0.3,0.3000006238896459,0.30094326202053034,0.0012000024955585835,0.0012037730480821214,47.73773615239177,0.45110251968350534,0.011123165083802154,0.0,1.5650339817201842,1.5612078651213062,435.20723509272324,-0.0031421205684931818,0.1171998725271256,0.0030456277546000443,0,0,1.0768253968253968e-06,8.119072214077393e-06
0,4.7475000000000005,5,0.697000000000001,STEADY FLOW,1.0,0.3,0.30000062388965143,0.3009432620245245,0.0012000024955586058,0.001203773048098098,47.737736147207414,0.45110251968789233,0.011123165084071834,0.0,1.56503398172018,1.5612078651504562,435.2072351046982,-0.0031421205817885353,0.11719987252826536,0.003045627754270086,0,0,1.0768253968253968e-06,8.119072214077393e-06
0,4.7535,5,0.7042000000000002,STEADY FLOW,1.0,0.3,0.300000623889655,0.3009432620267384,0.0012000024955586199,0.0012037730481069535,47.73773613348932,0.45110251969051957,0.011123165084003905,0.0,1.56503398172017,1.561207865150759,435.20723510622264,-0.0031421205891562186,0.11719987252894797,0.0030456277533956744,0,0,1.0768253968253968e-06,8.119072214077393e-06
0,4.7595,5,0.7114000000000003,STEADY FLOW,1.0,0.3,0.3000006238896555,0.3009432620265383,0.001200002495558622,0.0012037730481061534,47.737736115962804,0.45110251969062376,0.01112316508364312,0.0,1.5650339817201706,1.561207865123473,435.2072350972955,-0.003142120588487712,0.11719987252897501,0.003045627752278346,0,0,1.0768253968253968e-06,8.119072214077393e-06
0,4.7655,5,0.7186000000000003,STEADY FLOW,1.0,0.3,0.3000006238896531,0.3009432620241178,0.0012000024955586123,0.0012037730480964712,47.7377361004334,0.451102519688303,0.011123165083122331,0.0,1.5650339817201842,1.561207865078534,435.20723508146216,-0.003142120580427239,0.11719987252837209,0.003045627751288027,0,0,1.0768253968253968e-06,8.119072214077393e-06
0,4.7715000000000005,5,0.7258000000000013,STEADY FLOW,1.0,0.3,0.3000006238896482,0.30094326202034316,0.0012000024955585928,0.0012037730480813726,47.737736091886575,0.4511025196844104,0.011123165082613557,0.0,1.5650339817201817,1.5612078650312073,435.20723506393807,-0.003142120567861516,0.11719987252736074,0.0030456277507424634,0,0,1.0768253968253968e-06,8.119072214077393e-06
0,4.7775,5,0.7330000000000005,STEADY FLOW,1.0,0.3,0.3000006238896431,0.30094326201649546,0.0012000024955585724,0.001203773048065982,47.73773609280536,0.45110251968026427,0.011123165082278313,0.0,1.5650339817201668,1.561207864997134,435.20723505047937,-0.003142120555052879,0.11719987252628356,0.003045627750800639,0,0,1.0768253968253968e-06,8.119072214077393e-06
0,4.7835,5,0.7402000000000006,STEADY FLOW,1.0,0.3,0.3000006238896393,0.3009432620137975,0.0012000024955585572,0.00120377304805519,47.737736102288046,0.45110251967720383,0.011123165082214451,0.0,1.5650339817201708,1.561207864986476,435.2072350452034,-0.0031421205460725656,0.11719987252548841,0.0030456277514041563,0,0,1.0768253968253968e-06,8.119072214077393e-06
0,4.7895,5,0.7474000000000007,STEADY FLOW,1.0,0.3,0.3000006238896376,0.3009432620131231,0.0012000024955585505,0.0012037730480524925,47.73773611700177,0.45110251967621323,0.011123165082450622,0.0,1.5650339817201793,1.5612078650015655,435.2072350497098,-0.0031421205438302334,0.11719987252523105,0.0030456277523422948,0,0,1.0768253968253968e-06,8.119072214077393e-06
0,4.7955000000000005,5,0.7546000000000008,STEADY FLOW,1.0,0.3,0.30000062388963916,0.30094326201455085,0.0012000024955585566,0.0012037730480582035,47.73773613199741,0.4511025196774743,0.011123165082870012,0.0,1.5650339817201795,1.5612078650364893,435.2072350617721,-0.0031421205485841824,0.11719987252555868,0.003045627753299307,0,0,1.0768253968253968e-06,8.119072214077393e-06
0,4.8015,5,0.7617999999999991,STEADY FLOW,1.0,0.3,0.3000006238896424,0.3009432620175224,0.0012000024955585696,0.0012037730480700898,47.737736142464875,0.4511025196804755,0.011123165083343203,0.0,1.5650339817201775,1.5612078650792651,435.20723507727064,-0.0031421205584785837,0.11719987252633841,0.003045627753966551,0,0,1.0768253968253968e-06,8.119072214077393e-06
0,4.8075,5,0.7690000000000001,STEADY FLOW,1.0,0.3,0.3000006238896472,0.3009432620210295,0.0012000024955585889,0.001203773048084118,47.73773614488774,0.45110251968419973,0.011123165083718014,0.0,1.5650339817201766,1.5612078651152903,435.20723509112514,-0.0031421205701525775,0.11719987252730601,0.0030456277541219823,0,0,1.0768253968253968e-06,8.119072214077393e-06
0,4.8135,5,0.7762000000000002,STEADY FLOW,1.0,0.3,0.3000006238896509,0.3009432620239379,0.0012000024955586036,0.0012037730480957516,47.73773613930117,0.4511025196874225,0.011123165083873421,0.0,1.5650339817201713,1.56120786513343,435.2072350990227,-0.0031421205798349964,0.11719987252814333,0.0030456277537658227,0,0,1.0768253968253968e-06,8.119072214077393e-06
0,4.819500000000001,5,0.7834000000000003,STEADY FLOW,1.0,0.3,0.3000006238896534,0.30094326202528315,0.0012000024955586136,0.0012037730481011327,47.73773612769566,0.4511025196890778,0.011123165083764736,0.0,1.565033981720181,1.5612078651288712,435.2072350983139,-0.0031421205843109364,0.11719987252857335,0.003045627753026414,0,0,1.0768253968253968e-06,8.119072214077393e-06
0,4.8255,5,0.7905999999999995,STEADY FLOW,1.0,0.3,0.30000062388965326,0.3009432620247056,0.0012000024955586132,0.0012037730480988224,47.73773611400289,0.45110251968870435,0.011123165083450702,0.0,1.5650339817201708,1.561207865103933,435.20723508982263,-0.0031421205823861107,0.11719987252847636,0.003045627752153335,0,0,1.0768253968253968e-06,8.119072214077393e-06
0,4.8315,5,0.7977999999999996,STEADY FLOW,1.0,0.3,0.30000062388965093,0.3009432620225524,0.0012000024955586038,0.0012037730480902095,47.7377361026815,0.4511025196866028,0.011123165083037486,0.0,1.5650339817201735,1.5612078650673789,435.207235076935,-0.0031421205752164777,0.11719987252793033,0.0030456277514308017,0,0,1.0768253968253968e-06,8.119072214077393e-06
0,4.8375,5,0.8050000000000006,STEADY FLOW,1.0,0.3,0.3000006238896468,0.3009432620195211,0.0012000024955585874,0.0012037730480780845,47.737736097632705,0.45110251968344117,0.01112316508265881,0.0,1.5650339817201708,1.561207865031762,435.2072350636181,-0.0031421205651259465,0.11719987252710894,0.003045627751108393,0,0,1.0768253968253968e-06,8.119072214077393e-06
0,4.8435,5,0.8121999999999998,STEADY FLOW,1.0,0.3,0.30000062388964327,0.3009432620166307,0.001200002495558573,0.0012037730480665228,47.73773609992165,0.4511025196803094,0.011123165082429222,0.0,1.5650339817201757,1.5612078650088752,435.20723505418863,-0.0031421205555031825,0.11719987252629528,0.0030456277512544982,0,0,1.0768253968253968e-06,8.119072214077393e-06
0,4.8495,5,0.8193999999999999,STEADY FLOW,1.0,0.3,0.30000062388964055,0.3009432620148144,0.0012000024955585622,0.0012037730480592577,47.737736108378094,0.4511025196781957,0.011123165082432806,0.0,1.565033981720166,1.5612078650048589,435.2072350516688,-0.003142120549457985,0.11719987252574611,0.0030456277517931785,0,0,1.0768253968253968e-06,8.119072214077393e-06
0,4.8555,5,0.8266,STEADY FLOW,1.0,0.3,0.30000062388963966,0.3009432620147023,0.0012000024955585587,0.001203773048058809,47.73773612020031,0.4511025196778548,0.011123165082658374,0.0,1.5650339817201713,1.5612078650203909,435.2072350569057,-0.0031421205490871807,0.11719987252565754,0.003045627752546798,0,0,1.0768253968253968e-06,8.119072214077393e-06
0,4.8615,5,0.8338000000000001,STEADY FLOW,1.0,0.3,0.300000623889641,0.30094326201609584,0.001200002495558564,0.0012037730480643834,47.73773613148872,0.4511025196791434,0.011123165082999214,0.0,1.5650339817201717,1.5612078650497907,435.20723506699676,-0.0031421205537278895,0.11719987252599233,0.0030456277532666665,0,0,1.0768253968253968e-06,8.119072214077393e-06
0,4.8675,5,0.8409999999999993,STEADY FLOW,1.0,0.3,0.30000062388964427,0.30094326201856386,0.0012000024955585772,0.0012037730480742555,47.737736138452995,0.45110251968166953,0.011123165083358942,0.0,1.5650339817201784,1.561207865083071,435.20723507907746,-0.003142120561943785,0.11719987252664864,0.0030456277537111998,0,0,1.0768253968253968e-06,8.119072214077393e-06
0,4.8735,5,0.8482000000000003,STEADY FLOW,1.0,0.3,0.30000062388964754,0.300943262021269,0.0012000024955585902,0.0012037730480850758,47.73773613879747,0.45110251968455073,0.011123165083625212,0.0,1.5650339817201828,1.5612078651084311,435.2072350891262,-0.003142120570949713,0.11719987252739719,0.0030456277537338483,0,0,1.0768253968253968e-06,8.119072214077393e-06
0,4.8795,5,0.8554000000000004,STEADY FLOW,1.0,0.3,0.3000006238896503,0.30094326202335386,0.0012000024955586012,0.0012037730480934155,47.737736133351866,0.45110251968689274,0.011123165083711011,0.0,1.5650339817201817,1.5612078651188883,435.2072350940627,-0.0031421205778900435,0.11719987252800566,0.0030456277533865705,0,0,1.0768253968253968e-06,8.119072214077393e-06
0,4.8855,5,0.8626000000000005,STEADY FLOW,1.0,0.3,0.3000006238896519,0.3009432620240412,0.0012000024955586075,0.0012037730480961649,47.73773612370251,0.4511025196878181,0.011123165083578846,0.0,1.565033981720175,1.5612078651117105,435.2072350918645,-0.003142120580176194,0.11719987252824608,0.003045627752771729,0,0,1.0768253968253968e-06,8.119072214077393e-06
0,4.8915,5,0.8697999999999997,STEADY FLOW,1.0,0.3,0.30000062388965143,0.3009432620233009,0.0012000024955586058,0.0012037730480932037,47.73773611312924,0.4511025196872135,0.011123165083309473,0.0,1.5650339817201797,1.5612078650897059,435.20723508436754,-0.0031421205777100282,0.117199872528089,0.0030456277520973796,0,0,1.0768253968253968e-06,8.119072214077393e-06
0,4.8975,5,0.8769999999999998,STEADY FLOW,1.0,0.3,0.30000062388964904,0.3009432620214308,0.0012000024955585963,0.0012037730480857231,47.73773610506381,0.4511025196853419,0.011123165082984698,0.0,1.5650339817201686,1.5612078650603727,435.207235074033,-0.003142120571484083,0.11719987252760274,0.00304562775158268,0,0,1.0768253968253968e-06,8.119072214077393e-06
0,4.9035,5,0.8842000000000008,STEADY FLOW,1.0,0.3,0.3000006238896462,0.30094326201902744,0.001200002495558585,0.0012037730480761097,47.73773610255523,0.4511025196828037,0.011123165082707356,0.0,1.5650339817201673,1.561207865034317,435.20723506407387,-0.00314212056348253,0.11719987252694332,0.003045627751422808,0,0,1.0768253968253968e-06,8.119072214077393e-06
0,4.9095,5,0.8914000000000009,STEADY FLOW,1.0,0.3,0.30000062388964344,0.30094326201688176,0.0012000024955585737,0.0012037730480675272,47.737736105423885,0.4511025196804518,0.011123165082563153,0.0,1.56503398172017,1.5612078650194645,435.2072350576516,-0.0031421205563395478,0.11719987252633228,0.0030456277516048846,0,0,1.0768253968253968e-06,8.119072214077393e-06
0,4.9155,5,0.8986000000000001,STEADY FLOW,1.0,0.3,0.30000062388964144,0.30094326201575067,0.0012000024955585657,0.0012037730480630028,47.737736112751925,0.45110251967910564,0.011123165082608407,0.0,1.565033981720176,1.5612078650196675,435.20723505716865,-0.0031421205525757716,0.11719987252598255,0.0030456277520722885,0,0,1.0768253968253968e-06,8.119072214077393e-06
0,4.9215,5,0.9058000000000002,STEADY FLOW,1.0,0.3,0.3000006238896412,0.30094326201594,0.0012000024955585648,0.00120377304806376,47.73773612213261,0.45110251967913784,0.011123165082805548,0.0,1.5650339817201733,1.5612078650345356,435.2072350622381,-0.00314212055320786,0.11719987252599089,0.0030456277526700326,0,0,1.0768253968253968e-06,8.119072214077393e-06
0,4.9275,5,0.9130000000000003,STEADY FLOW,1.0,0.3,0.3000006238896424,0.30094326201723665,0.0012000024955585696,0.0012037730480689466,47.73773613050125,0.4511025196803803,0.011123165083081466,0.0,1.5650339817201744,1.5612078650589,435.20723507057943,-0.003142120557525866,0.11719987252631367,0.003045627753204272,0,0,1.0768253968253968e-06,8.119072214077393e-06
0,4.9335,5,0.9202000000000004,STEADY FLOW,1.0,0.3,0.3000006238896452,0.30094326201925126,0.0012000024955585809,0.001203773048077005,47.73773613472621,0.45110251968247506,0.011123165083348034,0.0,1.5650339817201806,1.5612078650841008,435.20723507987145,-0.003142120564232014,0.11719987252685794,0.003045627753473168,0,0,1.0768253968253968e-06,8.119072214077393e-06
0,4.9395,5,0.9274000000000004,STEADY FLOW,1.0,0.3,0.3000006238896479,0.3009432620213196,0.0012000024955585915,0.0012037730480852784,47.737736133989145,0.4511025196847082,0.011123165083531686,0.0,1.5650339817201757,1.5612078651015846,435.2072350870658,-0.0031421205711174268,0.1171998725274381,0.0030456277534267606,0,0,1.0768253968253968e-06,8.119072214077393e-06
0,4.9455,5,0.9346000000000005,STEADY FLOW,1.0,0.3,0.3000006238896499,0.30094326202274946,0.0012000024955585995,0.0012037730480909978,47.73773612892867,0.4511025196863317,0.011123165083553765,0.0,1.5650339817201768,1.561207865106856,435.207235089764,-0.003142120575876848,0.11719987252785993,0.003045627753104352,0,0,1.0768253968253968e-06,8.119072214077393e-06
0,4.9515,5,0.9418000000000006,STEADY FLOW,1.0,0.3,0.30000062388965043,0.3009432620230234,0.0012000024955586017,0.0012037730480920937,47.73773612105412,0.4511025196867655,0.011123165083424785,0.0,1.5650339817201664,1.5612078650984917,435.20723508693146,-0.0031421205767882595,0.11719987252797262,0.003045627752602309,0,0,1.0768253968253968e-06,8.119072214077393e-06
0,4.9575000000000005,5,0.9490000000000007,STEADY FLOW,1.0,0.3,0.30000062388965004,0.3009432620222353,0.0012000024955586002,0.0012037730480889412,47.73773611298031,0.451102519686061,0.011123165083199072,0.0,1.5650339817201757,1.5612078650795262,435.2072350805141,-0.0031421205741625174,0.11719987252778957,0.0030456277520878317,0,0,1.0768253968253968e-06,8.119072214077393e-06
0,4.9635,5,0.956199999999999,STEADY FLOW,1.0,0.3,0.30000062388964766,0.30094326202064586,0.0012000024955585906,0.0012037730480825835,47.737736107552976,0.4511025196844608,0.011123165082952123,0.0,1.5650339817201726,1.5612078650565255,435.20723507231486,-0.0031421205688722665,0.11719987252737382,0.00304562775174122,0,0,1.0768253968253968e-06,8.119072214077393e-06
0,4.9695,5,0.9633999999999991,STEADY FLOW,1.0,0.3,0.30000062388964543,0.3009432620187659,0.0012000024955585817,0.0012037730480750637,47.73773610656485,0.4511025196824574,0.011123165082753881,0.0,1.5650339817201737,1.5612078650378514,435.2072350649345,-0.0031421205626133092,0.11719987252685334,0.0030456277516783814,0,0,1.0768253968253968e-06,8.119072214077393e-06
0,4.9755,5,0.9706000000000001,STEADY FLOW,1.0,0.3,0.3000006238896433,0.3009432620172176,0.0012000024955585733,0.0012037730480688705,47.737736109590685,0.4511025196807392,0.011123165082668342,0.0,1.5650339817201815,1.561207865028665,435.2072350607444,-0.003142120557459391,0.11719987252640694,0.003045627751870894,0,0,1.0768253968253968e-06,8.119072214077393e-06
0,4.9815000000000005,5,0.9778000000000002,STEADY FLOW,1.0,0.3,0.3000006238896422,0.3009432620165746,0.001200002495558569,0.0012037730480662986,47.737736115813604,0.45110251967994053,0.011123165082739634,0.0,1.5650339817201828,1.5612078650313779,435.2072350615029,-0.0031421205553197854,0.11719987252619946,0.0030456277522670216,0,0,1.0768253968253968e-06,8.119072214077393e-06
0,4.9875,5,0.9849999999999994,STEADY FLOW,1.0,0.3,0.3000006238896422,0.3009432620169232,0.001200002495558569,0.0012037730480676926,47.73773612316788,0.4511025196801792,0.011123165082916033,0.0,1.5650339817201677,1.5612078650449488,435.2072350661405,-0.0031421205564816685,0.11719987252626145,0.003045627752736646,0,0,1.0768253968253968e-06,8.119072214077393e-06
0,4.9935,5,0.9921999999999995,STEADY FLOW,1.0,0.3,0.30000062388964377,0.3009432620180745,0.001200002495558575,0.0012037730480722979,47.73773612918813,0.451102519681309,0.011123165083129235,0.0,1.5650339817201688,1.5612078650647205,435.2072350729122,-0.003142120560314134,0.11719987252655496,0.003045627753120117,0,0,1.0768253968253968e-06,8.119072214077393e-06
0,4.9995,5,0.9993999999999996,STEADY FLOW,1.0,0.3,0.30000062388964566,0.3009432620196864,0.0012000024955585826,0.0012037730480787456,47.73773613157508,0.4511025196829988,0.011123165083331379,0.0,1.5650339817201842,1.561207865083402,435.2072350799765,-0.0031421205656809214,0.117199872526994,0.0030456277532731058,0,0,1.0768253968253968e-06,8.119072214077393e-06
